[{"dimensionPositionId": 1, "dimensionNameEn": "Geography", "dimensionNameFr": "G\u00e9ographie", "hasUom": false, "member": [{"memberId": 1, "parentMemberId": null, "memberNameEn": "Canada", "memberNameFr": "Canada", "classificationCode": null, "classificationTypeCode": null, "geoLevel": null, "vintage": null, "terminated": 0, "memberUomCode": null}]}, {"dimensionPositionId": 2, "dimensionNameEn": "Type of currency", "dimensionNameFr": "Genre de monnaie", "hasUom": true, "member": [{"memberId": 1, "parentMemberId": null, "memberNameEn": "United States dollar, noon spot rate, average", "memberNameFr": "Dollar des \u00c9tats-Unis, cours au comptant \u00e0 midi, moyenne", "classificationCode": null, "classificationTypeCode": null, "geoLevel": null, "vintage": null, "terminated": 0, "memberUomCode": 81}, {"memberId": 22, "parentMemberId": null, "memberNameEn": "United States dollar, 90-day forward noon rate", "memberNameFr": "Dollar des \u00c9tats-Unis, cours \u00e0 midi \u00e0 90 jours", "classificationCode": null, "classificationTypeCode": null, "geoLevel": null, "vintage": null, "terminated": 0, "memberUomCode": 81}, {"memberId": 2, "parentMemberId": null, "memberNameEn": "Belgian franc, noon spot rate, average", "memberNameFr": "Franc belge, cours au comptant \u00e0 midi, moyenne", "classificationCode": null, "classificationTypeCode": null, "geoLevel": null, "vintage": null, "terminated": 1, "memberUomCode": 81}, {"memberId": 3, "parentMemberId": null, "memberNameEn": "Danish krone, noon spot rate, average", "memberNameFr": "Couronne danoise, cours au comptant \u00e0 midi, moyenne", "classificationCode": null, "classificationTypeCode": null, "geoLevel": null, "vintage": null, "terminated": 0, "memberUomCode": 81}, {"memberId": 4, "parentMemberId": null, "memberNameEn": "French franc, noon spot rate, average", "memberNameFr": "Franc fran\u00e7ais, cours au comptant \u00e0 midi, moyenne", "classificationCode": null, "classificationTypeCode": null, "geoLevel": null, "vintage": null, "terminated": 1, "memberUomCode": 81}, {"memberId": 5, "parentMemberId": null, "memberNameEn": "German mark, noon spot rate, average", "memberNameFr": "Mark allemand, cours au comptant \u00e0 midi, moyenne", "classificationCode": null, "classificationTypeCode": null, "geoLevel": null, "vintage": null, "terminated": 1, "memberUomCode": 81}, {"memberId": 6, "parentMemberId": null, "memberNameEn": "Italian lira, noon spot rate, average", "memberNameFr": "Lire italienne, cours au comptant \u00e0 midi, moyenne", "classificationCode": null, "classificationTypeCode": null, "geoLevel": null, "vintage": null, "terminated": 1, "memberUomCode": 81}, {"memberId": 7, "parentMemberId": null, "memberNameEn": "Japanese yen, noon spot rate, average", "memberNameFr": "Yen japonais, cours au comptant \u00e0 midi, moyenne", "classificationCode": null, "classificationTypeCode": null, "geoLevel": null, "vintage": null, "terminated": 0, "memberUomCode": 81}, {"memberId": 8, "parentMemberId": null, "memberNameEn": "Dutch guilder, noon spot rate, average", "memberNameFr": "Florin n\u00e9erlandais, cours au comptant \u00e0 midi, moyenne", "classificationCode": null, "classificationTypeCode": null, "geoLevel": null, "vintage": null, "terminated": 1, "memberUomCode": 81}, {"memberId": 9, "parentMemberId": null, "memberNameEn": "Norwegian krone, noon spot rate, average", "memberNameFr": "Couronne norv\u00e9gienne, cours au comptant \u00e0 midi, moyenne", "classificationCode": null, "classificationTypeCode": null, "geoLevel": null, "vintage": null, "terminated": 0, "memberUomCode": 81}, {"memberId": 10, "parentMemberId": null, "memberNameEn": "Swedish krona, noon spot rate, average", "memberNameFr": "Couronne su\u00e9doise, cours au comptant \u00e0 midi, moyenne", "classificationCode": null, "classificationTypeCode": null, "geoLevel": null, "vintage": null, "terminated": 0, "memberUomCode": 81}, {"memberId": 11, "parentMemberId": null, "memberNameEn": "Swiss franc, noon spot rate, average", "memberNameFr": "Franc suisse, cours au comptant \u00e0 midi, moyenne", "classificationCode": null, "classificationTypeCode": null, "geoLevel": null, "vintage": null, "terminated": 0, "memberUomCode": 81}, {"memberId": 12, "parentMemberId": null, "memberNameEn": "United Kingdom pound sterling, noon spot rate, average", "memberNameFr": "Livre sterling du Royaume-Uni, cours au comptant \u00e0 midi, moyenne", "classificationCode": null, "classificationTypeCode": null, "geoLevel": null, "vintage": null, "terminated": 0, "memberUomCode": 81}, {"memberId": 23, "parentMemberId": null, "memberNameEn": "United Kingdom pound sterling, 90-day forward noon rate", "memberNameFr": "Livre sterling du Royaume-Uni, cours \u00e0 midi \u00e0 90 jours", "classificationCode": null, "classificationTypeCode": null, "geoLevel": null, "vintage": null, "terminated": 0, "memberUomCode": 81}, {"memberId": 24, "parentMemberId": null, "memberNameEn": "United States dollar, closing spot rate", "memberNameFr": "Dollar des \u00c9tats-Unis, cours de cl\u00f4ture au comptant", "classificationCode": null, "classificationTypeCode": null, "geoLevel": null, "vintage": null, "terminated": 0, "memberUomCode": 81}, {"memberId": 25, "parentMemberId": null, "memberNameEn": "United States dollar, highest spot rate", "memberNameFr": "Dollar des \u00c9tats-Unis, cours le plus \u00e9lev\u00e9 au comptant", "classificationCode": null, "classificationTypeCode": null, "geoLevel": null, "vintage": null, "terminated": 0, "memberUomCode": 81}, {"memberId": 26, "parentMemberId": null, "memberNameEn": "United States dollar, lowest spot rate", "memberNameFr": "Dollar des \u00c9tats-Unis, cours le plus bas au comptant", "classificationCode": null, "classificationTypeCode": null, "geoLevel": null, "vintage": null, "terminated": 0, "memberUomCode": 81}, {"memberId": 27, "parentMemberId": null, "memberNameEn": "United States dollar, 90-day forward closing rate", "memberNameFr": "Dollar des \u00c9tats-Unis, cours de cl\u00f4ture \u00e0 90 jours", "classificationCode": null, "classificationTypeCode": null, "geoLevel": null, "vintage": null, "terminated": 0, "memberUomCode": 81}, {"memberId": 28, "parentMemberId": null, "memberNameEn": "Canadian dollar index against G-10 currencies (1981=100)", "memberNameFr": "Dollar canadien indice cours vis-\u00e0-vis monnaies G-10 (1981=100)", "classificationCode": null, "classificationTypeCode": null, "geoLevel": null, "vintage": null, "terminated": 1, "memberUomCode": 81}, {"memberId": 29, "parentMemberId": null, "memberNameEn": "United States dollar, 30-day forward closing rate", "memberNameFr": "Dollar des \u00c9tats-Unis, cours de cl\u00f4ture \u00e0 30 jours", "classificationCode": null, "classificationTypeCode": null, "geoLevel": null, "vintage": null, "terminated": 0, "memberUomCode": 81}, {"memberId": 30, "parentMemberId": null, "memberNameEn": "United States dollar, 60-day forward closing rate", "memberNameFr": "Dollar des \u00c9tats-Unis, cours de cl\u00f4ture \u00e0 60 jours", "classificationCode": null, "classificationTypeCode": null, "geoLevel": null, "vintage": null, "terminated": 0, "memberUomCode": 81}, {"memberId": 31, "parentMemberId": null, "memberNameEn": "United States dollar, 180-day forward closing rate", "memberNameFr": "Dollar des \u00c9tats-Unis, cours de cl\u00f4ture \u00e0 180 jours", "classificationCode": null, "classificationTypeCode": null, "geoLevel": null, "vintage": null, "terminated": 0, "memberUomCode": 81}, {"memberId": 32, "parentMemberId": null, "memberNameEn": "United States dollar, 1-year forward closing rate", "memberNameFr": "Dollar des \u00c9tats-Unis, cours de cl\u00f4ture \u00e0 1 an", "classificationCode": null, "classificationTypeCode": null, "geoLevel": null, "vintage": null, "terminated": 0, "memberUomCode": 81}, {"memberId": 13, "parentMemberId": null, "memberNameEn": "Irish pound, noon spot rate, average", "memberNameFr": "Livre sterling irlandais, cours au comptant \u00e0 midi, moyenne", "classificationCode": null, "classificationTypeCode": null, "geoLevel": null, "vintage": null, "terminated": 1, "memberUomCode": 81}, {"memberId": 14, "parentMemberId": null, "memberNameEn": "Austrian schilling, noon spot rate, average", "memberNameFr": "Schilling autrichien, cours au comptant \u00e0 midi, moyenne", "classificationCode": null, "classificationTypeCode": null, "geoLevel": null, "vintage": null, "terminated": 1, "memberUomCode": 81}, {"memberId": 15, "parentMemberId": null, "memberNameEn": "Australian dollar, noon spot rate, average", "memberNameFr": "Dollar australien, cours au comptant \u00e0 midi, moyenne", "classificationCode": null, "classificationTypeCode": null, "geoLevel": null, "vintage": null, "terminated": 0, "memberUomCode": 81}, {"memberId": 16, "parentMemberId": null, "memberNameEn": "Finnish markka, noon spot rate,  average", "memberNameFr": "Markka finlandais, cours au comptant \u00e0 midi, moyenne", "classificationCode": null, "classificationTypeCode": null, "geoLevel": null, "vintage": null, "terminated": 1, "memberUomCode": 81}, {"memberId": 17, "parentMemberId": null, "memberNameEn": "Spanish peseta, noon spot rate, average", "memberNameFr": "Peseta espagnol, cours au comptant \u00e0 midi, moyenne", "classificationCode": null, "classificationTypeCode": null, "geoLevel": null, "vintage": null, "terminated": 1, "memberUomCode": 81}, {"memberId": 18, "parentMemberId": null, "memberNameEn": "Hong Kong dollar, noon spot rate, average", "memberNameFr": "Dollar de Hong Kong, cours au comptant \u00e0 midi, moyenne", "classificationCode": null, "classificationTypeCode": null, "geoLevel": null, "vintage": null, "terminated": 0, "memberUomCode": 81}, {"memberId": 19, "parentMemberId": null, "memberNameEn": "New Zealand dollar, noon spot rate, average", "memberNameFr": "Dollar de la Nouvelle Z\u00e9lande, cours au comptant \u00e0 midi, moyenne", "classificationCode": null, "classificationTypeCode": null, "geoLevel": null, "vintage": null, "terminated": 0, "memberUomCode": 81}, {"memberId": 20, "parentMemberId": null, "memberNameEn": "Mexican pesos, noon spot rate, average", "memberNameFr": "Peso mexicain, cours au comptant \u00e0 midi, moyenne", "classificationCode": null, "classificationTypeCode": null, "geoLevel": null, "vintage": null, "terminated": 0, "memberUomCode": 81}, {"memberId": 21, "parentMemberId": null, "memberNameEn": "Canadian dollar index against C-6 currencies (1992=100)", "memberNameFr": "Dollar canadien indice cours vis-\u00e0-vis monnaies C-6 (1992=100)", "classificationCode": null, "classificationTypeCode": null, "geoLevel": null, "vintage": null, "terminated": 0, "memberUomCode": 81}, {"memberId": 33, "parentMemberId": null, "memberNameEn": "European euro, noon spot rate, average", "memberNameFr": "Euro europ\u00e9ene, cours au comptant \u00e0 midi, moyenne", "classificationCode": null, "classificationTypeCode": null, "geoLevel": null, "vintage": null, "terminated": 0, "memberUomCode": 81}, {"memberId": 34, "parentMemberId": null, "memberNameEn": "Australian dollar, closing spot rate for the last day of the month", "memberNameFr": "Dollar australien, cours de cl\u00f4ture au comptant le dernier jour du mois", "classificationCode": null, "classificationTypeCode": null, "geoLevel": null, "vintage": null, "terminated": 0, "memberUomCode": 81}, {"memberId": 35, "parentMemberId": null, "memberNameEn": "Danish krone, closing spot rate for the last day of the month", "memberNameFr": "Couronne danoise, cours de cl\u00f4ture au comptant le dernier jour du mois", "classificationCode": null, "classificationTypeCode": null, "geoLevel": null, "vintage": null, "terminated": 0, "memberUomCode": 81}, {"memberId": 36, "parentMemberId": null, "memberNameEn": "European euro, closing spot rate for the last day of the month", "memberNameFr": "Euro europ\u00e9ene, cours de cl\u00f4ture au comptant le dernier jour du mois", "classificationCode": null, "classificationTypeCode": null, "geoLevel": null, "vintage": null, "terminated": 0, "memberUomCode": 81}, {"memberId": 37, "parentMemberId": null, "memberNameEn": "Hong Kong dollar, closing spot rate for the last day of the month", "memberNameFr": "Dollar de Hong Kong, cours de cl\u00f4ture au comptant le dernier jour du mois", "classificationCode": null, "classificationTypeCode": null, "geoLevel": null, "vintage": null, "terminated": 0, "memberUomCode": 81}, {"memberId": 38, "parentMemberId": null, "memberNameEn": "Japanese yen, closing spot rate for the last day of the month", "memberNameFr": "Yen japonais, cours de cl\u00f4ture au comptant le dernier jour du mois", "classificationCode": null, "classificationTypeCode": null, "geoLevel": null, "vintage": null, "terminated": 0, "memberUomCode": 81}, {"memberId": 39, "parentMemberId": null, "memberNameEn": "Mexican peso, closing spot rate for the last day of the month", "memberNameFr": "Peso mexicain, cours de cl\u00f4ture au comptant le dernier jour du mois", "classificationCode": null, "classificationTypeCode": null, "geoLevel": null, "vintage": null, "terminated": 0, "memberUomCode": 81}, {"memberId": 40, "parentMemberId": null, "memberNameEn": "New Zealand dollar, closing spot rate for the last day of the month", "memberNameFr": "Dollar de la Nouvelle Z\u00e9lande, cours de cl\u00f4ture au comptant le dernier jour du mois", "classificationCode": null, "classificationTypeCode": null, "geoLevel": null, "vintage": null, "terminated": 0, "memberUomCode": 81}, {"memberId": 41, "parentMemberId": null, "memberNameEn": "Norwegian krone, closing spot rate for the last day of the month", "memberNameFr": "Couronne norv\u00e9gienne, cours de cl\u00f4ture au comptant le dernier jour du mois", "classificationCode": null, "classificationTypeCode": null, "geoLevel": null, "vintage": null, "terminated": 0, "memberUomCode": 81}, {"memberId": 42, "parentMemberId": null, "memberNameEn": "Swedish krona, closing spot rate for the last day of the month", "memberNameFr": "Couronne su\u00e9doise, cours de cl\u00f4ture au comptant le dernier jour du mois", "classificationCode": null, "classificationTypeCode": null, "geoLevel": null, "vintage": null, "terminated": 0, "memberUomCode": 81}, {"memberId": 43, "parentMemberId": null, "memberNameEn": "Swiss franc, closing spot rate for the last day of the month", "memberNameFr": "Franc suisse, cours de cl\u00f4ture au comptant le dernier jour du mois", "classificationCode": null, "classificationTypeCode": null, "geoLevel": null, "vintage": null, "terminated": 0, "memberUomCode": 81}, {"memberId": 44, "parentMemberId": null, "memberNameEn": "United Kingdom pound sterling, closing spot rate for the last day of the month", "memberNameFr": "Livre sterling du Royaume-Uni, cours de cl\u00f4ture au comptant le dernier jour du mois", "classificationCode": null, "classificationTypeCode": null, "geoLevel": null, "vintage": null, "terminated": 0, "memberUomCode": 81}]}]