[{"dimensionPositionId": 1, "dimensionNameEn": "Geography", "dimensionNameFr": "G\u00e9ographie", "hasUom": false, "member": [{"memberId": 1, "parentMemberId": null, "memberNameEn": "Canada", "memberNameFr": "Canada", "classificationCode": "11124", "classificationTypeCode": "1", "geoLevel": 0, "vintage": 2016, "terminated": 0, "memberUomCode": null}, {"memberId": 2, "parentMemberId": 1, "memberNameEn": "Newfoundland and Labrador", "memberNameFr": "Terre-Neuve-et-Labrador", "classificationCode": "10", "classificationTypeCode": "1", "geoLevel": 2, "vintage": 2016, "terminated": 0, "memberUomCode": null}, {"memberId": 3, "parentMemberId": 1, "memberNameEn": "Prince Edward Island", "memberNameFr": "\u00cele-du-Prince-\u00c9douard", "classificationCode": "11", "classificationTypeCode": "1", "geoLevel": 2, "vintage": 2016, "terminated": 0, "memberUomCode": null}, {"memberId": 4, "parentMemberId": 1, "memberNameEn": "Nova Scotia", "memberNameFr": "Nouvelle-\u00c9cosse", "classificationCode": "12", "classificationTypeCode": "1", "geoLevel": 2, "vintage": 2016, "terminated": 0, "memberUomCode": null}, {"memberId": 5, "parentMemberId": 1, "memberNameEn": "New Brunswick", "memberNameFr": "Nouveau-Brunswick", "classificationCode": "13", "classificationTypeCode": "1", "geoLevel": 2, "vintage": 2016, "terminated": 0, "memberUomCode": null}, {"memberId": 6, "parentMemberId": 1, "memberNameEn": "Quebec", "memberNameFr": "Qu\u00e9bec", "classificationCode": "24", "classificationTypeCode": "1", "geoLevel": 2, "vintage": 2016, "terminated": 0, "memberUomCode": null}, {"memberId": 7, "parentMemberId": 1, "memberNameEn": "Ontario", "memberNameFr": "Ontario", "classificationCode": "35", "classificationTypeCode": "1", "geoLevel": 2, "vintage": 2016, "terminated": 0, "memberUomCode": null}, {"memberId": 8, "parentMemberId": 1, "memberNameEn": "Manitoba", "memberNameFr": "Manitoba", "classificationCode": "46", "classificationTypeCode": "1", "geoLevel": 2, "vintage": 2016, "terminated": 0, "memberUomCode": null}, {"memberId": 9, "parentMemberId": 1, "memberNameEn": "Saskatchewan", "memberNameFr": "Saskatchewan", "classificationCode": "47", "classificationTypeCode": "1", "geoLevel": 2, "vintage": 2016, "terminated": 0, "memberUomCode": null}, {"memberId": 10, "parentMemberId": 1, "memberNameEn": "Alberta", "memberNameFr": "Alberta", "classificationCode": "48", "classificationTypeCode": "1", "geoLevel": 2, "vintage": 2016, "terminated": 0, "memberUomCode": null}, {"memberId": 11, "parentMemberId": 1, "memberNameEn": "British Columbia", "memberNameFr": "Colombie-Britannique", "classificationCode": "59", "classificationTypeCode": "1", "geoLevel": 2, "vintage": 2016, "terminated": 0, "memberUomCode": null}, {"memberId": 12, "parentMemberId": 1, "memberNameEn": "Yukon", "memberNameFr": "Yukon", "classificationCode": "60", "classificationTypeCode": "1", "geoLevel": 2, "vintage": 2016, "terminated": 0, "memberUomCode": null}, {"memberId": 13, "parentMemberId": 1, "memberNameEn": "Northwest Territories", "memberNameFr": "Territoires du Nord-Ouest", "classificationCode": "61", "classificationTypeCode": "1", "geoLevel": 2, "vintage": 2016, "terminated": 0, "memberUomCode": null}, {"memberId": 14, "parentMemberId": 1, "memberNameEn": "Nunavut", "memberNameFr": "Nunavut", "classificationCode": "62", "classificationTypeCode": "1", "geoLevel": 2, "vintage": 2016, "terminated": 0, "memberUomCode": null}]}, {"dimensionPositionId": 2, "dimensionNameEn": "Public sector components", "dimensionNameFr": "Composantes du secteur public", "hasUom": false, "member": [{"memberId": 1, "parentMemberId": null, "memberNameEn": "Consolidated Canadian general government", "memberNameFr": "Administration publique g\u00e9n\u00e9rale canadienne consolid\u00e9e", "classificationCode": null, "classificationTypeCode": null, "geoLevel": null, "vintage": null, "terminated": 0, "memberUomCode": null}, {"memberId": 2, "parentMemberId": null, "memberNameEn": "Consolidated provincial-territorial and local governments", "memberNameFr": "Administrations publiques provinciales-territoriales et locales consolid\u00e9es", "classificationCode": null, "classificationTypeCode": null, "geoLevel": null, "vintage": null, "terminated": 0, "memberUomCode": null}]}, {"dimensionPositionId": 3, "dimensionNameEn": "Display value", "dimensionNameFr": "Affichage des valeurs", "hasUom": false, "member": [{"memberId": 1, "parentMemberId": null, "memberNameEn": "Stocks", "memberNameFr": "Encours", "classificationCode": null, "classificationTypeCode": null, "geoLevel": null, "vintage": null, "terminated": 0, "memberUomCode": null}, {"memberId": 2, "parentMemberId": null, "memberNameEn": "Transactions and other economic flows", "memberNameFr": "Op\u00e9rations et autres flux \u00e9conomiques", "classificationCode": null, "classificationTypeCode": null, "geoLevel": null, "vintage": null, "terminated": 0, "memberUomCode": null}]}, {"dimensionPositionId": 4, "dimensionNameEn": "Statement of operations and balance sheet", "dimensionNameFr": "Situation des op\u00e9rations et bilan", "hasUom": true, "member": [{"memberId": 1, "parentMemberId": null, "memberNameEn": "Gross operating balance", "memberNameFr": "Solde brut de gestion", "classificationCode": null, "classificationTypeCode": null, "geoLevel": null, "vintage": null, "terminated": 0, "memberUomCode": 81}, {"memberId": 2, "parentMemberId": null, "memberNameEn": "Net operating balance", "memberNameFr": "Solde net de gestion", "classificationCode": null, "classificationTypeCode": null, "geoLevel": null, "vintage": null, "terminated": 0, "memberUomCode": 81}, {"memberId": 3, "parentMemberId": 2, "memberNameEn": "Revenue", "memberNameFr": "Recettes", "classificationCode": "1", "classificationTypeCode": "7", "geoLevel": null, "vintage": null, "terminated": 0, "memberUomCode": 81}, {"memberId": 4, "parentMemberId": 3, "memberNameEn": "Taxes", "memberNameFr": "Recettes fiscales", "classificationCode": "11", "classificationTypeCode": "7", "geoLevel": null, "vintage": null, "terminated": 0, "memberUomCode": 81}, {"memberId": 5, "parentMemberId": 4, "memberNameEn": "Taxes on income, profits and capital gains", "memberNameFr": "Imp\u00f4ts sur le revenu, les b\u00e9n\u00e9fices et les gains en capital", "classificationCode": "111", "classificationTypeCode": "7", "geoLevel": null, "vintage": null, "terminated": 0, "memberUomCode": 81}, {"memberId": 6, "parentMemberId": 5, "memberNameEn": "Taxes on income, profits and capital gains payable by individuals", "memberNameFr": "Imp\u00f4ts sur le revenu, les b\u00e9n\u00e9fices et les gains en capital \u00e0 la charge des personnes physiques", "classificationCode": "1111", "classificationTypeCode": "7", "geoLevel": null, "vintage": null, "terminated": 0, "memberUomCode": 81}, {"memberId": 7, "parentMemberId": 5, "memberNameEn": "Taxes on income, profits and capital gains payable by corporations and other enterprises", "memberNameFr": "Imp\u00f4ts sur le revenu, les b\u00e9n\u00e9fices et les gains en capital \u00e0 la charge des soci\u00e9t\u00e9s et autres entreprises", "classificationCode": "1112", "classificationTypeCode": "7", "geoLevel": null, "vintage": null, "terminated": 0, "memberUomCode": 81}, {"memberId": 8, "parentMemberId": 5, "memberNameEn": "Taxes on income, profits and capital gains payable by nonresidents", "memberNameFr": "Imp\u00f4ts sur le revenu, les b\u00e9n\u00e9fices et les gains en capital \u00e0 la charge des non r\u00e9sidents", "classificationCode": "1113", "classificationTypeCode": "7", "geoLevel": null, "vintage": null, "terminated": 0, "memberUomCode": 81}, {"memberId": 9, "parentMemberId": 4, "memberNameEn": "Taxes on payroll and workforce", "memberNameFr": "Imp\u00f4ts sur les salaires et la main-d'oeuvre", "classificationCode": "112", "classificationTypeCode": "7", "geoLevel": null, "vintage": null, "terminated": 0, "memberUomCode": 81}, {"memberId": 10, "parentMemberId": 4, "memberNameEn": "Taxes on property", "memberNameFr": "Imp\u00f4ts sur la propri\u00e9t\u00e9", "classificationCode": "113", "classificationTypeCode": "7", "geoLevel": null, "vintage": null, "terminated": 0, "memberUomCode": 81}, {"memberId": 11, "parentMemberId": 10, "memberNameEn": "Recurrent taxes on immovable property", "memberNameFr": "Imp\u00f4ts p\u00e9riodiques sur la propri\u00e9t\u00e9 immobili\u00e8re", "classificationCode": "1131", "classificationTypeCode": "7", "geoLevel": null, "vintage": null, "terminated": 0, "memberUomCode": 81}, {"memberId": 12, "parentMemberId": 11, "memberNameEn": "Real property taxes", "memberNameFr": "Imp\u00f4ts fonciers g\u00e9n\u00e9raux", "classificationCode": "1131", "classificationTypeCode": "7", "geoLevel": null, "vintage": null, "terminated": 0, "memberUomCode": 81}, {"memberId": 13, "parentMemberId": 11, "memberNameEn": "Special assessments", "memberNameFr": "Imp\u00f4ts fonciers sp\u00e9ciaux", "classificationCode": "1131", "classificationTypeCode": "7", "geoLevel": null, "vintage": null, "terminated": 0, "memberUomCode": 81}, {"memberId": 14, "parentMemberId": 11, "memberNameEn": "Business taxes", "memberNameFr": "Taxes d'affaires", "classificationCode": "1131", "classificationTypeCode": "7", "geoLevel": null, "vintage": null, "terminated": 0, "memberUomCode": 81}, {"memberId": 15, "parentMemberId": 11, "memberNameEn": "Payments in lieu of taxes", "memberNameFr": "Paiements vers\u00e9s en remplacement d'imp\u00f4ts", "classificationCode": "1131", "classificationTypeCode": "7", "geoLevel": null, "vintage": null, "terminated": 0, "memberUomCode": 81}, {"memberId": 16, "parentMemberId": 10, "memberNameEn": "Other taxes on property", "memberNameFr": "Autres imp\u00f4ts sur la propri\u00e9t\u00e9", "classificationCode": "1134, 1135, 1136", "classificationTypeCode": "7", "geoLevel": null, "vintage": null, "terminated": 0, "memberUomCode": 81}, {"memberId": 17, "parentMemberId": 4, "memberNameEn": "Taxes on goods and services", "memberNameFr": "Imp\u00f4ts sur les biens et services", "classificationCode": "114", "classificationTypeCode": "7", "geoLevel": null, "vintage": null, "terminated": 0, "memberUomCode": 81}, {"memberId": 18, "parentMemberId": 17, "memberNameEn": "General taxes on goods and services", "memberNameFr": "Imp\u00f4ts g\u00e9n\u00e9raux sur les biens et services", "classificationCode": "1141", "classificationTypeCode": "7", "geoLevel": null, "vintage": null, "terminated": 0, "memberUomCode": 81}, {"memberId": 19, "parentMemberId": 17, "memberNameEn": "Excises", "memberNameFr": "Accises", "classificationCode": "1142", "classificationTypeCode": "7", "geoLevel": null, "vintage": null, "terminated": 0, "memberUomCode": 81}, {"memberId": 20, "parentMemberId": 19, "memberNameEn": "Liquor taxes", "memberNameFr": "Taxes sur les boissons alcoolis\u00e9es", "classificationCode": "1142", "classificationTypeCode": "7", "geoLevel": null, "vintage": null, "terminated": 0, "memberUomCode": 81}, {"memberId": 21, "parentMemberId": 19, "memberNameEn": "Tobacco taxes", "memberNameFr": "Taxes sur le tabac", "classificationCode": "1142", "classificationTypeCode": "7", "geoLevel": null, "vintage": null, "terminated": 0, "memberUomCode": 81}, {"memberId": 22, "parentMemberId": 19, "memberNameEn": "Gasoline and motive fuel taxes", "memberNameFr": "Taxes sur les carburants", "classificationCode": "1142", "classificationTypeCode": "7", "geoLevel": null, "vintage": null, "terminated": 0, "memberUomCode": 81}, {"memberId": 138, "parentMemberId": 19, "memberNameEn": "Cannabis taxes", "memberNameFr": "Taxes sur le cannabis", "classificationCode": "1142", "classificationTypeCode": "7", "geoLevel": null, "vintage": null, "terminated": 0, "memberUomCode": 81}, {"memberId": 23, "parentMemberId": 19, "memberNameEn": "Other excise taxes", "memberNameFr": "Autres taxes d'accises", "classificationCode": "1142", "classificationTypeCode": "7", "geoLevel": null, "vintage": null, "terminated": 0, "memberUomCode": 81}, {"memberId": 24, "parentMemberId": 17, "memberNameEn": "Profits of fiscal monopolies", "memberNameFr": "B\u00e9n\u00e9fices des monopoles fiscaux", "classificationCode": "1143", "classificationTypeCode": "7", "geoLevel": null, "vintage": null, "terminated": 0, "memberUomCode": 81}, {"memberId": 25, "parentMemberId": 24, "memberNameEn": "Remitted liquor profits", "memberNameFr": "B\u00e9n\u00e9fices remis provenant de la vente des boissons alcoolis\u00e9es", "classificationCode": "1143", "classificationTypeCode": "7", "geoLevel": null, "vintage": null, "terminated": 0, "memberUomCode": 81}, {"memberId": 26, "parentMemberId": 24, "memberNameEn": "Remitted profits on games of chance and other", "memberNameFr": "B\u00e9n\u00e9fices remis provenant des jeux de hasard et autres", "classificationCode": "1143", "classificationTypeCode": "7", "geoLevel": null, "vintage": null, "terminated": 0, "memberUomCode": 81}, {"memberId": 27, "parentMemberId": 17, "memberNameEn": "Taxes on specific services", "memberNameFr": "Taxes sur des services d\u00e9termin\u00e9s", "classificationCode": "1144", "classificationTypeCode": "7", "geoLevel": null, "vintage": null, "terminated": 0, "memberUomCode": 81}, {"memberId": 28, "parentMemberId": 17, "memberNameEn": "Taxes on use of goods and on permission to use goods or perform activities", "memberNameFr": "Taxes sur l'utilisation ou la permission d'utiliser des biens ou d'exercer des activit\u00e9s", "classificationCode": "1145", "classificationTypeCode": "7", "geoLevel": null, "vintage": null, "terminated": 0, "memberUomCode": 81}, {"memberId": 29, "parentMemberId": 28, "memberNameEn": "Motor vehicle taxes", "memberNameFr": "Taxes sur les v\u00e9hicules \u00e0 moteur", "classificationCode": "11451", "classificationTypeCode": "7", "geoLevel": null, "vintage": null, "terminated": 0, "memberUomCode": 81}, {"memberId": 30, "parentMemberId": 28, "memberNameEn": "Other taxes on use of goods and on permission to use goods or perform activities", "memberNameFr": "Autres taxes sur l'utilisation ou la permission d'utiliser des biens ou d'exercer des activit\u00e9s", "classificationCode": "11452", "classificationTypeCode": "7", "geoLevel": null, "vintage": null, "terminated": 0, "memberUomCode": 81}, {"memberId": 31, "parentMemberId": 17, "memberNameEn": "Other taxes on goods and services", "memberNameFr": "Autres imp\u00f4ts sur les biens et services", "classificationCode": "1146", "classificationTypeCode": "7", "geoLevel": null, "vintage": null, "terminated": 0, "memberUomCode": 81}, {"memberId": 32, "parentMemberId": 4, "memberNameEn": "Other taxes", "memberNameFr": "Autres recettes fiscales", "classificationCode": "115, 116", "classificationTypeCode": "7", "geoLevel": null, "vintage": null, "terminated": 0, "memberUomCode": 81}, {"memberId": 33, "parentMemberId": 3, "memberNameEn": "Social contributions", "memberNameFr": "Cotisations sociales", "classificationCode": "12", "classificationTypeCode": "7", "geoLevel": null, "vintage": null, "terminated": 0, "memberUomCode": 81}, {"memberId": 34, "parentMemberId": 33, "memberNameEn": "Social security contributions", "memberNameFr": "Cotisations de s\u00e9curit\u00e9 sociale", "classificationCode": "121", "classificationTypeCode": "7", "geoLevel": null, "vintage": null, "terminated": 0, "memberUomCode": 81}, {"memberId": 35, "parentMemberId": 34, "memberNameEn": "Contributions to workers' compensation boards", "memberNameFr": "Cotisations aux commissions d'indemnisation des accidents du travail", "classificationCode": "1212", "classificationTypeCode": "7", "geoLevel": null, "vintage": null, "terminated": 0, "memberUomCode": 81}, {"memberId": 36, "parentMemberId": 34, "memberNameEn": "Other social security contributions", "memberNameFr": "Autres cotisations de s\u00e9curit\u00e9 sociale", "classificationCode": "1211, 1212, 1213, 1214", "classificationTypeCode": "7", "geoLevel": null, "vintage": null, "terminated": 0, "memberUomCode": 81}, {"memberId": 37, "parentMemberId": 33, "memberNameEn": "Other social contributions", "memberNameFr": "Autres cotisations sociales", "classificationCode": "122", "classificationTypeCode": "7", "geoLevel": null, "vintage": null, "terminated": 0, "memberUomCode": 81}, {"memberId": 38, "parentMemberId": 3, "memberNameEn": "Grants, revenue", "memberNameFr": "Dons, recettes", "classificationCode": "13", "classificationTypeCode": "7", "geoLevel": null, "vintage": null, "terminated": 0, "memberUomCode": 81}, {"memberId": 39, "parentMemberId": 38, "memberNameEn": "Grants from foreign governments and international governmental organizations", "memberNameFr": "Dons re\u00e7us d'administrations publiques \u00e9trang\u00e8res et d'organisations internationales gouvernementales", "classificationCode": "131, 132", "classificationTypeCode": "7", "geoLevel": null, "vintage": null, "terminated": 0, "memberUomCode": 81}, {"memberId": 40, "parentMemberId": 38, "memberNameEn": "Grants from general government units", "memberNameFr": "Dons re\u00e7us d'unit\u00e9s de l'administration publique", "classificationCode": "133, 134", "classificationTypeCode": "7", "geoLevel": null, "vintage": null, "terminated": 0, "memberUomCode": 81}, {"memberId": 41, "parentMemberId": 3, "memberNameEn": "Other revenue", "memberNameFr": "Autres recettes", "classificationCode": "14", "classificationTypeCode": "7", "geoLevel": null, "vintage": null, "terminated": 0, "memberUomCode": 81}, {"memberId": 42, "parentMemberId": 41, "memberNameEn": "Property income", "memberNameFr": "Revenu de la propri\u00e9t\u00e9", "classificationCode": "141", "classificationTypeCode": "7", "geoLevel": null, "vintage": null, "terminated": 0, "memberUomCode": 81}, {"memberId": 43, "parentMemberId": 42, "memberNameEn": "Interest revenue", "memberNameFr": "Int\u00e9r\u00eats", "classificationCode": "1411", "classificationTypeCode": "7", "geoLevel": null, "vintage": null, "terminated": 0, "memberUomCode": 81}, {"memberId": 44, "parentMemberId": 42, "memberNameEn": "Dividend revenue", "memberNameFr": "Dividende recette", "classificationCode": "1412, 1413, 1414", "classificationTypeCode": "7", "geoLevel": null, "vintage": null, "terminated": 0, "memberUomCode": 81}, {"memberId": 45, "parentMemberId": 42, "memberNameEn": "Rent", "memberNameFr": "Loyers", "classificationCode": "1415", "classificationTypeCode": "7", "geoLevel": null, "vintage": null, "terminated": 0, "memberUomCode": 81}, {"memberId": 46, "parentMemberId": 45, "memberNameEn": "Oil and gas royalties", "memberNameFr": "Redevances p\u00e9troli\u00e8res et d'exploitation du gaz", "classificationCode": "1415", "classificationTypeCode": "7", "geoLevel": null, "vintage": null, "terminated": 0, "memberUomCode": 81}, {"memberId": 47, "parentMemberId": 45, "memberNameEn": "Forestry royalties", "memberNameFr": "Redevances foresti\u00e8res", "classificationCode": "1415", "classificationTypeCode": "7", "geoLevel": null, "vintage": null, "terminated": 0, "memberUomCode": 81}, {"memberId": 48, "parentMemberId": 45, "memberNameEn": "Mineral royalties", "memberNameFr": "Redevances mini\u00e8res", "classificationCode": "1415", "classificationTypeCode": "7", "geoLevel": null, "vintage": null, "terminated": 0, "memberUomCode": 81}, {"memberId": 49, "parentMemberId": 45, "memberNameEn": "Water power royalties", "memberNameFr": "Redevances d'utilisation de l'eau", "classificationCode": "1415", "classificationTypeCode": "7", "geoLevel": null, "vintage": null, "terminated": 0, "memberUomCode": 81}, {"memberId": 50, "parentMemberId": 45, "memberNameEn": "Other rent and property income", "memberNameFr": "Autres loyers et revenu de la propri\u00e9t\u00e9", "classificationCode": "1415, 1416", "classificationTypeCode": "7", "geoLevel": null, "vintage": null, "terminated": 0, "memberUomCode": 81}, {"memberId": 51, "parentMemberId": 41, "memberNameEn": "Sales of goods and services", "memberNameFr": "Ventes de biens et services", "classificationCode": "142", "classificationTypeCode": "7", "geoLevel": null, "vintage": null, "terminated": 0, "memberUomCode": 81}, {"memberId": 52, "parentMemberId": 51, "memberNameEn": "Administrative fees", "memberNameFr": "Droits administratifs", "classificationCode": "1422", "classificationTypeCode": "7", "geoLevel": null, "vintage": null, "terminated": 0, "memberUomCode": 81}, {"memberId": 53, "parentMemberId": 51, "memberNameEn": "Housing and community amenities", "memberNameFr": "Logement et \u00e9quipements collectifs", "classificationCode": "1423", "classificationTypeCode": "7", "geoLevel": null, "vintage": null, "terminated": 0, "memberUomCode": 81}, {"memberId": 54, "parentMemberId": 51, "memberNameEn": "Tuition and school fees", "memberNameFr": "Frais de scolarit\u00e9", "classificationCode": "1423", "classificationTypeCode": "7", "geoLevel": null, "vintage": null, "terminated": 0, "memberUomCode": 81}, {"memberId": 55, "parentMemberId": 51, "memberNameEn": "Other sales of goods and services", "memberNameFr": "Autres ventes de biens et services", "classificationCode": "1421, 1423, 1424", "classificationTypeCode": "7", "geoLevel": null, "vintage": null, "terminated": 0, "memberUomCode": 81}, {"memberId": 56, "parentMemberId": 41, "memberNameEn": "Fines, penalties and forfeits", "memberNameFr": "Amendes, p\u00e9nalit\u00e9s et confiscations", "classificationCode": "143", "classificationTypeCode": "7", "geoLevel": null, "vintage": null, "terminated": 0, "memberUomCode": 81}, {"memberId": 57, "parentMemberId": 41, "memberNameEn": "Voluntary transfers other than grants", "memberNameFr": "Transferts volontaires autres que les dons", "classificationCode": "144", "classificationTypeCode": "7", "geoLevel": null, "vintage": null, "terminated": 0, "memberUomCode": 81}, {"memberId": 58, "parentMemberId": 41, "memberNameEn": "Miscellaneous revenue", "memberNameFr": "Recettes diverses", "classificationCode": "145", "classificationTypeCode": "7", "geoLevel": null, "vintage": null, "terminated": 0, "memberUomCode": 81}, {"memberId": 59, "parentMemberId": 2, "memberNameEn": "Expense", "memberNameFr": "Charges", "classificationCode": "2", "classificationTypeCode": "7", "geoLevel": null, "vintage": null, "terminated": 0, "memberUomCode": 81}, {"memberId": 60, "parentMemberId": 59, "memberNameEn": "Compensation of employees", "memberNameFr": "R\u00e9mun\u00e9ration des salari\u00e9s", "classificationCode": "21", "classificationTypeCode": "7", "geoLevel": null, "vintage": null, "terminated": 0, "memberUomCode": 81}, {"memberId": 61, "parentMemberId": 59, "memberNameEn": "Use of goods and services", "memberNameFr": "Utilisation de biens et services", "classificationCode": "22", "classificationTypeCode": "7", "geoLevel": null, "vintage": null, "terminated": 0, "memberUomCode": 81}, {"memberId": 62, "parentMemberId": 59, "memberNameEn": "Consumption of fixed capital", "memberNameFr": "Consommation de capital fixe", "classificationCode": "23", "classificationTypeCode": "7", "geoLevel": null, "vintage": null, "terminated": 0, "memberUomCode": 81}, {"memberId": 63, "parentMemberId": 59, "memberNameEn": "Interest expense", "memberNameFr": "Int\u00e9r\u00eats, charges", "classificationCode": "24", "classificationTypeCode": "7", "geoLevel": null, "vintage": null, "terminated": 0, "memberUomCode": 81}, {"memberId": 64, "parentMemberId": 59, "memberNameEn": "Subsidies", "memberNameFr": "Subventions", "classificationCode": "25", "classificationTypeCode": "7", "geoLevel": null, "vintage": null, "terminated": 0, "memberUomCode": 81}, {"memberId": 65, "parentMemberId": 64, "memberNameEn": "Subsidies to government business enterprises", "memberNameFr": "Subventions aux entreprises publiques", "classificationCode": "251", "classificationTypeCode": "7", "geoLevel": null, "vintage": null, "terminated": 0, "memberUomCode": 81}, {"memberId": 66, "parentMemberId": 64, "memberNameEn": "Subsidies to private enterprises", "memberNameFr": "Subventions aux entreprises priv\u00e9es", "classificationCode": "252", "classificationTypeCode": "7", "geoLevel": null, "vintage": null, "terminated": 0, "memberUomCode": 81}, {"memberId": 67, "parentMemberId": 66, "memberNameEn": "Agricultural subsidies to private enterprises", "memberNameFr": "Subventions aux produits de l'agriculture aux entreprises priv\u00e9es", "classificationCode": "2521", "classificationTypeCode": "7", "geoLevel": null, "vintage": null, "terminated": 0, "memberUomCode": 81}, {"memberId": 68, "parentMemberId": 66, "memberNameEn": "Other subsidies to private enterprises on products", "memberNameFr": "Autres subventions aux produits aux entreprises priv\u00e9es", "classificationCode": "2521, 2522", "classificationTypeCode": "7", "geoLevel": null, "vintage": null, "terminated": 0, "memberUomCode": 81}, {"memberId": 69, "parentMemberId": 66, "memberNameEn": "Other subsidies to private enterprises on production", "memberNameFr": "Autres subventions \u00e0 la production aux entreprises priv\u00e9es", "classificationCode": "2521, 2522", "classificationTypeCode": "7", "geoLevel": null, "vintage": null, "terminated": 0, "memberUomCode": 81}, {"memberId": 70, "parentMemberId": 59, "memberNameEn": "Grants, expense", "memberNameFr": "Dons, charges", "classificationCode": "26", "classificationTypeCode": "7", "geoLevel": null, "vintage": null, "terminated": 0, "memberUomCode": 81}, {"memberId": 71, "parentMemberId": 70, "memberNameEn": "Grants to foreign governments and international governmental organizations", "memberNameFr": "Dons aux administrations publiques \u00e9trang\u00e8res et organisations internationales gouvernementales", "classificationCode": "261, 262", "classificationTypeCode": "7", "geoLevel": null, "vintage": null, "terminated": 0, "memberUomCode": 81}, {"memberId": 72, "parentMemberId": 70, "memberNameEn": "Grants to general government units", "memberNameFr": "Dons aux unit\u00e9s d'administration publique", "classificationCode": "263, 264", "classificationTypeCode": "7", "geoLevel": null, "vintage": null, "terminated": 0, "memberUomCode": 81}, {"memberId": 73, "parentMemberId": 59, "memberNameEn": "Social benefits", "memberNameFr": "Prestations sociales", "classificationCode": "27", "classificationTypeCode": "7", "geoLevel": null, "vintage": null, "terminated": 0, "memberUomCode": 81}, {"memberId": 74, "parentMemberId": 73, "memberNameEn": "Social security benefits", "memberNameFr": "Prestations de s\u00e9curit\u00e9 sociale", "classificationCode": "271", "classificationTypeCode": "7", "geoLevel": null, "vintage": null, "terminated": 0, "memberUomCode": 81}, {"memberId": 75, "parentMemberId": 74, "memberNameEn": "Employment insurance and parental insurance benefits", "memberNameFr": "Prestations d'assurance emploi et d'assurance parentale", "classificationCode": "2711", "classificationTypeCode": "7", "geoLevel": null, "vintage": null, "terminated": 0, "memberUomCode": 81}, {"memberId": 76, "parentMemberId": 74, "memberNameEn": "Other social security benefits", "memberNameFr": "Autres prestations de s\u00e9curit\u00e9 sociale", "classificationCode": "2711, 2712", "classificationTypeCode": "7", "geoLevel": null, "vintage": null, "terminated": 0, "memberUomCode": 81}, {"memberId": 77, "parentMemberId": 73, "memberNameEn": "Social assistance benefits", "memberNameFr": "Prestations d'assistance sociale", "classificationCode": "272", "classificationTypeCode": "7", "geoLevel": null, "vintage": null, "terminated": 0, "memberUomCode": 81}, {"memberId": 78, "parentMemberId": 73, "memberNameEn": "Employer social benefits", "memberNameFr": "Prestations sociales d'employeurs", "classificationCode": "273", "classificationTypeCode": "7", "geoLevel": null, "vintage": null, "terminated": 0, "memberUomCode": 81}, {"memberId": 79, "parentMemberId": 59, "memberNameEn": "Other expense", "memberNameFr": "Autres charges", "classificationCode": "28", "classificationTypeCode": "7", "geoLevel": null, "vintage": null, "terminated": 0, "memberUomCode": 81}, {"memberId": 80, "parentMemberId": 79, "memberNameEn": "Property expense other than interest", "memberNameFr": "Charges li\u00e9es \u00e0 la propri\u00e9t\u00e9 autres que les int\u00e9r\u00eats", "classificationCode": "281", "classificationTypeCode": "7", "geoLevel": null, "vintage": null, "terminated": 0, "memberUomCode": 81}, {"memberId": 81, "parentMemberId": 79, "memberNameEn": "Miscellaneous other expense", "memberNameFr": "Autres charges diverses", "classificationCode": "282", "classificationTypeCode": "7", "geoLevel": null, "vintage": null, "terminated": 0, "memberUomCode": 81}, {"memberId": 82, "parentMemberId": 81, "memberNameEn": "Miscellaneous other current expense", "memberNameFr": "Autres charges diverses courantes", "classificationCode": "2821", "classificationTypeCode": "7", "geoLevel": null, "vintage": null, "terminated": 0, "memberUomCode": 81}, {"memberId": 83, "parentMemberId": 82, "memberNameEn": "Tax expenses", "memberNameFr": "Charges fiscales", "classificationCode": "2821", "classificationTypeCode": "7", "geoLevel": null, "vintage": null, "terminated": 0, "memberUomCode": 81}, {"memberId": 84, "parentMemberId": 82, "memberNameEn": "Transfers to persons", "memberNameFr": "Transferts aux particuliers", "classificationCode": "2821", "classificationTypeCode": "7", "geoLevel": null, "vintage": null, "terminated": 0, "memberUomCode": 81}, {"memberId": 85, "parentMemberId": 82, "memberNameEn": "Transfers to non-profit institutions", "memberNameFr": "Transferts aux associations et institutions de bienfaisance", "classificationCode": "2821", "classificationTypeCode": "7", "geoLevel": null, "vintage": null, "terminated": 0, "memberUomCode": 81}, {"memberId": 86, "parentMemberId": 82, "memberNameEn": "Other miscellaneous current expenses", "memberNameFr": "Autres charges diverses courantes", "classificationCode": "2821", "classificationTypeCode": "7", "geoLevel": null, "vintage": null, "terminated": 0, "memberUomCode": 81}, {"memberId": 87, "parentMemberId": 81, "memberNameEn": "Miscellaneous other capital expense", "memberNameFr": "Autres charges diverses en capital", "classificationCode": "2822", "classificationTypeCode": "7", "geoLevel": null, "vintage": null, "terminated": 0, "memberUomCode": 81}, {"memberId": 137, "parentMemberId": null, "memberNameEn": "Memorandum items, Quebec abatement", "memberNameFr": "Postes pour m\u00e9moire, Abattement du Qu\u00e9bec", "classificationCode": null, "classificationTypeCode": null, "geoLevel": null, "vintage": null, "terminated": 0, "memberUomCode": 81}, {"memberId": 88, "parentMemberId": null, "memberNameEn": "Memorandum items, total expenditures", "memberNameFr": "Postes pour m\u00e9moire, d\u00e9penses totales", "classificationCode": null, "classificationTypeCode": null, "geoLevel": null, "vintage": null, "terminated": 0, "memberUomCode": 81}, {"memberId": 89, "parentMemberId": null, "memberNameEn": "Memorandum items, capitalized research and development costs", "memberNameFr": "Postes pour m\u00e9moire, capitalisation des charges pour la recherche et d\u00e9veloppement", "classificationCode": null, "classificationTypeCode": null, "geoLevel": null, "vintage": null, "terminated": 0, "memberUomCode": 81}, {"memberId": 90, "parentMemberId": 89, "memberNameEn": "Memorandum items, capitalized research and development compensation of employees", "memberNameFr": "Postes pour m\u00e9moire, capitalisation des charges de r\u00e9mun\u00e9ration des salari\u00e9s pour la recherche et d\u00e9veloppement", "classificationCode": null, "classificationTypeCode": null, "geoLevel": null, "vintage": null, "terminated": 0, "memberUomCode": 81}, {"memberId": 91, "parentMemberId": 89, "memberNameEn": "Memorandum items, capitalized research and development use of goods and services", "memberNameFr": "Postes pour m\u00e9moire, capitalisation des charges d'utilisation des biens et services pour la recherche et d\u00e9veloppement", "classificationCode": null, "classificationTypeCode": null, "geoLevel": null, "vintage": null, "terminated": 0, "memberUomCode": 81}, {"memberId": 92, "parentMemberId": null, "memberNameEn": "Memorandum items, consumption of fixed capital according to public sector accounts", "memberNameFr": "Postes pour m\u00e9moire, consommation de capital fixe selon les comptes du secteur public", "classificationCode": null, "classificationTypeCode": null, "geoLevel": null, "vintage": null, "terminated": 0, "memberUomCode": 81}, {"memberId": 93, "parentMemberId": null, "memberNameEn": "Net worth", "memberNameFr": "Valeur nette", "classificationCode": "6", "classificationTypeCode": "7", "geoLevel": null, "vintage": null, "terminated": 0, "memberUomCode": 81}, {"memberId": 94, "parentMemberId": 93, "memberNameEn": "Nonfinancial assets", "memberNameFr": "Actifs non financiers", "classificationCode": "61", "classificationTypeCode": "7", "geoLevel": null, "vintage": null, "terminated": 0, "memberUomCode": 81}, {"memberId": 95, "parentMemberId": 93, "memberNameEn": "Net financial worth", "memberNameFr": "Valeur financi\u00e8re nette", "classificationCode": null, "classificationTypeCode": null, "geoLevel": null, "vintage": null, "terminated": 0, "memberUomCode": 81}, {"memberId": 96, "parentMemberId": 95, "memberNameEn": "Financial assets", "memberNameFr": "Actifs financiers", "classificationCode": "62", "classificationTypeCode": "7", "geoLevel": null, "vintage": null, "terminated": 0, "memberUomCode": 81}, {"memberId": 97, "parentMemberId": 96, "memberNameEn": "Currency and deposits, assets", "memberNameFr": "Num\u00e9raire et d\u00e9p\u00f4ts, actifs", "classificationCode": "6212, 6222", "classificationTypeCode": "7", "geoLevel": null, "vintage": null, "terminated": 0, "memberUomCode": 81}, {"memberId": 98, "parentMemberId": 96, "memberNameEn": "Debt securities, assets", "memberNameFr": "Titres de cr\u00e9ances, actifs", "classificationCode": "6213, 6223", "classificationTypeCode": "7", "geoLevel": null, "vintage": null, "terminated": 0, "memberUomCode": 81}, {"memberId": 99, "parentMemberId": 98, "memberNameEn": "Treasury bills, assets", "memberNameFr": "Bons du tr\u00e9sor, actifs", "classificationCode": "6213, 6223", "classificationTypeCode": "7", "geoLevel": null, "vintage": null, "terminated": 0, "memberUomCode": 81}, {"memberId": 100, "parentMemberId": 98, "memberNameEn": "Finance and other short-term paper, assets", "memberNameFr": "Papier financier et autre papier \u00e0 court terme, actifs", "classificationCode": "6213, 6223", "classificationTypeCode": "7", "geoLevel": null, "vintage": null, "terminated": 0, "memberUomCode": 81}, {"memberId": 101, "parentMemberId": 98, "memberNameEn": "Bonds, assets", "memberNameFr": "Obligations, actifs", "classificationCode": "6213, 6223", "classificationTypeCode": "7", "geoLevel": null, "vintage": null, "terminated": 0, "memberUomCode": 81}, {"memberId": 102, "parentMemberId": 96, "memberNameEn": "Loans, assets", "memberNameFr": "Pr\u00eats, actifs", "classificationCode": "6214, 6224", "classificationTypeCode": "7", "geoLevel": null, "vintage": null, "terminated": 0, "memberUomCode": 81}, {"memberId": 103, "parentMemberId": 102, "memberNameEn": "Loans and advances, assets", "memberNameFr": "Pr\u00eats et avances, actifs", "classificationCode": "6214, 6224", "classificationTypeCode": "7", "geoLevel": null, "vintage": null, "terminated": 0, "memberUomCode": 81}, {"memberId": 104, "parentMemberId": 102, "memberNameEn": "Mortgages, assets", "memberNameFr": "Hypoth\u00e8ques, actifs", "classificationCode": "6214, 6224", "classificationTypeCode": "7", "geoLevel": null, "vintage": null, "terminated": 0, "memberUomCode": 81}, {"memberId": 105, "parentMemberId": 96, "memberNameEn": "Equity and investment fund shares, assets", "memberNameFr": "Actions et parts de fonds d'investissement, actifs", "classificationCode": "6215, 6225", "classificationTypeCode": "7", "geoLevel": null, "vintage": null, "terminated": 0, "memberUomCode": 81}, {"memberId": 106, "parentMemberId": 105, "memberNameEn": "Marketable shares", "memberNameFr": "Actions n\u00e9gociables", "classificationCode": "6215, 6225", "classificationTypeCode": "7", "geoLevel": null, "vintage": null, "terminated": 0, "memberUomCode": 81}, {"memberId": 107, "parentMemberId": 105, "memberNameEn": "Non-marketable shares and other equity", "memberNameFr": "Actions non n\u00e9gociables et autres participations", "classificationCode": "6215, 6225", "classificationTypeCode": "7", "geoLevel": null, "vintage": null, "terminated": 0, "memberUomCode": 81}, {"memberId": 108, "parentMemberId": 105, "memberNameEn": "Investment fund shares", "memberNameFr": "Parts de fonds d'investissement", "classificationCode": "6215, 6225", "classificationTypeCode": "7", "geoLevel": null, "vintage": null, "terminated": 0, "memberUomCode": 81}, {"memberId": 109, "parentMemberId": 96, "memberNameEn": "Insurance and pension, assets", "memberNameFr": "Assurance et r\u00e9gimes de retraite, actifs", "classificationCode": "6216, 6226", "classificationTypeCode": "7", "geoLevel": null, "vintage": null, "terminated": 0, "memberUomCode": 81}, {"memberId": 110, "parentMemberId": 96, "memberNameEn": "Other accounts receivable", "memberNameFr": "Autres comptes \u00e0 recevoir", "classificationCode": "6218, 6228", "classificationTypeCode": "7", "geoLevel": null, "vintage": null, "terminated": 0, "memberUomCode": 81}, {"memberId": 111, "parentMemberId": 110, "memberNameEn": "Trade credits and advances, receivable", "memberNameFr": "Cr\u00e9dit commercial et avances, \u00e0 recevoir", "classificationCode": "6218, 6228", "classificationTypeCode": "7", "geoLevel": null, "vintage": null, "terminated": 0, "memberUomCode": 81}, {"memberId": 112, "parentMemberId": 110, "memberNameEn": "Other receivable", "memberNameFr": "Autres recevables", "classificationCode": "6217, 6218, 6227, 6228", "classificationTypeCode": "7", "geoLevel": null, "vintage": null, "terminated": 0, "memberUomCode": 81}, {"memberId": 113, "parentMemberId": 96, "memberNameEn": "Monetary gold and special drawing rights (SDR), assets", "memberNameFr": "Or mon\u00e9taire et droits de tirage sp\u00e9ciaux (DTS), actifs", "classificationCode": "623", "classificationTypeCode": "7", "geoLevel": null, "vintage": null, "terminated": 0, "memberUomCode": 81}, {"memberId": 114, "parentMemberId": 95, "memberNameEn": "Liabilities", "memberNameFr": "Passifs", "classificationCode": "63", "classificationTypeCode": "7", "geoLevel": null, "vintage": null, "terminated": 0, "memberUomCode": 81}, {"memberId": 115, "parentMemberId": 114, "memberNameEn": "Currency and deposits, liabilities", "memberNameFr": "Num\u00e9raire et d\u00e9p\u00f4ts, passifs", "classificationCode": "6312, 6322", "classificationTypeCode": "7", "geoLevel": null, "vintage": null, "terminated": 0, "memberUomCode": 81}, {"memberId": 116, "parentMemberId": 114, "memberNameEn": "Debt securities, liabilities", "memberNameFr": "Titres de cr\u00e9ances, passifs", "classificationCode": "6313, 6323", "classificationTypeCode": "7", "geoLevel": null, "vintage": null, "terminated": 0, "memberUomCode": 81}, {"memberId": 117, "parentMemberId": 116, "memberNameEn": "Treasury bills, liabilities", "memberNameFr": "Bons du tr\u00e9sor, passifs", "classificationCode": "6313, 6323", "classificationTypeCode": "7", "geoLevel": null, "vintage": null, "terminated": 0, "memberUomCode": 81}, {"memberId": 118, "parentMemberId": 116, "memberNameEn": "Finance and other short-term paper, liabilities", "memberNameFr": "Papier financier et autre papier \u00e0 court terme, passifs", "classificationCode": "6313, 6323", "classificationTypeCode": "7", "geoLevel": null, "vintage": null, "terminated": 0, "memberUomCode": 81}, {"memberId": 119, "parentMemberId": 116, "memberNameEn": "Saving bonds", "memberNameFr": "Obligations d'\u00e9pargne", "classificationCode": "6313, 6323", "classificationTypeCode": "7", "geoLevel": null, "vintage": null, "terminated": 0, "memberUomCode": 81}, {"memberId": 120, "parentMemberId": 116, "memberNameEn": "Bonds, liabilities", "memberNameFr": "Obligations, passifs", "classificationCode": "6313, 6323", "classificationTypeCode": "7", "geoLevel": null, "vintage": null, "terminated": 0, "memberUomCode": 81}, {"memberId": 121, "parentMemberId": 114, "memberNameEn": "Loans, liabilities", "memberNameFr": "Pr\u00eats, passifs", "classificationCode": "6314, 6324", "classificationTypeCode": "7", "geoLevel": null, "vintage": null, "terminated": 0, "memberUomCode": 81}, {"memberId": 122, "parentMemberId": 121, "memberNameEn": "Bank overdrafts", "memberNameFr": "D\u00e9couverts bancaires", "classificationCode": "6314, 6324", "classificationTypeCode": "7", "geoLevel": null, "vintage": null, "terminated": 0, "memberUomCode": 81}, {"memberId": 123, "parentMemberId": 121, "memberNameEn": "Loans and advances, liabilities", "memberNameFr": "Pr\u00eats et avances, passifs", "classificationCode": "6314, 6324", "classificationTypeCode": "7", "geoLevel": null, "vintage": null, "terminated": 0, "memberUomCode": 81}, {"memberId": 124, "parentMemberId": 121, "memberNameEn": "Mortgages, liabilities", "memberNameFr": "Hypoth\u00e8ques, passifs", "classificationCode": "6314, 6324", "classificationTypeCode": "7", "geoLevel": null, "vintage": null, "terminated": 0, "memberUomCode": 81}, {"memberId": 125, "parentMemberId": 114, "memberNameEn": "Equity, liabilities", "memberNameFr": "Actions, passifs", "classificationCode": "6315, 6325", "classificationTypeCode": "7", "geoLevel": null, "vintage": null, "terminated": 0, "memberUomCode": 81}, {"memberId": 126, "parentMemberId": 114, "memberNameEn": "Insurance, pension and standardized guarantee schemes, liabilities", "memberNameFr": "Assurance, r\u00e9gimes de retraite et programmes de garantie normalis\u00e9s, passifs", "classificationCode": "6316, 6326", "classificationTypeCode": "7", "geoLevel": null, "vintage": null, "terminated": 0, "memberUomCode": 81}, {"memberId": 127, "parentMemberId": 126, "memberNameEn": "Pensions plans, liabilities", "memberNameFr": "R\u00e9gimes de retraite, passifs", "classificationCode": "6316, 6326", "classificationTypeCode": "7", "geoLevel": null, "vintage": null, "terminated": 0, "memberUomCode": 81}, {"memberId": 128, "parentMemberId": 126, "memberNameEn": "Insurance and standardized guarantee schemes, liabilities", "memberNameFr": "Assurance et programmes de garantie normalis\u00e9s, passifs", "classificationCode": "6316, 6326", "classificationTypeCode": "7", "geoLevel": null, "vintage": null, "terminated": 0, "memberUomCode": 81}, {"memberId": 129, "parentMemberId": 114, "memberNameEn": "Other accounts payable", "memberNameFr": "Autres comptes \u00e0 payer", "classificationCode": "6318, 6328", "classificationTypeCode": "7", "geoLevel": null, "vintage": null, "terminated": 0, "memberUomCode": 81}, {"memberId": 130, "parentMemberId": 129, "memberNameEn": "Trade credits and advances, payable", "memberNameFr": "Cr\u00e9dit commercial et avances, \u00e0 payer", "classificationCode": "6318, 6328", "classificationTypeCode": "7", "geoLevel": null, "vintage": null, "terminated": 0, "memberUomCode": 81}, {"memberId": 131, "parentMemberId": 129, "memberNameEn": "Other payable", "memberNameFr": "Autres payables", "classificationCode": "6317, 6318, 6327, 6328", "classificationTypeCode": "7", "geoLevel": null, "vintage": null, "terminated": 0, "memberUomCode": 81}, {"memberId": 132, "parentMemberId": 114, "memberNameEn": "Monetary gold and special drawing rights (SDR), liabilities", "memberNameFr": "Or mon\u00e9taire et droits de tirage sp\u00e9ciaux (DTS), passifs", "classificationCode": null, "classificationTypeCode": null, "geoLevel": null, "vintage": null, "terminated": 0, "memberUomCode": 81}, {"memberId": 133, "parentMemberId": null, "memberNameEn": "Memorandum items, nonfinancial assets according to public sector accounts", "memberNameFr": "Postes pour m\u00e9moire, actifs non financiers selon les comptes du secteur public", "classificationCode": null, "classificationTypeCode": null, "geoLevel": null, "vintage": null, "terminated": 0, "memberUomCode": 81}, {"memberId": 134, "parentMemberId": null, "memberNameEn": "Memorandum items, liabilities at nominal value", "memberNameFr": "Postes pour m\u00e9moire, dette \u00e0 valeur nominale", "classificationCode": null, "classificationTypeCode": null, "geoLevel": null, "vintage": null, "terminated": 0, "memberUomCode": 81}, {"memberId": 135, "parentMemberId": null, "memberNameEn": "Memorandum items, employee future benefits", "memberNameFr": "Postes pour m\u00e9moire, avantages sociaux futurs", "classificationCode": null, "classificationTypeCode": null, "geoLevel": null, "vintage": null, "terminated": 0, "memberUomCode": 81}, {"memberId": 136, "parentMemberId": null, "memberNameEn": "Memorandum items, environmental liabilities", "memberNameFr": "Postes pour m\u00e9moire, passif environmental", "classificationCode": null, "classificationTypeCode": null, "geoLevel": null, "vintage": null, "terminated": 0, "memberUomCode": 81}]}]