[{"dimensionPositionId": 1, "dimensionNameEn": "Geography", "dimensionNameFr": "G\u00e9ographie", "hasUom": false, "member": [{"memberId": 1, "parentMemberId": null, "memberNameEn": "United States", "memberNameFr": "\u00c9tats-Unis", "classificationCode": null, "classificationTypeCode": null, "geoLevel": null, "vintage": null, "terminated": 0, "memberUomCode": null}]}, {"dimensionPositionId": 2, "dimensionNameEn": "Components", "dimensionNameFr": "Composants", "hasUom": true, "member": [{"memberId": 1, "parentMemberId": null, "memberNameEn": "Total federal government current receipts", "memberNameFr": "Total des recettes f\u00e9d\u00e9rales", "classificationCode": null, "classificationTypeCode": null, "geoLevel": null, "vintage": null, "terminated": 0, "memberUomCode": 298}, {"memberId": 2, "parentMemberId": 1, "memberNameEn": "Federal personal current taxes", "memberNameFr": "Recettes f\u00e9d\u00e9rales provenant de l'imp\u00f4t des particuliers", "classificationCode": null, "classificationTypeCode": null, "geoLevel": null, "vintage": null, "terminated": 0, "memberUomCode": 298}, {"memberId": 3, "parentMemberId": 2, "memberNameEn": "Federal government income tax receipts", "memberNameFr": "Recettes f\u00e9d\u00e9rales provenant de l'imp\u00f4t sur le revenu", "classificationCode": null, "classificationTypeCode": null, "geoLevel": null, "vintage": null, "terminated": 1, "memberUomCode": 298}, {"memberId": 4, "parentMemberId": 2, "memberNameEn": "Federal government estate and gift taxes receipts", "memberNameFr": "Recettes f\u00e9d\u00e9rales de l'imp\u00f4t sur les biens transmis par d\u00e9c\u00e8s et sur les dons", "classificationCode": null, "classificationTypeCode": null, "geoLevel": null, "vintage": null, "terminated": 1, "memberUomCode": 298}, {"memberId": 5, "parentMemberId": 2, "memberNameEn": "Federal government non-tax receipts", "memberNameFr": "Recettes f\u00e9d\u00e9rales non fiscales", "classificationCode": null, "classificationTypeCode": null, "geoLevel": null, "vintage": null, "terminated": 1, "memberUomCode": 298}, {"memberId": 6, "parentMemberId": 1, "memberNameEn": "Federal taxes on corporate income", "memberNameFr": "Placements f\u00e9d\u00e9raux au titre de l'imp\u00f4t sur le revenu des soci\u00e9t\u00e9s", "classificationCode": null, "classificationTypeCode": null, "geoLevel": null, "vintage": null, "terminated": 0, "memberUomCode": 298}, {"memberId": 7, "parentMemberId": 6, "memberNameEn": "Federal reserve banks", "memberNameFr": "Placements des banques f\u00e9d\u00e9rales de r\u00e9serve", "classificationCode": null, "classificationTypeCode": null, "geoLevel": null, "vintage": null, "terminated": 0, "memberUomCode": 298}, {"memberId": 8, "parentMemberId": 6, "memberNameEn": "Other federal taxes on corporate income", "memberNameFr": "Autres placements f\u00e9d\u00e9raux au titre de l'imp\u00f4t sur le revenu des soci\u00e9t\u00e9s", "classificationCode": null, "classificationTypeCode": null, "geoLevel": null, "vintage": null, "terminated": 0, "memberUomCode": 298}, {"memberId": 9, "parentMemberId": 1, "memberNameEn": "Federal taxes on production and imports", "memberNameFr": "Placements f\u00e9d\u00e9raux au titre de l'imp\u00f4t sur production et importations", "classificationCode": null, "classificationTypeCode": null, "geoLevel": null, "vintage": null, "terminated": 0, "memberUomCode": 298}, {"memberId": 10, "parentMemberId": 9, "memberNameEn": "Federal excise taxes", "memberNameFr": "Placements f\u00e9d\u00e9raux au titre des taxes d'accise", "classificationCode": null, "classificationTypeCode": null, "geoLevel": null, "vintage": null, "terminated": 0, "memberUomCode": 298}, {"memberId": 11, "parentMemberId": 9, "memberNameEn": "Federal customs duties", "memberNameFr": "Placements f\u00e9d\u00e9raux au titre des droits de douane", "classificationCode": null, "classificationTypeCode": null, "geoLevel": null, "vintage": null, "terminated": 0, "memberUomCode": 298}, {"memberId": 12, "parentMemberId": 9, "memberNameEn": "Federal non-taxes accruals", "memberNameFr": "Placements f\u00e9d\u00e9raux non fiscaux", "classificationCode": null, "classificationTypeCode": null, "geoLevel": null, "vintage": null, "terminated": 1, "memberUomCode": 298}, {"memberId": 13, "parentMemberId": 1, "memberNameEn": "Federal contributions for government social insurance", "memberNameFr": "Cotisations f\u00e9d\u00e9rales \u00e0 l'assurance sociale", "classificationCode": null, "classificationTypeCode": null, "geoLevel": null, "vintage": null, "terminated": 0, "memberUomCode": 298}, {"memberId": 14, "parentMemberId": null, "memberNameEn": "Total federal government current expenditures", "memberNameFr": "Total des d\u00e9penses de l'administration f\u00e9d\u00e9rale", "classificationCode": null, "classificationTypeCode": null, "geoLevel": null, "vintage": null, "terminated": 0, "memberUomCode": 298}, {"memberId": 15, "parentMemberId": 14, "memberNameEn": "Total federal purchases of goods and services", "memberNameFr": "Total des achats de biens et services par l'administration f\u00e9d\u00e9rale", "classificationCode": null, "classificationTypeCode": null, "geoLevel": null, "vintage": null, "terminated": 1, "memberUomCode": 298}, {"memberId": 16, "parentMemberId": 15, "memberNameEn": "Federal purchases of goods and services, national defense", "memberNameFr": "Achats de biens et services par l'administration f\u00e9d\u00e9rale, d\u00e9fense nationale", "classificationCode": null, "classificationTypeCode": null, "geoLevel": null, "vintage": null, "terminated": 1, "memberUomCode": 298}, {"memberId": 17, "parentMemberId": 15, "memberNameEn": "Federal purchases of goods and services, other", "memberNameFr": "Achats de biens et services par l'administration f\u00e9d\u00e9rale, autres", "classificationCode": null, "classificationTypeCode": null, "geoLevel": null, "vintage": null, "terminated": 1, "memberUomCode": 298}, {"memberId": 18, "parentMemberId": 15, "memberNameEn": "Total federal government consumption expenditures", "memberNameFr": "Total des d\u00e9penses de consommation de l'administration f\u00e9d\u00e9rale", "classificationCode": null, "classificationTypeCode": null, "geoLevel": null, "vintage": null, "terminated": 0, "memberUomCode": 298}, {"memberId": 19, "parentMemberId": 14, "memberNameEn": "Total federal current transfer payments", "memberNameFr": "Total des paiements de transfert f\u00e9d\u00e9raux", "classificationCode": null, "classificationTypeCode": null, "geoLevel": null, "vintage": null, "terminated": 0, "memberUomCode": 298}, {"memberId": 20, "parentMemberId": 19, "memberNameEn": "Federal transfer payments, to persons", "memberNameFr": "Paiements de transfert f\u00e9d\u00e9raux aux particuliers", "classificationCode": null, "classificationTypeCode": null, "geoLevel": null, "vintage": null, "terminated": 0, "memberUomCode": 298}, {"memberId": 21, "parentMemberId": 19, "memberNameEn": "Federal transfer payments, to the rest of the world (net)", "memberNameFr": "Paiements de transfert f\u00e9d\u00e9raux aux \u00e9trangers (valeur nette)", "classificationCode": null, "classificationTypeCode": null, "geoLevel": null, "vintage": null, "terminated": 0, "memberUomCode": 298}, {"memberId": 22, "parentMemberId": 14, "memberNameEn": "Federal grants-in-aid to state and local governments", "memberNameFr": "Subventions f\u00e9d\u00e9rales aux \u00c9tats et aux administrations locales", "classificationCode": null, "classificationTypeCode": null, "geoLevel": null, "vintage": null, "terminated": 0, "memberUomCode": 298}, {"memberId": 23, "parentMemberId": 14, "memberNameEn": "Federal net interest paid", "memberNameFr": "Int\u00e9r\u00eats nets vers\u00e9s par l'administration f\u00e9d\u00e9rale", "classificationCode": null, "classificationTypeCode": null, "geoLevel": null, "vintage": null, "terminated": 1, "memberUomCode": 298}, {"memberId": 24, "parentMemberId": 23, "memberNameEn": "Federal government interest payments", "memberNameFr": "Int\u00e9r\u00eats vers\u00e9s par l'administration f\u00e9d\u00e9rale", "classificationCode": null, "classificationTypeCode": null, "geoLevel": null, "vintage": null, "terminated": 0, "memberUomCode": 298}, {"memberId": 25, "parentMemberId": 24, "memberNameEn": "Federal government interest payments, to persons and business", "memberNameFr": "Int\u00e9r\u00eats vers\u00e9s par l'administration f\u00e9d\u00e9rale aux particuliers et aux entreprises", "classificationCode": null, "classificationTypeCode": null, "geoLevel": null, "vintage": null, "terminated": 0, "memberUomCode": 298}, {"memberId": 26, "parentMemberId": 24, "memberNameEn": "Interest payments, by federal government to the rest of world", "memberNameFr": "Int\u00e9r\u00eats vers\u00e9s par l'administration f\u00e9d\u00e9rale \u00e0 l'\u00e9tranger", "classificationCode": null, "classificationTypeCode": null, "geoLevel": null, "vintage": null, "terminated": 0, "memberUomCode": 298}, {"memberId": 27, "parentMemberId": 23, "memberNameEn": "Interest received by federal government", "memberNameFr": "Int\u00e9r\u00eat per\u00e7us par l'administration f\u00e9d\u00e9rale", "classificationCode": null, "classificationTypeCode": null, "geoLevel": null, "vintage": null, "terminated": 1, "memberUomCode": 298}, {"memberId": 28, "parentMemberId": 14, "memberNameEn": "Federal subsidies less current surplus of government enterprises", "memberNameFr": "Subventions f\u00e9d\u00e9rales moins l'exc\u00e9dent courant des entreprises publiques", "classificationCode": null, "classificationTypeCode": null, "geoLevel": null, "vintage": null, "terminated": 1, "memberUomCode": 298}, {"memberId": 29, "parentMemberId": 28, "memberNameEn": "Federal government subsidies", "memberNameFr": "Subventions f\u00e9d\u00e9rales", "classificationCode": null, "classificationTypeCode": null, "geoLevel": null, "vintage": null, "terminated": 0, "memberUomCode": 298}, {"memberId": 30, "parentMemberId": 28, "memberNameEn": "Current surplus of federal government enterprises", "memberNameFr": "Exc\u00e9dant courant des entreprises publiques f\u00e9d\u00e9rales", "classificationCode": null, "classificationTypeCode": null, "geoLevel": null, "vintage": null, "terminated": 1, "memberUomCode": 298}, {"memberId": 31, "parentMemberId": 14, "memberNameEn": "Federal wage accruals less disbursements", "memberNameFr": "Salaires accumul\u00e9s par l'administration f\u00e9d\u00e9rale moins les versements", "classificationCode": null, "classificationTypeCode": null, "geoLevel": null, "vintage": null, "terminated": 0, "memberUomCode": 298}, {"memberId": 32, "parentMemberId": null, "memberNameEn": "Net federal government saving", "memberNameFr": "\u00c8pargne nette par l'admistration f\u00e9d\u00e9rale", "classificationCode": null, "classificationTypeCode": null, "geoLevel": null, "vintage": null, "terminated": 0, "memberUomCode": 298}, {"memberId": 33, "parentMemberId": 32, "memberNameEn": "Federal social insurance funds", "memberNameFr": "Fondes f\u00e9d\u00e9ral d'assurance sociale", "classificationCode": null, "classificationTypeCode": null, "geoLevel": null, "vintage": null, "terminated": 0, "memberUomCode": 298}, {"memberId": 34, "parentMemberId": 32, "memberNameEn": "Federal government, other", "memberNameFr": "Administration f\u00e9d\u00e9rale, autres", "classificationCode": null, "classificationTypeCode": null, "geoLevel": null, "vintage": null, "terminated": 0, "memberUomCode": 298}, {"memberId": 35, "parentMemberId": null, "memberNameEn": "Total state and local government current receipts", "memberNameFr": "Total des recettes des \u00c9tats et des administrations locales", "classificationCode": null, "classificationTypeCode": null, "geoLevel": null, "vintage": null, "terminated": 0, "memberUomCode": 298}, {"memberId": 36, "parentMemberId": 35, "memberNameEn": "State and local personal current taxes", "memberNameFr": "Recettes des \u00c9tats et des administrations locales au titre de l'imp\u00f4t des particuliers", "classificationCode": null, "classificationTypeCode": null, "geoLevel": null, "vintage": null, "terminated": 0, "memberUomCode": 298}, {"memberId": 37, "parentMemberId": 36, "memberNameEn": "Receipts, income taxes, state and local", "memberNameFr": "Recettes provenant de l'imp\u00f4t sur le revenu", "classificationCode": null, "classificationTypeCode": null, "geoLevel": null, "vintage": null, "terminated": 0, "memberUomCode": 298}, {"memberId": 38, "parentMemberId": 36, "memberNameEn": "Receipts, non-taxes, state and local", "memberNameFr": "Recettes non fiscales, \u00c9tats et administrations locales", "classificationCode": null, "classificationTypeCode": null, "geoLevel": null, "vintage": null, "terminated": 1, "memberUomCode": 298}, {"memberId": 39, "parentMemberId": 36, "memberNameEn": "Receipts, other, state and local", "memberNameFr": "Autres recettes, \u00c9tats et administrations locales", "classificationCode": null, "classificationTypeCode": null, "geoLevel": null, "vintage": null, "terminated": 0, "memberUomCode": 298}, {"memberId": 40, "parentMemberId": 35, "memberNameEn": "State and local taxes on corporate income", "memberNameFr": "Recettes des \u00c9tats et des administrations locales au titre de l'imp\u00f4t sur le revenu des soci\u00e9t\u00e9s", "classificationCode": null, "classificationTypeCode": null, "geoLevel": null, "vintage": null, "terminated": 0, "memberUomCode": 298}, {"memberId": 41, "parentMemberId": 35, "memberNameEn": "State and local taxes on production and imports", "memberNameFr": "Recettes des \u00c9tats et des administrations locales au titre de l'imp\u00f4t sur production et importations", "classificationCode": null, "classificationTypeCode": null, "geoLevel": null, "vintage": null, "terminated": 0, "memberUomCode": 298}, {"memberId": 42, "parentMemberId": 41, "memberNameEn": "Sales taxes, state and local", "memberNameFr": "Placements, taxes de vente, \u00c9tats et administrations locales", "classificationCode": null, "classificationTypeCode": null, "geoLevel": null, "vintage": null, "terminated": 0, "memberUomCode": 298}, {"memberId": 43, "parentMemberId": 41, "memberNameEn": "Property taxes, state and local", "memberNameFr": "Placements, imp\u00f4t foncier, \u00c9tats et administrations locales", "classificationCode": null, "classificationTypeCode": null, "geoLevel": null, "vintage": null, "terminated": 0, "memberUomCode": 298}, {"memberId": 44, "parentMemberId": 41, "memberNameEn": "Other taxes on production and imports, state and local", "memberNameFr": "Autres imp\u00f4t sur production et importations, \u00c9tats et administrations locales", "classificationCode": null, "classificationTypeCode": null, "geoLevel": null, "vintage": null, "terminated": 0, "memberUomCode": 298}, {"memberId": 45, "parentMemberId": 35, "memberNameEn": "State and local contributions for government social insurance", "memberNameFr": "Cotisations des \u00c9tats et administrations locales \u00e0 l'assurance sociale", "classificationCode": null, "classificationTypeCode": null, "geoLevel": null, "vintage": null, "terminated": 0, "memberUomCode": 298}, {"memberId": 46, "parentMemberId": 35, "memberNameEn": "Federal grants-in-aid", "memberNameFr": "Subventions f\u00e9d\u00e9rales", "classificationCode": null, "classificationTypeCode": null, "geoLevel": null, "vintage": null, "terminated": 0, "memberUomCode": 298}, {"memberId": 47, "parentMemberId": null, "memberNameEn": "Total state and local government current expenditures", "memberNameFr": "Total des d\u00e9penses des \u00c9tats et des administrations locales", "classificationCode": null, "classificationTypeCode": null, "geoLevel": null, "vintage": null, "terminated": 0, "memberUomCode": 298}, {"memberId": 48, "parentMemberId": 47, "memberNameEn": "State and local purchases of goods and services", "memberNameFr": "Achats de biens et services par les \u00c9tats et les administrations locales", "classificationCode": null, "classificationTypeCode": null, "geoLevel": null, "vintage": null, "terminated": 1, "memberUomCode": 298}, {"memberId": 49, "parentMemberId": 48, "memberNameEn": "Compensation of employees, state and local", "memberNameFr": "R\u00e9mun\u00e9ration des employ\u00e9s, \u00c9tats et administrations locales", "classificationCode": null, "classificationTypeCode": null, "geoLevel": null, "vintage": null, "terminated": 1, "memberUomCode": 298}, {"memberId": 50, "parentMemberId": 48, "memberNameEn": "Other purchases, state and local", "memberNameFr": "Autres achats, \u00c9tats et administrations locales", "classificationCode": null, "classificationTypeCode": null, "geoLevel": null, "vintage": null, "terminated": 1, "memberUomCode": 298}, {"memberId": 51, "parentMemberId": 48, "memberNameEn": "Consumption expenditures, state and local", "memberNameFr": "D\u00e9penses de consommation, \u00c9tats et administrations locales", "classificationCode": null, "classificationTypeCode": null, "geoLevel": null, "vintage": null, "terminated": 0, "memberUomCode": 298}, {"memberId": 52, "parentMemberId": 47, "memberNameEn": "State and local government social benefit payments to persons", "memberNameFr": "Paiements d'avantages sociaux des \u00c9tats et des administrations locales aux particuliers", "classificationCode": null, "classificationTypeCode": null, "geoLevel": null, "vintage": null, "terminated": 0, "memberUomCode": 298}, {"memberId": 53, "parentMemberId": 47, "memberNameEn": "State and local net interest paid", "memberNameFr": "Int\u00e9r\u00eats nets vers\u00e9s par les \u00c9tats et des administrations locales", "classificationCode": null, "classificationTypeCode": null, "geoLevel": null, "vintage": null, "terminated": 1, "memberUomCode": 298}, {"memberId": 54, "parentMemberId": 53, "memberNameEn": "Interest payments, state and local", "memberNameFr": "Int\u00e9r\u00eats vers\u00e9s, \u00c9tats et administrations locales", "classificationCode": null, "classificationTypeCode": null, "geoLevel": null, "vintage": null, "terminated": 0, "memberUomCode": 298}, {"memberId": 55, "parentMemberId": 53, "memberNameEn": "Interest received by government, state and local", "memberNameFr": "Int\u00e9r\u00eats per\u00e7us par les administrations publiques, \u00c9tats et administrations locales", "classificationCode": null, "classificationTypeCode": null, "geoLevel": null, "vintage": null, "terminated": 1, "memberUomCode": 298}, {"memberId": 56, "parentMemberId": 47, "memberNameEn": "Subsidies less current surplus of government enterprises", "memberNameFr": "Subventions moins l'exc\u00e9dent courant des entreprises publiques", "classificationCode": null, "classificationTypeCode": null, "geoLevel": null, "vintage": null, "terminated": 1, "memberUomCode": 298}, {"memberId": 57, "parentMemberId": 56, "memberNameEn": "Subsidies, state and local", "memberNameFr": "Subventions, \u00c9tats et administrations locales", "classificationCode": null, "classificationTypeCode": null, "geoLevel": null, "vintage": null, "terminated": 0, "memberUomCode": 298}, {"memberId": 58, "parentMemberId": 56, "memberNameEn": "Current surplus of government enterprises, state and local", "memberNameFr": "Exc\u00e9dent courant des entreprises publiques, \u00c9tats et administrations locales", "classificationCode": null, "classificationTypeCode": null, "geoLevel": null, "vintage": null, "terminated": 1, "memberUomCode": 298}, {"memberId": 59, "parentMemberId": 47, "memberNameEn": "State and local wage accruals less disbursements", "memberNameFr": "Salaires accumul\u00e9s par les \u00c9tats et administrations locales moins les versements", "classificationCode": null, "classificationTypeCode": null, "geoLevel": null, "vintage": null, "terminated": 1, "memberUomCode": 298}, {"memberId": 60, "parentMemberId": 47, "memberNameEn": "Dividends received by state and local government", "memberNameFr": "Dividendes per\u00e7us par les \u00c9tats et les administrations locales", "classificationCode": null, "classificationTypeCode": null, "geoLevel": null, "vintage": null, "terminated": 1, "memberUomCode": 298}, {"memberId": 61, "parentMemberId": null, "memberNameEn": "Net state and local government saving", "memberNameFr": "\u00c9pargne nette des \u00c9tats et des administrations locales", "classificationCode": null, "classificationTypeCode": null, "geoLevel": null, "vintage": null, "terminated": 0, "memberUomCode": 298}, {"memberId": 62, "parentMemberId": 61, "memberNameEn": "Social insurance funds, state and local", "memberNameFr": "Fonds d'assurance sociale, \u00c9tats et administrations locales", "classificationCode": null, "classificationTypeCode": null, "geoLevel": null, "vintage": null, "terminated": 0, "memberUomCode": 298}, {"memberId": 63, "parentMemberId": 61, "memberNameEn": "Other expenditures, state and local", "memberNameFr": "Autres d\u00e9penses des \u00c9tats et des administrations locales", "classificationCode": null, "classificationTypeCode": null, "geoLevel": null, "vintage": null, "terminated": 0, "memberUomCode": 298}]}]