[{"dimensionPositionId": 1, "dimensionNameEn": "Geography", "dimensionNameFr": "G\u00e9ographie", "hasUom": false, "member": [{"memberId": 1, "parentMemberId": null, "memberNameEn": "Canada", "memberNameFr": "Canada", "classificationCode": null, "classificationTypeCode": null, "geoLevel": null, "vintage": null, "terminated": 0, "memberUomCode": null}, {"memberId": 2, "parentMemberId": 1, "memberNameEn": "Newfoundland and Labrador", "memberNameFr": "Terre-Neuve-et-Labrador", "classificationCode": null, "classificationTypeCode": null, "geoLevel": null, "vintage": null, "terminated": 0, "memberUomCode": null}, {"memberId": 3, "parentMemberId": 1, "memberNameEn": "Prince Edward Island", "memberNameFr": "\u00cele-du-Prince-\u00c9douard", "classificationCode": null, "classificationTypeCode": null, "geoLevel": null, "vintage": null, "terminated": 0, "memberUomCode": null}, {"memberId": 4, "parentMemberId": 1, "memberNameEn": "Nova Scotia", "memberNameFr": "Nouvelle-\u00c9cosse", "classificationCode": null, "classificationTypeCode": null, "geoLevel": null, "vintage": null, "terminated": 0, "memberUomCode": null}, {"memberId": 5, "parentMemberId": 1, "memberNameEn": "New Brunswick", "memberNameFr": "Nouveau-Brunswick", "classificationCode": null, "classificationTypeCode": null, "geoLevel": null, "vintage": null, "terminated": 0, "memberUomCode": null}, {"memberId": 6, "parentMemberId": 1, "memberNameEn": "Quebec", "memberNameFr": "Qu\u00e9bec", "classificationCode": null, "classificationTypeCode": null, "geoLevel": null, "vintage": null, "terminated": 0, "memberUomCode": null}, {"memberId": 7, "parentMemberId": 1, "memberNameEn": "Ontario", "memberNameFr": "Ontario", "classificationCode": null, "classificationTypeCode": null, "geoLevel": null, "vintage": null, "terminated": 0, "memberUomCode": null}, {"memberId": 8, "parentMemberId": 1, "memberNameEn": "Manitoba", "memberNameFr": "Manitoba", "classificationCode": null, "classificationTypeCode": null, "geoLevel": null, "vintage": null, "terminated": 0, "memberUomCode": null}, {"memberId": 9, "parentMemberId": 1, "memberNameEn": "Saskatchewan", "memberNameFr": "Saskatchewan", "classificationCode": null, "classificationTypeCode": null, "geoLevel": null, "vintage": null, "terminated": 0, "memberUomCode": null}, {"memberId": 10, "parentMemberId": 1, "memberNameEn": "Alberta", "memberNameFr": "Alberta", "classificationCode": null, "classificationTypeCode": null, "geoLevel": null, "vintage": null, "terminated": 0, "memberUomCode": null}, {"memberId": 11, "parentMemberId": 1, "memberNameEn": "British Columbia", "memberNameFr": "Colombie-Britannique", "classificationCode": null, "classificationTypeCode": null, "geoLevel": null, "vintage": null, "terminated": 0, "memberUomCode": null}, {"memberId": 12, "parentMemberId": 1, "memberNameEn": "Yukon", "memberNameFr": "Yukon", "classificationCode": null, "classificationTypeCode": null, "geoLevel": null, "vintage": null, "terminated": 0, "memberUomCode": null}, {"memberId": 13, "parentMemberId": 1, "memberNameEn": "Northwest Territories including Nunavut", "memberNameFr": "Territoires du Nord-Ouest incluant Nunavut", "classificationCode": null, "classificationTypeCode": null, "geoLevel": null, "vintage": null, "terminated": 1, "memberUomCode": null}, {"memberId": 14, "parentMemberId": 1, "memberNameEn": "Northwest Territories", "memberNameFr": "Territoires du Nord-Ouest", "classificationCode": null, "classificationTypeCode": null, "geoLevel": null, "vintage": null, "terminated": 0, "memberUomCode": null}, {"memberId": 15, "parentMemberId": 1, "memberNameEn": "Nunavut", "memberNameFr": "Nunavut", "classificationCode": null, "classificationTypeCode": null, "geoLevel": null, "vintage": null, "terminated": 0, "memberUomCode": null}]}, {"dimensionPositionId": 2, "dimensionNameEn": "Government sectors", "dimensionNameFr": "Secteurs d'administration", "hasUom": false, "member": [{"memberId": 1, "parentMemberId": null, "memberNameEn": "Federal general government", "memberNameFr": "Administration publique g\u00e9n\u00e9rale f\u00e9d\u00e9rale", "classificationCode": null, "classificationTypeCode": null, "geoLevel": null, "vintage": null, "terminated": 0, "memberUomCode": null}, {"memberId": 2, "parentMemberId": null, "memberNameEn": "Provincial and territorial general government", "memberNameFr": "Administrations publiques g\u00e9n\u00e9rales provinciales et territoriales", "classificationCode": null, "classificationTypeCode": null, "geoLevel": null, "vintage": null, "terminated": 0, "memberUomCode": null}]}, {"dimensionPositionId": 3, "dimensionNameEn": "Revenue and expenditure", "dimensionNameFr": "Recettes et d\u00e9penses", "hasUom": true, "member": [{"memberId": 1, "parentMemberId": null, "memberNameEn": "Total revenue", "memberNameFr": "Total des recettes", "classificationCode": null, "classificationTypeCode": null, "geoLevel": null, "vintage": null, "terminated": 0, "memberUomCode": 81}, {"memberId": 2, "parentMemberId": 1, "memberNameEn": "Own source revenue", "memberNameFr": "Recettes de sources propres", "classificationCode": null, "classificationTypeCode": null, "geoLevel": null, "vintage": null, "terminated": 0, "memberUomCode": 81}, {"memberId": 3, "parentMemberId": 2, "memberNameEn": "Income taxes", "memberNameFr": "Imp\u00f4ts sur le revenu", "classificationCode": null, "classificationTypeCode": null, "geoLevel": null, "vintage": null, "terminated": 0, "memberUomCode": 81}, {"memberId": 4, "parentMemberId": 3, "memberNameEn": "Personal income taxes", "memberNameFr": "Imp\u00f4ts sur le revenu des particuliers", "classificationCode": null, "classificationTypeCode": null, "geoLevel": null, "vintage": null, "terminated": 0, "memberUomCode": 81}, {"memberId": 5, "parentMemberId": 3, "memberNameEn": "Corporation income taxes", "memberNameFr": "Imp\u00f4ts sur le revenu des corporations", "classificationCode": null, "classificationTypeCode": null, "geoLevel": null, "vintage": null, "terminated": 0, "memberUomCode": 81}, {"memberId": 6, "parentMemberId": 3, "memberNameEn": "Mining and logging taxes", "memberNameFr": "Imp\u00f4ts sur l'exploitation mini\u00e8re et foresti\u00e8re", "classificationCode": null, "classificationTypeCode": null, "geoLevel": null, "vintage": null, "terminated": 0, "memberUomCode": 81}, {"memberId": 7, "parentMemberId": 3, "memberNameEn": "Taxes on payments to non-residents", "memberNameFr": "Imp\u00f4ts directs des non r\u00e9sidents", "classificationCode": null, "classificationTypeCode": null, "geoLevel": null, "vintage": null, "terminated": 0, "memberUomCode": 81}, {"memberId": 8, "parentMemberId": 3, "memberNameEn": "Other income taxes", "memberNameFr": "Autres imp\u00f4ts sur le revenu", "classificationCode": null, "classificationTypeCode": null, "geoLevel": null, "vintage": null, "terminated": 0, "memberUomCode": 81}, {"memberId": 9, "parentMemberId": 2, "memberNameEn": "Consumption taxes", "memberNameFr": "Taxes \u00e0 la consommation", "classificationCode": null, "classificationTypeCode": null, "geoLevel": null, "vintage": null, "terminated": 0, "memberUomCode": 81}, {"memberId": 10, "parentMemberId": 9, "memberNameEn": "General sales tax", "memberNameFr": "Taxes g\u00e9n\u00e9rales de vente", "classificationCode": null, "classificationTypeCode": null, "geoLevel": null, "vintage": null, "terminated": 0, "memberUomCode": 81}, {"memberId": 11, "parentMemberId": 9, "memberNameEn": "Alcoholic beverages and tobacco taxes", "memberNameFr": "Taxes sur les boissons alcooliques et le tabac", "classificationCode": null, "classificationTypeCode": null, "geoLevel": null, "vintage": null, "terminated": 0, "memberUomCode": 81}, {"memberId": 12, "parentMemberId": 11, "memberNameEn": "Liquor gallonage taxes", "memberNameFr": "Taxes d'accise sur la quantit\u00e9 d'alcool", "classificationCode": null, "classificationTypeCode": null, "geoLevel": null, "vintage": null, "terminated": 0, "memberUomCode": 81}, {"memberId": 13, "parentMemberId": 11, "memberNameEn": "Other liquor taxes", "memberNameFr": "Autres taxes sur les boissons alcooliques", "classificationCode": null, "classificationTypeCode": null, "geoLevel": null, "vintage": null, "terminated": 0, "memberUomCode": 81}, {"memberId": 14, "parentMemberId": 11, "memberNameEn": "Tobacco taxes", "memberNameFr": "Taxes sur le tabac", "classificationCode": null, "classificationTypeCode": null, "geoLevel": null, "vintage": null, "terminated": 0, "memberUomCode": 81}, {"memberId": 15, "parentMemberId": 9, "memberNameEn": "Amusement tax", "memberNameFr": "Taxes sur les divertissements", "classificationCode": null, "classificationTypeCode": null, "geoLevel": null, "vintage": null, "terminated": 0, "memberUomCode": 81}, {"memberId": 16, "parentMemberId": 15, "memberNameEn": "Racetrack betting tax", "memberNameFr": "Taxes sur les paris aux hippodromes", "classificationCode": null, "classificationTypeCode": null, "geoLevel": null, "vintage": null, "terminated": 0, "memberUomCode": 81}, {"memberId": 17, "parentMemberId": 15, "memberNameEn": "Other amusement taxes", "memberNameFr": "Autres taxes sur les divertissements", "classificationCode": null, "classificationTypeCode": null, "geoLevel": null, "vintage": null, "terminated": 0, "memberUomCode": 81}, {"memberId": 18, "parentMemberId": 9, "memberNameEn": "Gasoline and motive fuel taxes", "memberNameFr": "Taxes sur les carburants", "classificationCode": null, "classificationTypeCode": null, "geoLevel": null, "vintage": null, "terminated": 0, "memberUomCode": 81}, {"memberId": 19, "parentMemberId": 9, "memberNameEn": "Custom duties", "memberNameFr": "Droits de douane", "classificationCode": null, "classificationTypeCode": null, "geoLevel": null, "vintage": null, "terminated": 0, "memberUomCode": 81}, {"memberId": 20, "parentMemberId": 9, "memberNameEn": "Liquor profits", "memberNameFr": "B\u00e9n\u00e9fices sur la vente des boissons alcooliques", "classificationCode": null, "classificationTypeCode": null, "geoLevel": null, "vintage": null, "terminated": 0, "memberUomCode": 81}, {"memberId": 21, "parentMemberId": 9, "memberNameEn": "Remitted gaming profits", "memberNameFr": "B\u00e9n\u00e9fices remis tir\u00e9s des jeux de hasard", "classificationCode": null, "classificationTypeCode": null, "geoLevel": null, "vintage": null, "terminated": 0, "memberUomCode": 81}, {"memberId": 22, "parentMemberId": 9, "memberNameEn": "Other consumption taxes", "memberNameFr": "Autres taxes \u00e0 la consommation", "classificationCode": null, "classificationTypeCode": null, "geoLevel": null, "vintage": null, "terminated": 0, "memberUomCode": 81}, {"memberId": 23, "parentMemberId": 22, "memberNameEn": "Air transportation tax", "memberNameFr": "Taxes de transport a\u00e9rien", "classificationCode": null, "classificationTypeCode": null, "geoLevel": null, "vintage": null, "terminated": 0, "memberUomCode": 81}, {"memberId": 24, "parentMemberId": 22, "memberNameEn": "Miscellaneous consumption taxes", "memberNameFr": "Divers taxes \u00e0 la consommation", "classificationCode": null, "classificationTypeCode": null, "geoLevel": null, "vintage": null, "terminated": 0, "memberUomCode": 81}, {"memberId": 25, "parentMemberId": 2, "memberNameEn": "Property and related taxes", "memberNameFr": "Imp\u00f4ts fonciers et imp\u00f4ts connexes", "classificationCode": null, "classificationTypeCode": null, "geoLevel": null, "vintage": null, "terminated": 0, "memberUomCode": 81}, {"memberId": 26, "parentMemberId": 25, "memberNameEn": "General property taxes", "memberNameFr": "Imp\u00f4ts fonciers", "classificationCode": null, "classificationTypeCode": null, "geoLevel": null, "vintage": null, "terminated": 0, "memberUomCode": 81}, {"memberId": 27, "parentMemberId": 25, "memberNameEn": "Capital taxes", "memberNameFr": "Imp\u00f4ts sur le capital", "classificationCode": null, "classificationTypeCode": null, "geoLevel": null, "vintage": null, "terminated": 0, "memberUomCode": 81}, {"memberId": 28, "parentMemberId": 25, "memberNameEn": "Other property and related taxes", "memberNameFr": "Autres imp\u00f4ts fonciers et imp\u00f4ts connexes", "classificationCode": null, "classificationTypeCode": null, "geoLevel": null, "vintage": null, "terminated": 0, "memberUomCode": 81}, {"memberId": 29, "parentMemberId": 2, "memberNameEn": "Other taxes", "memberNameFr": "Autres imp\u00f4ts", "classificationCode": null, "classificationTypeCode": null, "geoLevel": null, "vintage": null, "terminated": 0, "memberUomCode": 81}, {"memberId": 30, "parentMemberId": 29, "memberNameEn": "Payroll taxes", "memberNameFr": "Imp\u00f4ts sur la masse salariale", "classificationCode": null, "classificationTypeCode": null, "geoLevel": null, "vintage": null, "terminated": 0, "memberUomCode": 81}, {"memberId": 31, "parentMemberId": 29, "memberNameEn": "Motor vehicle licences", "memberNameFr": "Immatriculation, droits et permis - v\u00e9hicules automobiles", "classificationCode": null, "classificationTypeCode": null, "geoLevel": null, "vintage": null, "terminated": 0, "memberUomCode": 81}, {"memberId": 32, "parentMemberId": 29, "memberNameEn": "Natural resource taxes and licences", "memberNameFr": "Taxes et permis provenant de l'exploitation des ressources naturelles", "classificationCode": null, "classificationTypeCode": null, "geoLevel": null, "vintage": null, "terminated": 0, "memberUomCode": 81}, {"memberId": 146, "parentMemberId": 32, "memberNameEn": "Natural resource taxes", "memberNameFr": "Taxes provenant de l'exploitation des ressources naturelles", "classificationCode": null, "classificationTypeCode": null, "geoLevel": null, "vintage": null, "terminated": 0, "memberUomCode": 81}, {"memberId": 147, "parentMemberId": 32, "memberNameEn": "Natural resource licences", "memberNameFr": "Permis provenant de l'exploitation des ressources naturelles", "classificationCode": null, "classificationTypeCode": null, "geoLevel": null, "vintage": null, "terminated": 0, "memberUomCode": 81}, {"memberId": 33, "parentMemberId": 29, "memberNameEn": "Miscellaneous taxes", "memberNameFr": "Imp\u00f4ts divers", "classificationCode": null, "classificationTypeCode": null, "geoLevel": null, "vintage": null, "terminated": 0, "memberUomCode": 81}, {"memberId": 34, "parentMemberId": 2, "memberNameEn": "Health and drug insurance premiums", "memberNameFr": "Primes d'assurance-maladie et d'assurance-m\u00e9dicaments", "classificationCode": null, "classificationTypeCode": null, "geoLevel": null, "vintage": null, "terminated": 0, "memberUomCode": 81}, {"memberId": 35, "parentMemberId": 2, "memberNameEn": "Contributions to social security plans", "memberNameFr": "Contributions aux r\u00e9gimes de s\u00e9curit\u00e9 sociale", "classificationCode": null, "classificationTypeCode": null, "geoLevel": null, "vintage": null, "terminated": 0, "memberUomCode": 81}, {"memberId": 36, "parentMemberId": 35, "memberNameEn": "Employment insurance contributions", "memberNameFr": "Cotisations a l'assurance-emploi", "classificationCode": null, "classificationTypeCode": null, "geoLevel": null, "vintage": null, "terminated": 0, "memberUomCode": 81}, {"memberId": 37, "parentMemberId": 35, "memberNameEn": "Other social security plan contributions", "memberNameFr": "Autres contributions aux r\u00e9gimes de s\u00e9curit\u00e9-sociale", "classificationCode": null, "classificationTypeCode": null, "geoLevel": null, "vintage": null, "terminated": 0, "memberUomCode": 81}, {"memberId": 38, "parentMemberId": 2, "memberNameEn": "Sales of goods and services", "memberNameFr": "Vente de biens et services", "classificationCode": null, "classificationTypeCode": null, "geoLevel": null, "vintage": null, "terminated": 0, "memberUomCode": 81}, {"memberId": 39, "parentMemberId": 2, "memberNameEn": "Investment income", "memberNameFr": "Revenus de placements", "classificationCode": null, "classificationTypeCode": null, "geoLevel": null, "vintage": null, "terminated": 0, "memberUomCode": 81}, {"memberId": 40, "parentMemberId": 39, "memberNameEn": "Natural resource royalties", "memberNameFr": "Redevances per\u00e7ues sur les ressources naturelles", "classificationCode": null, "classificationTypeCode": null, "geoLevel": null, "vintage": null, "terminated": 0, "memberUomCode": 81}, {"memberId": 41, "parentMemberId": 40, "memberNameEn": "Oil and gas royalties", "memberNameFr": "Redevances p\u00e9troli\u00e8res et d'exploitation du gaz", "classificationCode": null, "classificationTypeCode": null, "geoLevel": null, "vintage": null, "terminated": 0, "memberUomCode": 81}, {"memberId": 42, "parentMemberId": 40, "memberNameEn": "Forestry royalties", "memberNameFr": "Redevances foresti\u00e8res", "classificationCode": null, "classificationTypeCode": null, "geoLevel": null, "vintage": null, "terminated": 0, "memberUomCode": 81}, {"memberId": 43, "parentMemberId": 40, "memberNameEn": "Mineral royalties", "memberNameFr": "Redevances mini\u00e8res", "classificationCode": null, "classificationTypeCode": null, "geoLevel": null, "vintage": null, "terminated": 0, "memberUomCode": 81}, {"memberId": 44, "parentMemberId": 40, "memberNameEn": "Water power royalties", "memberNameFr": "Redevances d'utilisation de l'eau", "classificationCode": null, "classificationTypeCode": null, "geoLevel": null, "vintage": null, "terminated": 0, "memberUomCode": 81}, {"memberId": 45, "parentMemberId": 40, "memberNameEn": "Other natural resource royalties", "memberNameFr": "Autres redevances per\u00e7ues sur les ressources naturelles", "classificationCode": null, "classificationTypeCode": null, "geoLevel": null, "vintage": null, "terminated": 0, "memberUomCode": 81}, {"memberId": 46, "parentMemberId": 39, "memberNameEn": "Remitted trading profits", "memberNameFr": "Profits commerciaux remis", "classificationCode": null, "classificationTypeCode": null, "geoLevel": null, "vintage": null, "terminated": 0, "memberUomCode": 81}, {"memberId": 47, "parentMemberId": 39, "memberNameEn": "Interest income", "memberNameFr": "Int\u00e9r\u00eats", "classificationCode": null, "classificationTypeCode": null, "geoLevel": null, "vintage": null, "terminated": 0, "memberUomCode": 81}, {"memberId": 48, "parentMemberId": 47, "memberNameEn": "Interest income from own enterprises", "memberNameFr": "Int\u00e9r\u00eats re\u00e7us des entreprises publiques propres", "classificationCode": null, "classificationTypeCode": null, "geoLevel": null, "vintage": null, "terminated": 0, "memberUomCode": 81}, {"memberId": 49, "parentMemberId": 47, "memberNameEn": "Other interest income", "memberNameFr": "Autres int\u00e9r\u00eats", "classificationCode": null, "classificationTypeCode": null, "geoLevel": null, "vintage": null, "terminated": 0, "memberUomCode": 81}, {"memberId": 50, "parentMemberId": 39, "memberNameEn": "Other investment income", "memberNameFr": "Autres revenus de placements", "classificationCode": null, "classificationTypeCode": null, "geoLevel": null, "vintage": null, "terminated": 0, "memberUomCode": 81}, {"memberId": 51, "parentMemberId": 2, "memberNameEn": "Other revenue from own sources", "memberNameFr": "Autres recettes de sources propres", "classificationCode": null, "classificationTypeCode": null, "geoLevel": null, "vintage": null, "terminated": 0, "memberUomCode": 81}, {"memberId": 52, "parentMemberId": 51, "memberNameEn": "Other fines and penalties", "memberNameFr": "Autres amendes et p\u00e9nalit\u00e9s", "classificationCode": null, "classificationTypeCode": null, "geoLevel": null, "vintage": null, "terminated": 0, "memberUomCode": 81}, {"memberId": 53, "parentMemberId": 51, "memberNameEn": "Capital transfers from own sources", "memberNameFr": "Transferts de nature capitale de sources propres", "classificationCode": null, "classificationTypeCode": null, "geoLevel": null, "vintage": null, "terminated": 0, "memberUomCode": 81}, {"memberId": 54, "parentMemberId": 51, "memberNameEn": "Other donations", "memberNameFr": "Autres dons", "classificationCode": null, "classificationTypeCode": null, "geoLevel": null, "vintage": null, "terminated": 0, "memberUomCode": 81}, {"memberId": 55, "parentMemberId": 51, "memberNameEn": "Miscellaneous revenue from own sources", "memberNameFr": "Diverses recettes de sources propres", "classificationCode": null, "classificationTypeCode": null, "geoLevel": null, "vintage": null, "terminated": 0, "memberUomCode": 81}, {"memberId": 56, "parentMemberId": 1, "memberNameEn": "General purpose transfers from other government subsectors", "memberNameFr": "Transferts \u00e0 des fins g\u00e9n\u00e9rales en provenance des autres composantes de l'administration publique", "classificationCode": null, "classificationTypeCode": null, "geoLevel": null, "vintage": null, "terminated": 0, "memberUomCode": 81}, {"memberId": 57, "parentMemberId": 1, "memberNameEn": "Specific purpose transfers from other government subsectors", "memberNameFr": "Transferts \u00e0 des fins particuli\u00e8res en provenance des autres composantes de l'administration publique", "classificationCode": null, "classificationTypeCode": null, "geoLevel": null, "vintage": null, "terminated": 0, "memberUomCode": 81}, {"memberId": 58, "parentMemberId": null, "memberNameEn": "Total expenditures", "memberNameFr": "Total des d\u00e9penses", "classificationCode": null, "classificationTypeCode": null, "geoLevel": null, "vintage": null, "terminated": 0, "memberUomCode": 81}, {"memberId": 59, "parentMemberId": 58, "memberNameEn": "General government services", "memberNameFr": "Services g\u00e9n\u00e9raux de l'administration publique", "classificationCode": null, "classificationTypeCode": null, "geoLevel": null, "vintage": null, "terminated": 0, "memberUomCode": 81}, {"memberId": 60, "parentMemberId": 59, "memberNameEn": "Executive and legislature", "memberNameFr": "Organismes ex\u00e9cutifs et organismes l\u00e9gislatifs", "classificationCode": null, "classificationTypeCode": null, "geoLevel": null, "vintage": null, "terminated": 0, "memberUomCode": 81}, {"memberId": 61, "parentMemberId": 59, "memberNameEn": "General administrative", "memberNameFr": "Administration g\u00e9n\u00e9rale", "classificationCode": null, "classificationTypeCode": null, "geoLevel": null, "vintage": null, "terminated": 0, "memberUomCode": 81}, {"memberId": 62, "parentMemberId": 59, "memberNameEn": "Other general government services", "memberNameFr": "Autres services g\u00e9n\u00e9raux", "classificationCode": null, "classificationTypeCode": null, "geoLevel": null, "vintage": null, "terminated": 0, "memberUomCode": 81}, {"memberId": 63, "parentMemberId": 58, "memberNameEn": "Protection of persons and property", "memberNameFr": "Protection de la personne et de la propri\u00e9t\u00e9", "classificationCode": null, "classificationTypeCode": null, "geoLevel": null, "vintage": null, "terminated": 0, "memberUomCode": 81}, {"memberId": 64, "parentMemberId": 63, "memberNameEn": "National defence", "memberNameFr": "D\u00e9fense nationale", "classificationCode": null, "classificationTypeCode": null, "geoLevel": null, "vintage": null, "terminated": 0, "memberUomCode": 81}, {"memberId": 65, "parentMemberId": 63, "memberNameEn": "Courts of law", "memberNameFr": "Cours de justice", "classificationCode": null, "classificationTypeCode": null, "geoLevel": null, "vintage": null, "terminated": 0, "memberUomCode": 81}, {"memberId": 66, "parentMemberId": 63, "memberNameEn": "Correction and rehabilitation services", "memberNameFr": "Services correctionnels et de r\u00e9adaptation", "classificationCode": null, "classificationTypeCode": null, "geoLevel": null, "vintage": null, "terminated": 0, "memberUomCode": 81}, {"memberId": 67, "parentMemberId": 63, "memberNameEn": "Policing", "memberNameFr": "Services de police", "classificationCode": null, "classificationTypeCode": null, "geoLevel": null, "vintage": null, "terminated": 0, "memberUomCode": 81}, {"memberId": 68, "parentMemberId": 63, "memberNameEn": "Regulatory measures", "memberNameFr": "Services de r\u00e9glementation", "classificationCode": null, "classificationTypeCode": null, "geoLevel": null, "vintage": null, "terminated": 0, "memberUomCode": 81}, {"memberId": 69, "parentMemberId": 63, "memberNameEn": "Other protection of persons and property", "memberNameFr": "Autres services de protection de la personne et de la propri\u00e9t\u00e9", "classificationCode": null, "classificationTypeCode": null, "geoLevel": null, "vintage": null, "terminated": 0, "memberUomCode": 81}, {"memberId": 70, "parentMemberId": 58, "memberNameEn": "Transportation and communication", "memberNameFr": "Transports et communications", "classificationCode": null, "classificationTypeCode": null, "geoLevel": null, "vintage": null, "terminated": 0, "memberUomCode": 81}, {"memberId": 71, "parentMemberId": 70, "memberNameEn": "Air transport", "memberNameFr": "Transport a\u00e9rien", "classificationCode": null, "classificationTypeCode": null, "geoLevel": null, "vintage": null, "terminated": 0, "memberUomCode": 81}, {"memberId": 72, "parentMemberId": 70, "memberNameEn": "Road transport", "memberNameFr": "Transport routier", "classificationCode": null, "classificationTypeCode": null, "geoLevel": null, "vintage": null, "terminated": 0, "memberUomCode": 81}, {"memberId": 145, "parentMemberId": 58, "memberNameEn": "Public transit", "memberNameFr": "Transport en commun", "classificationCode": null, "classificationTypeCode": null, "geoLevel": null, "vintage": null, "terminated": 0, "memberUomCode": 81}, {"memberId": 73, "parentMemberId": 145, "memberNameEn": "Rail transport", "memberNameFr": "Transport par chemin de fer", "classificationCode": null, "classificationTypeCode": null, "geoLevel": null, "vintage": null, "terminated": 0, "memberUomCode": 81}, {"memberId": 74, "parentMemberId": 145, "memberNameEn": "Water transport", "memberNameFr": "Transport maritime", "classificationCode": null, "classificationTypeCode": null, "geoLevel": null, "vintage": null, "terminated": 0, "memberUomCode": 81}, {"memberId": 75, "parentMemberId": 145, "memberNameEn": "Telecommunications", "memberNameFr": "T\u00e9l\u00e9communications", "classificationCode": null, "classificationTypeCode": null, "geoLevel": null, "vintage": null, "terminated": 0, "memberUomCode": 81}, {"memberId": 76, "parentMemberId": 145, "memberNameEn": "Other transportation and communication", "memberNameFr": "Autres services de transports et de communication", "classificationCode": null, "classificationTypeCode": null, "geoLevel": null, "vintage": null, "terminated": 0, "memberUomCode": 81}, {"memberId": 77, "parentMemberId": 58, "memberNameEn": "Health", "memberNameFr": "Sant\u00e9", "classificationCode": null, "classificationTypeCode": null, "geoLevel": null, "vintage": null, "terminated": 0, "memberUomCode": 81}, {"memberId": 78, "parentMemberId": 77, "memberNameEn": "Hospital care", "memberNameFr": "Soins hospitaliers", "classificationCode": null, "classificationTypeCode": null, "geoLevel": null, "vintage": null, "terminated": 0, "memberUomCode": 81}, {"memberId": 79, "parentMemberId": 77, "memberNameEn": "Medical care", "memberNameFr": "Soins m\u00e9dicaux", "classificationCode": null, "classificationTypeCode": null, "geoLevel": null, "vintage": null, "terminated": 0, "memberUomCode": 81}, {"memberId": 80, "parentMemberId": 77, "memberNameEn": "Preventive care", "memberNameFr": "Soins pr\u00e9ventifs", "classificationCode": null, "classificationTypeCode": null, "geoLevel": null, "vintage": null, "terminated": 0, "memberUomCode": 81}, {"memberId": 81, "parentMemberId": 77, "memberNameEn": "Other health services", "memberNameFr": "Autres services de sant\u00e9", "classificationCode": null, "classificationTypeCode": null, "geoLevel": null, "vintage": null, "terminated": 0, "memberUomCode": 81}, {"memberId": 82, "parentMemberId": 58, "memberNameEn": "Social services", "memberNameFr": "Services sociaux", "classificationCode": null, "classificationTypeCode": null, "geoLevel": null, "vintage": null, "terminated": 0, "memberUomCode": 81}, {"memberId": 83, "parentMemberId": 82, "memberNameEn": "Social assistance", "memberNameFr": "Assistance sociale", "classificationCode": null, "classificationTypeCode": null, "geoLevel": null, "vintage": null, "terminated": 0, "memberUomCode": 81}, {"memberId": 84, "parentMemberId": 83, "memberNameEn": "Income maintenance", "memberNameFr": "Pr\u00e9servation du revenu", "classificationCode": null, "classificationTypeCode": null, "geoLevel": null, "vintage": null, "terminated": 0, "memberUomCode": 81}, {"memberId": 85, "parentMemberId": 83, "memberNameEn": "Other social assistance", "memberNameFr": "Autre assistance sociale", "classificationCode": null, "classificationTypeCode": null, "geoLevel": null, "vintage": null, "terminated": 0, "memberUomCode": 81}, {"memberId": 86, "parentMemberId": 85, "memberNameEn": "Social security", "memberNameFr": "S\u00e9curit\u00e9 sociale", "classificationCode": null, "classificationTypeCode": null, "geoLevel": null, "vintage": null, "terminated": 0, "memberUomCode": 81}, {"memberId": 87, "parentMemberId": 85, "memberNameEn": "Family allowances", "memberNameFr": "Allocations familiales", "classificationCode": null, "classificationTypeCode": null, "geoLevel": null, "vintage": null, "terminated": 0, "memberUomCode": 81}, {"memberId": 88, "parentMemberId": 85, "memberNameEn": "Miscellaneous social assistance", "memberNameFr": "Autres formes d'assistance sociale", "classificationCode": null, "classificationTypeCode": null, "geoLevel": null, "vintage": null, "terminated": 0, "memberUomCode": 81}, {"memberId": 89, "parentMemberId": 82, "memberNameEn": "Workers' compensation benefits", "memberNameFr": "Indemnit\u00e9s aux victimes d'accidents du travail", "classificationCode": null, "classificationTypeCode": null, "geoLevel": null, "vintage": null, "terminated": 0, "memberUomCode": 81}, {"memberId": 90, "parentMemberId": 82, "memberNameEn": "Employee pension plan benefits and changes in equity", "memberNameFr": "Prestations des r\u00e9gimes de retraite des employ\u00e9s et variation de l'avoir", "classificationCode": null, "classificationTypeCode": null, "geoLevel": null, "vintage": null, "terminated": 0, "memberUomCode": 81}, {"memberId": 91, "parentMemberId": 82, "memberNameEn": "Veterans' benefits", "memberNameFr": "Prestations aux anciens combattants", "classificationCode": null, "classificationTypeCode": null, "geoLevel": null, "vintage": null, "terminated": 0, "memberUomCode": 81}, {"memberId": 92, "parentMemberId": 82, "memberNameEn": "Other social services", "memberNameFr": "Autres services sociaux", "classificationCode": null, "classificationTypeCode": null, "geoLevel": null, "vintage": null, "terminated": 0, "memberUomCode": 81}, {"memberId": 93, "parentMemberId": 82, "memberNameEn": "Motor vehicle accident compensation", "memberNameFr": "Indemnit\u00e9s aux victimes d'accidents d'automobile", "classificationCode": null, "classificationTypeCode": null, "geoLevel": null, "vintage": null, "terminated": 0, "memberUomCode": 81}, {"memberId": 94, "parentMemberId": 58, "memberNameEn": "Education", "memberNameFr": "\u00c9ducation", "classificationCode": null, "classificationTypeCode": null, "geoLevel": null, "vintage": null, "terminated": 0, "memberUomCode": 81}, {"memberId": 95, "parentMemberId": 94, "memberNameEn": "Elementary and secondary education", "memberNameFr": "\u00c9ducation \u00e9l\u00e9mentaire et secondaire", "classificationCode": null, "classificationTypeCode": null, "geoLevel": null, "vintage": null, "terminated": 0, "memberUomCode": 81}, {"memberId": 96, "parentMemberId": 94, "memberNameEn": "Postsecondary education", "memberNameFr": "\u00c9ducation postsecondaire", "classificationCode": null, "classificationTypeCode": null, "geoLevel": null, "vintage": null, "terminated": 0, "memberUomCode": 81}, {"memberId": 97, "parentMemberId": 94, "memberNameEn": "Special retraining services", "memberNameFr": "Services particuliers de recyclage", "classificationCode": null, "classificationTypeCode": null, "geoLevel": null, "vintage": null, "terminated": 0, "memberUomCode": 81}, {"memberId": 98, "parentMemberId": 94, "memberNameEn": "Other education", "memberNameFr": "Autre \u00e9ducation", "classificationCode": null, "classificationTypeCode": null, "geoLevel": null, "vintage": null, "terminated": 0, "memberUomCode": 81}, {"memberId": 99, "parentMemberId": 58, "memberNameEn": "Resource conservation and industrial development", "memberNameFr": "Conservation des ressources et d\u00e9veloppement de l'industrie", "classificationCode": null, "classificationTypeCode": null, "geoLevel": null, "vintage": null, "terminated": 0, "memberUomCode": 81}, {"memberId": 100, "parentMemberId": 99, "memberNameEn": "Agriculture", "memberNameFr": "Agriculture", "classificationCode": null, "classificationTypeCode": null, "geoLevel": null, "vintage": null, "terminated": 0, "memberUomCode": 81}, {"memberId": 101, "parentMemberId": 99, "memberNameEn": "Fish and game", "memberNameFr": "Chasse et p\u00eache", "classificationCode": null, "classificationTypeCode": null, "geoLevel": null, "vintage": null, "terminated": 0, "memberUomCode": 81}, {"memberId": 102, "parentMemberId": 99, "memberNameEn": "Oil and gas", "memberNameFr": "P\u00e9trole et gaz", "classificationCode": null, "classificationTypeCode": null, "geoLevel": null, "vintage": null, "terminated": 0, "memberUomCode": 81}, {"memberId": 103, "parentMemberId": 99, "memberNameEn": "Forestry", "memberNameFr": "For\u00eats", "classificationCode": null, "classificationTypeCode": null, "geoLevel": null, "vintage": null, "terminated": 0, "memberUomCode": 81}, {"memberId": 104, "parentMemberId": 99, "memberNameEn": "Mining", "memberNameFr": "Mines", "classificationCode": null, "classificationTypeCode": null, "geoLevel": null, "vintage": null, "terminated": 0, "memberUomCode": 81}, {"memberId": 105, "parentMemberId": 99, "memberNameEn": "Water power", "memberNameFr": "\u00c9nergie hydraulique", "classificationCode": null, "classificationTypeCode": null, "geoLevel": null, "vintage": null, "terminated": 0, "memberUomCode": 81}, {"memberId": 106, "parentMemberId": 99, "memberNameEn": "Tourism promotion", "memberNameFr": "Tourisme", "classificationCode": null, "classificationTypeCode": null, "geoLevel": null, "vintage": null, "terminated": 0, "memberUomCode": 81}, {"memberId": 107, "parentMemberId": 99, "memberNameEn": "Trade and industry", "memberNameFr": "Commerce et industrie", "classificationCode": null, "classificationTypeCode": null, "geoLevel": null, "vintage": null, "terminated": 0, "memberUomCode": 81}, {"memberId": 108, "parentMemberId": 99, "memberNameEn": "Other resource conservation and industrial development", "memberNameFr": "Autres services concernant la conservation des ressources et le d\u00e9veloppement industrie", "classificationCode": null, "classificationTypeCode": null, "geoLevel": null, "vintage": null, "terminated": 0, "memberUomCode": 81}, {"memberId": 109, "parentMemberId": 58, "memberNameEn": "Environment", "memberNameFr": "Environnement", "classificationCode": null, "classificationTypeCode": null, "geoLevel": null, "vintage": null, "terminated": 0, "memberUomCode": 81}, {"memberId": 110, "parentMemberId": 109, "memberNameEn": "Water purification and supply", "memberNameFr": "Approvisionnement en eau et \u00e9puration de l'eau", "classificationCode": null, "classificationTypeCode": null, "geoLevel": null, "vintage": null, "terminated": 0, "memberUomCode": 81}, {"memberId": 111, "parentMemberId": 109, "memberNameEn": "Pollution control", "memberNameFr": "Contr\u00f4le de la pollution", "classificationCode": null, "classificationTypeCode": null, "geoLevel": null, "vintage": null, "terminated": 0, "memberUomCode": 81}, {"memberId": 112, "parentMemberId": 109, "memberNameEn": "Other environmental services", "memberNameFr": "Autres services concernent l'environnement", "classificationCode": null, "classificationTypeCode": null, "geoLevel": null, "vintage": null, "terminated": 0, "memberUomCode": 81}, {"memberId": 113, "parentMemberId": 58, "memberNameEn": "Recreation and culture", "memberNameFr": "Loisirs et culture", "classificationCode": null, "classificationTypeCode": null, "geoLevel": null, "vintage": null, "terminated": 0, "memberUomCode": 81}, {"memberId": 114, "parentMemberId": 113, "memberNameEn": "Recreation", "memberNameFr": "Loisirs", "classificationCode": null, "classificationTypeCode": null, "geoLevel": null, "vintage": null, "terminated": 0, "memberUomCode": 81}, {"memberId": 115, "parentMemberId": 113, "memberNameEn": "Culture", "memberNameFr": "Culture", "classificationCode": null, "classificationTypeCode": null, "geoLevel": null, "vintage": null, "terminated": 0, "memberUomCode": 81}, {"memberId": 116, "parentMemberId": 115, "memberNameEn": "Libraries", "memberNameFr": "Biblioth\u00e8ques", "classificationCode": null, "classificationTypeCode": null, "geoLevel": null, "vintage": null, "terminated": 0, "memberUomCode": 81}, {"memberId": 117, "parentMemberId": 115, "memberNameEn": "Art galleries and museums", "memberNameFr": "Galeries d'art et mus\u00e9es", "classificationCode": null, "classificationTypeCode": null, "geoLevel": null, "vintage": null, "terminated": 0, "memberUomCode": 81}, {"memberId": 118, "parentMemberId": 115, "memberNameEn": "Other culture", "memberNameFr": "Autres services de loisirs et de culture", "classificationCode": null, "classificationTypeCode": null, "geoLevel": null, "vintage": null, "terminated": 0, "memberUomCode": 81}, {"memberId": 119, "parentMemberId": 113, "memberNameEn": "Broadcasting", "memberNameFr": "Radiodiffusion et t\u00e9l\u00e9vision", "classificationCode": null, "classificationTypeCode": null, "geoLevel": null, "vintage": null, "terminated": 0, "memberUomCode": 81}, {"memberId": 120, "parentMemberId": 113, "memberNameEn": "Other recreation and culture", "memberNameFr": "Autres loisirs et culture", "classificationCode": null, "classificationTypeCode": null, "geoLevel": null, "vintage": null, "terminated": 0, "memberUomCode": 81}, {"memberId": 121, "parentMemberId": 58, "memberNameEn": "Labour, employment and immigration", "memberNameFr": "Travail, emploi et immigration", "classificationCode": null, "classificationTypeCode": null, "geoLevel": null, "vintage": null, "terminated": 0, "memberUomCode": 81}, {"memberId": 122, "parentMemberId": 121, "memberNameEn": "Labour and employment", "memberNameFr": "Travail et emploi", "classificationCode": null, "classificationTypeCode": null, "geoLevel": null, "vintage": null, "terminated": 0, "memberUomCode": 81}, {"memberId": 123, "parentMemberId": 121, "memberNameEn": "Immigration", "memberNameFr": "Immigration", "classificationCode": null, "classificationTypeCode": null, "geoLevel": null, "vintage": null, "terminated": 0, "memberUomCode": 81}, {"memberId": 124, "parentMemberId": 121, "memberNameEn": "Other labour, employment and immigration", "memberNameFr": "Autres services concernant le travail, emploi et immigration", "classificationCode": null, "classificationTypeCode": null, "geoLevel": null, "vintage": null, "terminated": 0, "memberUomCode": 81}, {"memberId": 125, "parentMemberId": 58, "memberNameEn": "Housing", "memberNameFr": "Logement", "classificationCode": null, "classificationTypeCode": null, "geoLevel": null, "vintage": null, "terminated": 0, "memberUomCode": 81}, {"memberId": 126, "parentMemberId": 58, "memberNameEn": "Foreign affairs and international assistance", "memberNameFr": "Affaires ext\u00e9rieures et aide internationale", "classificationCode": null, "classificationTypeCode": null, "geoLevel": null, "vintage": null, "terminated": 0, "memberUomCode": 81}, {"memberId": 127, "parentMemberId": 58, "memberNameEn": "Regional planning and development", "memberNameFr": "Planification et am\u00e9nagement des r\u00e9gions", "classificationCode": null, "classificationTypeCode": null, "geoLevel": null, "vintage": null, "terminated": 0, "memberUomCode": 81}, {"memberId": 128, "parentMemberId": 58, "memberNameEn": "Research establishments", "memberNameFr": "\u00c9tablissements de recherche", "classificationCode": null, "classificationTypeCode": null, "geoLevel": null, "vintage": null, "terminated": 0, "memberUomCode": 81}, {"memberId": 129, "parentMemberId": 58, "memberNameEn": "General purpose transfers to other government subsectors", "memberNameFr": "Transferts \u00e0 des fins g\u00e9n\u00e9rales aux autres composantes de l'administration publique", "classificationCode": null, "classificationTypeCode": null, "geoLevel": null, "vintage": null, "terminated": 0, "memberUomCode": 81}, {"memberId": 130, "parentMemberId": 129, "memberNameEn": "General purpose transfers to provincial and territorial governments", "memberNameFr": "Transferts \u00e0 des fins g\u00e9n\u00e9rales aux administration publiques provinciales et territoriales", "classificationCode": null, "classificationTypeCode": null, "geoLevel": null, "vintage": null, "terminated": 0, "memberUomCode": 81}, {"memberId": 131, "parentMemberId": 130, "memberNameEn": "Statutory subsidies", "memberNameFr": "Subventions statutaires", "classificationCode": null, "classificationTypeCode": null, "geoLevel": null, "vintage": null, "terminated": 0, "memberUomCode": 81}, {"memberId": 132, "parentMemberId": 130, "memberNameEn": "Equalization", "memberNameFr": "P\u00e9r\u00e9quation", "classificationCode": null, "classificationTypeCode": null, "geoLevel": null, "vintage": null, "terminated": 0, "memberUomCode": 81}, {"memberId": 133, "parentMemberId": 130, "memberNameEn": "Canada health and social transfer", "memberNameFr": "Transfert Canadien en mati\u00e8re de sant\u00e9 et de programmes sociale", "classificationCode": null, "classificationTypeCode": null, "geoLevel": null, "vintage": null, "terminated": 0, "memberUomCode": 81}, {"memberId": 144, "parentMemberId": 130, "memberNameEn": "Canada social transfer (CST)", "memberNameFr": "Transfert social canadien (TSC)", "classificationCode": null, "classificationTypeCode": null, "geoLevel": null, "vintage": null, "terminated": 0, "memberUomCode": 81}, {"memberId": 134, "parentMemberId": 130, "memberNameEn": "Reciprocal taxation agreement", "memberNameFr": "Accord de r\u00e9ciprocit\u00e9 fiscale", "classificationCode": null, "classificationTypeCode": null, "geoLevel": null, "vintage": null, "terminated": 1, "memberUomCode": 81}, {"memberId": 135, "parentMemberId": 130, "memberNameEn": "Other general purpose transfers to provincial and territorial governments", "memberNameFr": "Autres transferts \u00e0 des fins g\u00e9n\u00e9rales aux administrations publiques provinciales et territoriales", "classificationCode": null, "classificationTypeCode": null, "geoLevel": null, "vintage": null, "terminated": 0, "memberUomCode": 81}, {"memberId": 142, "parentMemberId": 130, "memberNameEn": "Canada Health and Social Transfer (CHST) supplement for health", "memberNameFr": "Suppl\u00e9ment de Transfert canadien en mati\u00e8re de sant\u00e9 et de programmes sociaux (TCSPS)", "classificationCode": null, "classificationTypeCode": null, "geoLevel": null, "vintage": null, "terminated": 0, "memberUomCode": 81}, {"memberId": 143, "parentMemberId": 129, "memberNameEn": "General purpose transfers to municipal governments", "memberNameFr": "Transferts \u00e0 des fins g\u00e9n\u00e9rales aux administrations publiques municipales", "classificationCode": null, "classificationTypeCode": null, "geoLevel": null, "vintage": null, "terminated": 0, "memberUomCode": 81}, {"memberId": 136, "parentMemberId": 58, "memberNameEn": "Debt charges", "memberNameFr": "Service de la dette", "classificationCode": null, "classificationTypeCode": null, "geoLevel": null, "vintage": null, "terminated": 0, "memberUomCode": 81}, {"memberId": 137, "parentMemberId": 136, "memberNameEn": "Interest due, borrow on behalf special funds", "memberNameFr": "Int\u00e9r\u00eats verses pour compte des fonds sp\u00e9ciaux", "classificationCode": null, "classificationTypeCode": null, "geoLevel": null, "vintage": null, "terminated": 0, "memberUomCode": 81}, {"memberId": 138, "parentMemberId": 136, "memberNameEn": "Other interest expense", "memberNameFr": "Autres int\u00e9r\u00eats", "classificationCode": null, "classificationTypeCode": null, "geoLevel": null, "vintage": null, "terminated": 0, "memberUomCode": 81}, {"memberId": 139, "parentMemberId": 136, "memberNameEn": "Other debt charges", "memberNameFr": "Autres fraise de la dette", "classificationCode": null, "classificationTypeCode": null, "geoLevel": null, "vintage": null, "terminated": 0, "memberUomCode": 81}, {"memberId": 140, "parentMemberId": 58, "memberNameEn": "Other expenditures", "memberNameFr": "Autres d\u00e9penses", "classificationCode": null, "classificationTypeCode": null, "geoLevel": null, "vintage": null, "terminated": 0, "memberUomCode": 81}, {"memberId": 141, "parentMemberId": null, "memberNameEn": "Surplus (+) / deficit (-)", "memberNameFr": "Surplus (+) / d\u00e9ficit (-)", "classificationCode": null, "classificationTypeCode": null, "geoLevel": null, "vintage": null, "terminated": 0, "memberUomCode": 81}]}]