[{"dimensionPositionId": 1, "dimensionNameEn": "Geography", "dimensionNameFr": "G\u00e9ographie", "hasUom": false, "member": [{"memberId": 1, "parentMemberId": null, "memberNameEn": "Canada", "memberNameFr": "Canada", "classificationCode": null, "classificationTypeCode": null, "geoLevel": null, "vintage": null, "terminated": 0, "memberUomCode": null}]}, {"dimensionPositionId": 2, "dimensionNameEn": "Industry", "dimensionNameFr": "Industrie", "hasUom": true, "member": [{"memberId": 1, "parentMemberId": null, "memberNameEn": "Goods-producing industries excluding agriculture, fishing and trapping", "memberNameFr": "Industries productives de biens, agriculture, p\u00eache et pi\u00e9geage exclus", "classificationCode": null, "classificationTypeCode": null, "geoLevel": null, "vintage": null, "terminated": 0, "memberUomCode": 270}, {"memberId": 2, "parentMemberId": null, "memberNameEn": "Total industrial", "memberNameFr": "Ensemble du secteur industriel", "classificationCode": null, "classificationTypeCode": null, "geoLevel": null, "vintage": null, "terminated": 0, "memberUomCode": 270}, {"memberId": 3, "parentMemberId": null, "memberNameEn": "Mining", "memberNameFr": "Mines", "classificationCode": null, "classificationTypeCode": null, "geoLevel": null, "vintage": null, "terminated": 0, "memberUomCode": 270}, {"memberId": 4, "parentMemberId": null, "memberNameEn": "Manufacturing industries", "memberNameFr": "Industries manufacturi\u00e8res", "classificationCode": null, "classificationTypeCode": null, "geoLevel": null, "vintage": null, "terminated": 0, "memberUomCode": 270}, {"memberId": 5, "parentMemberId": null, "memberNameEn": "Food and beverages", "memberNameFr": "Aliments et boissons", "classificationCode": null, "classificationTypeCode": null, "geoLevel": null, "vintage": null, "terminated": 0, "memberUomCode": 270}, {"memberId": 6, "parentMemberId": null, "memberNameEn": "Tobacco products", "memberNameFr": "Produits du tabac", "classificationCode": null, "classificationTypeCode": null, "geoLevel": null, "vintage": null, "terminated": 0, "memberUomCode": 270}, {"memberId": 7, "parentMemberId": null, "memberNameEn": "Rubber industries", "memberNameFr": "Produits de caoutchouc", "classificationCode": null, "classificationTypeCode": null, "geoLevel": null, "vintage": null, "terminated": 0, "memberUomCode": 270}, {"memberId": 8, "parentMemberId": null, "memberNameEn": "Leather industries", "memberNameFr": "Produits du cuir", "classificationCode": null, "classificationTypeCode": null, "geoLevel": null, "vintage": null, "terminated": 0, "memberUomCode": 270}, {"memberId": 9, "parentMemberId": null, "memberNameEn": "Textile industries", "memberNameFr": "Textiles", "classificationCode": null, "classificationTypeCode": null, "geoLevel": null, "vintage": null, "terminated": 0, "memberUomCode": 270}, {"memberId": 10, "parentMemberId": null, "memberNameEn": "Knitting mills", "memberNameFr": "Bonneterie", "classificationCode": null, "classificationTypeCode": null, "geoLevel": null, "vintage": null, "terminated": 0, "memberUomCode": 270}, {"memberId": 11, "parentMemberId": null, "memberNameEn": "Clothing industries", "memberNameFr": "Habillement", "classificationCode": null, "classificationTypeCode": null, "geoLevel": null, "vintage": null, "terminated": 0, "memberUomCode": 270}, {"memberId": 12, "parentMemberId": null, "memberNameEn": "Wood industries", "memberNameFr": "Bois", "classificationCode": null, "classificationTypeCode": null, "geoLevel": null, "vintage": null, "terminated": 0, "memberUomCode": 270}, {"memberId": 13, "parentMemberId": null, "memberNameEn": "Furniture and fixtures", "memberNameFr": "Meubles et articles d'ameublement", "classificationCode": null, "classificationTypeCode": null, "geoLevel": null, "vintage": null, "terminated": 0, "memberUomCode": 270}, {"memberId": 14, "parentMemberId": null, "memberNameEn": "Paper and allied industries", "memberNameFr": "Papier et produits connexes", "classificationCode": null, "classificationTypeCode": null, "geoLevel": null, "vintage": null, "terminated": 0, "memberUomCode": 270}, {"memberId": 15, "parentMemberId": null, "memberNameEn": "Printing, publishing and allied industries", "memberNameFr": "Impression, \u00e9dition et produits connexes", "classificationCode": null, "classificationTypeCode": null, "geoLevel": null, "vintage": null, "terminated": 0, "memberUomCode": 270}, {"memberId": 16, "parentMemberId": null, "memberNameEn": "Primary metal industries", "memberNameFr": "Premi\u00e8re transformation des m\u00e9taux", "classificationCode": null, "classificationTypeCode": null, "geoLevel": null, "vintage": null, "terminated": 0, "memberUomCode": 270}, {"memberId": 17, "parentMemberId": null, "memberNameEn": "Metal fabricating", "memberNameFr": "Fabrication de produits en m\u00e9tal", "classificationCode": null, "classificationTypeCode": null, "geoLevel": null, "vintage": null, "terminated": 0, "memberUomCode": 270}, {"memberId": 18, "parentMemberId": null, "memberNameEn": "Machinery and equipment", "memberNameFr": "Machines et \u00e9quipement", "classificationCode": null, "classificationTypeCode": null, "geoLevel": null, "vintage": null, "terminated": 0, "memberUomCode": 270}, {"memberId": 19, "parentMemberId": null, "memberNameEn": "Transportation equipment", "memberNameFr": "Mat\u00e9riel de transport", "classificationCode": null, "classificationTypeCode": null, "geoLevel": null, "vintage": null, "terminated": 0, "memberUomCode": 270}, {"memberId": 20, "parentMemberId": null, "memberNameEn": "Electrical products", "memberNameFr": "Produits \u00e9lectriques", "classificationCode": null, "classificationTypeCode": null, "geoLevel": null, "vintage": null, "terminated": 0, "memberUomCode": 270}, {"memberId": 21, "parentMemberId": null, "memberNameEn": "Non-metallic mineral", "memberNameFr": "Produits min\u00e9raux non-m\u00e9talliques", "classificationCode": null, "classificationTypeCode": null, "geoLevel": null, "vintage": null, "terminated": 0, "memberUomCode": 270}, {"memberId": 22, "parentMemberId": null, "memberNameEn": "Petroleum and coal", "memberNameFr": "P\u00e9trole et houille", "classificationCode": null, "classificationTypeCode": null, "geoLevel": null, "vintage": null, "terminated": 0, "memberUomCode": 270}, {"memberId": 23, "parentMemberId": null, "memberNameEn": "Chemical products", "memberNameFr": "Produits chimiques", "classificationCode": null, "classificationTypeCode": null, "geoLevel": null, "vintage": null, "terminated": 0, "memberUomCode": 270}, {"memberId": 24, "parentMemberId": null, "memberNameEn": "Miscellaneous manufacturing", "memberNameFr": "Industries manufacturi\u00e8res diverses", "classificationCode": null, "classificationTypeCode": null, "geoLevel": null, "vintage": null, "terminated": 0, "memberUomCode": 270}, {"memberId": 25, "parentMemberId": null, "memberNameEn": "Construction", "memberNameFr": "Construction", "classificationCode": null, "classificationTypeCode": null, "geoLevel": null, "vintage": null, "terminated": 0, "memberUomCode": 270}, {"memberId": 26, "parentMemberId": null, "memberNameEn": "Electric power, gas and water", "memberNameFr": "\u00c9nergie \u00e9lectrique, gaz et eau", "classificationCode": null, "classificationTypeCode": null, "geoLevel": null, "vintage": null, "terminated": 0, "memberUomCode": 270}, {"memberId": 27, "parentMemberId": null, "memberNameEn": "Non-durable manufacturing", "memberNameFr": "Manufacturier de produits non durables", "classificationCode": null, "classificationTypeCode": null, "geoLevel": null, "vintage": null, "terminated": 0, "memberUomCode": 270}, {"memberId": 28, "parentMemberId": null, "memberNameEn": "Durable manufacturing", "memberNameFr": "Manufacturier de produits durables", "classificationCode": null, "classificationTypeCode": null, "geoLevel": null, "vintage": null, "terminated": 0, "memberUomCode": 270}, {"memberId": 29, "parentMemberId": null, "memberNameEn": "Energy", "memberNameFr": "\u00c9nergie", "classificationCode": null, "classificationTypeCode": null, "geoLevel": null, "vintage": null, "terminated": 0, "memberUomCode": 270}, {"memberId": 30, "parentMemberId": null, "memberNameEn": "Goods excluding agriculture, fishing, trapping and energy", "memberNameFr": "Biens, agriculture, p\u00eache, pi\u00e9geage et \u00e9nergie exclus", "classificationCode": null, "classificationTypeCode": null, "geoLevel": null, "vintage": null, "terminated": 0, "memberUomCode": 270}]}]