[{"dimensionPositionId": 1, "dimensionNameEn": "Geography", "dimensionNameFr": "G\u00e9ographie", "hasUom": false, "member": [{"memberId": 1, "parentMemberId": null, "memberNameEn": "Canada", "memberNameFr": "Canada", "classificationCode": null, "classificationTypeCode": null, "geoLevel": null, "vintage": null, "terminated": 0, "memberUomCode": null}]}, {"dimensionPositionId": 2, "dimensionNameEn": "Balance sheet and income statement components", "dimensionNameFr": "Bilan et \u00e9tat des r\u00e9sultats, composants", "hasUom": false, "member": [{"memberId": 1, "parentMemberId": null, "memberNameEn": "Total assets", "memberNameFr": "Actif total", "classificationCode": null, "classificationTypeCode": null, "geoLevel": null, "vintage": null, "terminated": 0, "memberUomCode": null}, {"memberId": 2, "parentMemberId": 1, "memberNameEn": "Cash and deposits", "memberNameFr": "Encaisse et d\u00e9p\u00f4ts", "classificationCode": null, "classificationTypeCode": null, "geoLevel": null, "vintage": null, "terminated": 0, "memberUomCode": null}, {"memberId": 3, "parentMemberId": 1, "memberNameEn": "Accounts receivable (net)", "memberNameFr": "Comptes d\u00e9biteurs (net)", "classificationCode": null, "classificationTypeCode": null, "geoLevel": null, "vintage": null, "terminated": 0, "memberUomCode": null}, {"memberId": 4, "parentMemberId": 1, "memberNameEn": "Inventories", "memberNameFr": "Stocks", "classificationCode": null, "classificationTypeCode": null, "geoLevel": null, "vintage": null, "terminated": 0, "memberUomCode": null}, {"memberId": 5, "parentMemberId": 1, "memberNameEn": "Investments in affiliates", "memberNameFr": "Placements dans des affili\u00e9es", "classificationCode": null, "classificationTypeCode": null, "geoLevel": null, "vintage": null, "terminated": 0, "memberUomCode": null}, {"memberId": 6, "parentMemberId": 5, "memberNameEn": "Investments in shares and equity", "memberNameFr": "Placements d'actions et capitaux propres", "classificationCode": null, "classificationTypeCode": null, "geoLevel": null, "vintage": null, "terminated": 0, "memberUomCode": null}, {"memberId": 7, "parentMemberId": 5, "memberNameEn": "Loans, notes, accounts, bonds, mortgages and other investments (affiliates)", "memberNameFr": "Pr\u00eats, billets, comptes, obligations, pr\u00eats hypoth\u00e9caires et autres placements (affili\u00e9es)", "classificationCode": null, "classificationTypeCode": null, "geoLevel": null, "vintage": null, "terminated": 0, "memberUomCode": null}, {"memberId": 8, "parentMemberId": 1, "memberNameEn": "Investments in non-affiliates (portfolio securities)", "memberNameFr": "Placements dans des non-affili\u00e9es (op\u00e9rations de portefeuille en valeurs mobili\u00e8res)", "classificationCode": null, "classificationTypeCode": null, "geoLevel": null, "vintage": null, "terminated": 0, "memberUomCode": null}, {"memberId": 9, "parentMemberId": 8, "memberNameEn": "Investments in Canadian non-affiliates", "memberNameFr": "Placements dans des non-affili\u00e9es canadiennes", "classificationCode": null, "classificationTypeCode": null, "geoLevel": null, "vintage": null, "terminated": 0, "memberUomCode": null}, {"memberId": 10, "parentMemberId": 9, "memberNameEn": "Short term paper, asset", "memberNameFr": "Papier \u00e0 court terme, actif total", "classificationCode": null, "classificationTypeCode": null, "geoLevel": null, "vintage": null, "terminated": 0, "memberUomCode": null}, {"memberId": 11, "parentMemberId": 9, "memberNameEn": "Bonds and debentures, Canadian non-affiliates (assets)", "memberNameFr": "Obligations et debentures, non-affili\u00e9es canadiennes", "classificationCode": null, "classificationTypeCode": null, "geoLevel": null, "vintage": null, "terminated": 0, "memberUomCode": null}, {"memberId": 12, "parentMemberId": 9, "memberNameEn": "Investments in Canadian equity instruments (non-affiliates)", "memberNameFr": "Placements dans des capitaux propres instruments canadiens", "classificationCode": null, "classificationTypeCode": null, "geoLevel": null, "vintage": null, "terminated": 0, "memberUomCode": null}, {"memberId": 13, "parentMemberId": 9, "memberNameEn": "Other Canadian investments", "memberNameFr": "Autres placements canadiens", "classificationCode": null, "classificationTypeCode": null, "geoLevel": null, "vintage": null, "terminated": 0, "memberUomCode": null}, {"memberId": 14, "parentMemberId": 8, "memberNameEn": "Investments in foreign non-affiliates (excludes mortgages)", "memberNameFr": "Placements dans des non-affili\u00e9es \u00e9trang\u00e8res (excluant pr\u00eats hypoth\u00e9caires)", "classificationCode": null, "classificationTypeCode": null, "geoLevel": null, "vintage": null, "terminated": 0, "memberUomCode": null}, {"memberId": 15, "parentMemberId": 1, "memberNameEn": "Derivative assets", "memberNameFr": "Actifs d\u00e9riv\u00e9", "classificationCode": null, "classificationTypeCode": null, "geoLevel": null, "vintage": null, "terminated": 0, "memberUomCode": null}, {"memberId": 16, "parentMemberId": 1, "memberNameEn": "Loans to non-affiliates", "memberNameFr": "Pr\u00eats \u00e0 des non-affili\u00e9es", "classificationCode": null, "classificationTypeCode": null, "geoLevel": null, "vintage": null, "terminated": 0, "memberUomCode": null}, {"memberId": 17, "parentMemberId": 1, "memberNameEn": "Fixed assets, gross", "memberNameFr": "Immobilisations, recettes", "classificationCode": null, "classificationTypeCode": null, "geoLevel": null, "vintage": null, "terminated": 0, "memberUomCode": null}, {"memberId": 18, "parentMemberId": 1, "memberNameEn": "Accumulated depreciation and depletion", "memberNameFr": "Amortissements cumul\u00e9s et \u00e9puisement", "classificationCode": null, "classificationTypeCode": null, "geoLevel": null, "vintage": null, "terminated": 0, "memberUomCode": null}, {"memberId": 19, "parentMemberId": 1, "memberNameEn": "Other assets", "memberNameFr": "Autres \u00e9l\u00e9ments de l'actif", "classificationCode": null, "classificationTypeCode": null, "geoLevel": null, "vintage": null, "terminated": 0, "memberUomCode": null}, {"memberId": 20, "parentMemberId": null, "memberNameEn": "Total liabilities", "memberNameFr": "Passif total", "classificationCode": null, "classificationTypeCode": null, "geoLevel": null, "vintage": null, "terminated": 0, "memberUomCode": null}, {"memberId": 21, "parentMemberId": 20, "memberNameEn": "Borrowing from non-affiliates", "memberNameFr": "Emprunt de compagnies autre que les filiales", "classificationCode": null, "classificationTypeCode": null, "geoLevel": null, "vintage": null, "terminated": 0, "memberUomCode": null}, {"memberId": 22, "parentMemberId": 20, "memberNameEn": "Debt securities", "memberNameFr": "Titres de dette", "classificationCode": null, "classificationTypeCode": null, "geoLevel": null, "vintage": null, "terminated": 0, "memberUomCode": null}, {"memberId": 23, "parentMemberId": 22, "memberNameEn": "Short term paper, liability", "memberNameFr": "Papier \u00e0 court terme, passif total", "classificationCode": null, "classificationTypeCode": null, "geoLevel": null, "vintage": null, "terminated": 0, "memberUomCode": null}, {"memberId": 24, "parentMemberId": 22, "memberNameEn": "Promissory notes", "memberNameFr": "Billets \u00e0 ordre", "classificationCode": null, "classificationTypeCode": null, "geoLevel": null, "vintage": null, "terminated": 0, "memberUomCode": null}, {"memberId": 25, "parentMemberId": 22, "memberNameEn": "Corporate bonds and debentures (liabilities)", "memberNameFr": "Obligations et debentures des soci\u00e9t\u00e9s (passif)", "classificationCode": null, "classificationTypeCode": null, "geoLevel": null, "vintage": null, "terminated": 0, "memberUomCode": null}, {"memberId": 28, "parentMemberId": 20, "memberNameEn": "Derivative liabilities (excluding employee stock options)", "memberNameFr": "Passif d\u00e9riv\u00e9 (excluant option d'achat d'actions accord\u00e9e \u00e0 des employ\u00e9s)", "classificationCode": null, "classificationTypeCode": null, "geoLevel": null, "vintage": null, "terminated": 0, "memberUomCode": null}, {"memberId": 29, "parentMemberId": 20, "memberNameEn": "Accounts payable and accrued liabilities", "memberNameFr": "Comptes cr\u00e9diteurs et exigibilit\u00e9s courues", "classificationCode": null, "classificationTypeCode": null, "geoLevel": null, "vintage": null, "terminated": 0, "memberUomCode": null}, {"memberId": 30, "parentMemberId": 20, "memberNameEn": "Amounts owing to affiliates", "memberNameFr": "Montant payable aux soci\u00e9t\u00e9s associ\u00e9es", "classificationCode": null, "classificationTypeCode": null, "geoLevel": null, "vintage": null, "terminated": 0, "memberUomCode": null}, {"memberId": 31, "parentMemberId": 20, "memberNameEn": "Deposit liability of deposit taking financial institutions", "memberNameFr": "Passif d\u00e9p\u00f4t des banques d'institutions financi\u00e8res acceptant des d\u00e9p\u00f4ts", "classificationCode": null, "classificationTypeCode": null, "geoLevel": null, "vintage": null, "terminated": 0, "memberUomCode": null}, {"memberId": 32, "parentMemberId": 20, "memberNameEn": "Liabilities of financial institutions", "memberNameFr": "Passif d'institutions financi\u00e8res", "classificationCode": null, "classificationTypeCode": null, "geoLevel": null, "vintage": null, "terminated": 0, "memberUomCode": null}, {"memberId": 33, "parentMemberId": 20, "memberNameEn": "Future income taxes", "memberNameFr": "Imp\u00f4ts sur le revenu diff\u00e9r\u00e9s", "classificationCode": null, "classificationTypeCode": null, "geoLevel": null, "vintage": null, "terminated": 0, "memberUomCode": null}, {"memberId": 34, "parentMemberId": 20, "memberNameEn": "Minority interest in subsidiaries consolidated", "memberNameFr": "Participation minoritaire dans les filiales consolid\u00e9es", "classificationCode": null, "classificationTypeCode": null, "geoLevel": null, "vintage": null, "terminated": 0, "memberUomCode": null}, {"memberId": 35, "parentMemberId": 20, "memberNameEn": "Pensions, provisions, deposits and other liabilities", "memberNameFr": "Pensions, provisions, d\u00e9p\u00f4ts et autre passif", "classificationCode": null, "classificationTypeCode": null, "geoLevel": null, "vintage": null, "terminated": 0, "memberUomCode": null}, {"memberId": 36, "parentMemberId": null, "memberNameEn": "Equity", "memberNameFr": "Capitaux propres", "classificationCode": null, "classificationTypeCode": null, "geoLevel": null, "vintage": null, "terminated": 0, "memberUomCode": null}, {"memberId": 37, "parentMemberId": 36, "memberNameEn": "Share capital", "memberNameFr": "Capital social", "classificationCode": null, "classificationTypeCode": null, "geoLevel": null, "vintage": null, "terminated": 0, "memberUomCode": null}, {"memberId": 38, "parentMemberId": 36, "memberNameEn": "Retained earnings opening balance", "memberNameFr": "B\u00e9n\u00e9fices non r\u00e9partis solde d'ouverture", "classificationCode": null, "classificationTypeCode": null, "geoLevel": null, "vintage": null, "terminated": 0, "memberUomCode": null}, {"memberId": 39, "parentMemberId": 36, "memberNameEn": "Additions", "memberNameFr": "Additions brutes", "classificationCode": null, "classificationTypeCode": null, "geoLevel": null, "vintage": null, "terminated": 0, "memberUomCode": null}, {"memberId": 40, "parentMemberId": 39, "memberNameEn": "Net income for the current period", "memberNameFr": "R\u00e9sultat net pour la p\u00e9riode consid\u00e9r\u00e9e", "classificationCode": null, "classificationTypeCode": null, "geoLevel": null, "vintage": null, "terminated": 0, "memberUomCode": null}, {"memberId": 41, "parentMemberId": 39, "memberNameEn": "Other additions", "memberNameFr": "Autres additions", "classificationCode": null, "classificationTypeCode": null, "geoLevel": null, "vintage": null, "terminated": 0, "memberUomCode": null}, {"memberId": 43, "parentMemberId": 41, "memberNameEn": "Transfer from appropriated surplus", "memberNameFr": "Transferts en provenance de l'exc\u00e9dent affect\u00e9", "classificationCode": null, "classificationTypeCode": null, "geoLevel": null, "vintage": null, "terminated": 0, "memberUomCode": null}, {"memberId": 44, "parentMemberId": 41, "memberNameEn": "Transfer from contributed surplus", "memberNameFr": "Transferts en provenance de surplus d'apport", "classificationCode": null, "classificationTypeCode": null, "geoLevel": null, "vintage": null, "terminated": 0, "memberUomCode": null}, {"memberId": 45, "parentMemberId": 41, "memberNameEn": "Other adjustments (additions)", "memberNameFr": "Autres ajustements (additions brutes)", "classificationCode": null, "classificationTypeCode": null, "geoLevel": null, "vintage": null, "terminated": 0, "memberUomCode": null}, {"memberId": 46, "parentMemberId": 36, "memberNameEn": "Deductions", "memberNameFr": "D\u00e9ductions", "classificationCode": null, "classificationTypeCode": null, "geoLevel": null, "vintage": null, "terminated": 0, "memberUomCode": null}, {"memberId": 47, "parentMemberId": 46, "memberNameEn": "Other deductions", "memberNameFr": "Autres d\u00e9ductions", "classificationCode": null, "classificationTypeCode": null, "geoLevel": null, "vintage": null, "terminated": 0, "memberUomCode": null}, {"memberId": 48, "parentMemberId": 47, "memberNameEn": "Transfers to appropriated surplus", "memberNameFr": "Transferts \u00e0 l'exc\u00e9dent affect\u00e9", "classificationCode": null, "classificationTypeCode": null, "geoLevel": null, "vintage": null, "terminated": 0, "memberUomCode": null}, {"memberId": 49, "parentMemberId": 47, "memberNameEn": "Transfers to contributed surplus", "memberNameFr": "Transferts du surplus d'apport", "classificationCode": null, "classificationTypeCode": null, "geoLevel": null, "vintage": null, "terminated": 0, "memberUomCode": null}, {"memberId": 50, "parentMemberId": 47, "memberNameEn": "Other adjustments (deductions)", "memberNameFr": "Autres ajustements (d\u00e9ductions)", "classificationCode": null, "classificationTypeCode": null, "geoLevel": null, "vintage": null, "terminated": 0, "memberUomCode": null}, {"memberId": 51, "parentMemberId": 46, "memberNameEn": "Profits remitted (including dividends declared)", "memberNameFr": "B\u00e9n\u00e9fices remis (comprenant les dividendes d\u00e9clar\u00e9s)", "classificationCode": null, "classificationTypeCode": null, "geoLevel": null, "vintage": null, "terminated": 0, "memberUomCode": null}, {"memberId": 52, "parentMemberId": 36, "memberNameEn": "Retained earnings closing balance", "memberNameFr": "B\u00e9n\u00e9fices non r\u00e9partis solde de fermeture", "classificationCode": null, "classificationTypeCode": null, "geoLevel": null, "vintage": null, "terminated": 0, "memberUomCode": null}, {"memberId": 53, "parentMemberId": 36, "memberNameEn": "Contributed surplus", "memberNameFr": "Surplus d'apport", "classificationCode": null, "classificationTypeCode": null, "geoLevel": null, "vintage": null, "terminated": 0, "memberUomCode": null}, {"memberId": 54, "parentMemberId": 36, "memberNameEn": "Other surplus", "memberNameFr": "Autres surplus", "classificationCode": null, "classificationTypeCode": null, "geoLevel": null, "vintage": null, "terminated": 0, "memberUomCode": null}, {"memberId": 80, "parentMemberId": 36, "memberNameEn": "Accumulated other comprehensive income", "memberNameFr": "Cumul des autres \u00e9l\u00e9ments du r\u00e9sultat \u00e9tendu", "classificationCode": null, "classificationTypeCode": null, "geoLevel": null, "vintage": null, "terminated": 0, "memberUomCode": null}, {"memberId": 55, "parentMemberId": null, "memberNameEn": "Total revenue", "memberNameFr": "Total des recettes", "classificationCode": null, "classificationTypeCode": null, "geoLevel": null, "vintage": null, "terminated": 0, "memberUomCode": null}, {"memberId": 56, "parentMemberId": 55, "memberNameEn": "Operating revenue", "memberNameFr": "Revenus d'exploitation", "classificationCode": null, "classificationTypeCode": null, "geoLevel": null, "vintage": null, "terminated": 0, "memberUomCode": null}, {"memberId": 57, "parentMemberId": 56, "memberNameEn": "Sales of goods and services", "memberNameFr": "Ventes de biens et de services", "classificationCode": null, "classificationTypeCode": null, "geoLevel": null, "vintage": null, "terminated": 0, "memberUomCode": null}, {"memberId": 58, "parentMemberId": 56, "memberNameEn": "Financial institutions income", "memberNameFr": "Revenu des institutions financi\u00e8res", "classificationCode": null, "classificationTypeCode": null, "geoLevel": null, "vintage": null, "terminated": 0, "memberUomCode": null}, {"memberId": 59, "parentMemberId": 56, "memberNameEn": "Subsidies, grants, and gifts revenue", "memberNameFr": "Subventions, dons et cadeaux revenu", "classificationCode": null, "classificationTypeCode": null, "geoLevel": null, "vintage": null, "terminated": 0, "memberUomCode": null}, {"memberId": 60, "parentMemberId": 56, "memberNameEn": "Amortization of deferred capital funding", "memberNameFr": "Amortissement des capitalisation capitaux diff\u00e8re", "classificationCode": null, "classificationTypeCode": null, "geoLevel": null, "vintage": null, "terminated": 0, "memberUomCode": null}, {"memberId": 61, "parentMemberId": 56, "memberNameEn": "Other operating revenue", "memberNameFr": "Autres revenus d'exploitation", "classificationCode": null, "classificationTypeCode": null, "geoLevel": null, "vintage": null, "terminated": 0, "memberUomCode": null}, {"memberId": 62, "parentMemberId": 55, "memberNameEn": "Non-operating revenue", "memberNameFr": "Revenus autres que d'exploitation", "classificationCode": null, "classificationTypeCode": null, "geoLevel": null, "vintage": null, "terminated": 0, "memberUomCode": null}, {"memberId": 63, "parentMemberId": 62, "memberNameEn": "Investment income", "memberNameFr": "Revenu de placements", "classificationCode": null, "classificationTypeCode": null, "geoLevel": null, "vintage": null, "terminated": 0, "memberUomCode": null}, {"memberId": 64, "parentMemberId": 62, "memberNameEn": "Other non-operating revenue", "memberNameFr": "Autres recettes hors exploitation", "classificationCode": null, "classificationTypeCode": null, "geoLevel": null, "vintage": null, "terminated": 0, "memberUomCode": null}, {"memberId": 65, "parentMemberId": null, "memberNameEn": "Total expenses", "memberNameFr": "Total des d\u00e9penses", "classificationCode": null, "classificationTypeCode": null, "geoLevel": null, "vintage": null, "terminated": 0, "memberUomCode": null}, {"memberId": 66, "parentMemberId": 65, "memberNameEn": "Operating expenses", "memberNameFr": "D\u00e9penses d'exploitation", "classificationCode": null, "classificationTypeCode": null, "geoLevel": null, "vintage": null, "terminated": 0, "memberUomCode": null}, {"memberId": 67, "parentMemberId": 66, "memberNameEn": "Cost of goods sold", "memberNameFr": "Co\u00fbts des biens vendus", "classificationCode": null, "classificationTypeCode": null, "geoLevel": null, "vintage": null, "terminated": 0, "memberUomCode": null}, {"memberId": 68, "parentMemberId": 66, "memberNameEn": "Other operating expenses", "memberNameFr": "Autres d\u00e9penses d'exploitation", "classificationCode": null, "classificationTypeCode": null, "geoLevel": null, "vintage": null, "terminated": 0, "memberUomCode": null}, {"memberId": 69, "parentMemberId": 66, "memberNameEn": "Depreciation, depletion and amortization expense", "memberNameFr": "D\u00e9pr\u00e9ciation, \u00e9puisement et d\u00e9pense d'amortissement", "classificationCode": null, "classificationTypeCode": null, "geoLevel": null, "vintage": null, "terminated": 0, "memberUomCode": null}, {"memberId": 70, "parentMemberId": 66, "memberNameEn": "Grants in lieu of taxes", "memberNameFr": "Compensations tenant lieu de taxes", "classificationCode": null, "classificationTypeCode": null, "geoLevel": null, "vintage": null, "terminated": 0, "memberUomCode": null}, {"memberId": 71, "parentMemberId": 66, "memberNameEn": "Operating expenses of financial institutions", "memberNameFr": "D\u00e9penses d'exploitation des institutions financi\u00e8res", "classificationCode": null, "classificationTypeCode": null, "geoLevel": null, "vintage": null, "terminated": 0, "memberUomCode": null}, {"memberId": 72, "parentMemberId": 65, "memberNameEn": "Non-operating expenses", "memberNameFr": "D\u00e9penses autres que d'exploitation", "classificationCode": null, "classificationTypeCode": null, "geoLevel": null, "vintage": null, "terminated": 0, "memberUomCode": null}, {"memberId": 73, "parentMemberId": 72, "memberNameEn": "Interest expense", "memberNameFr": "D\u00e9penses d'int\u00e9r\u00eats", "classificationCode": null, "classificationTypeCode": null, "geoLevel": null, "vintage": null, "terminated": 0, "memberUomCode": null}, {"memberId": 74, "parentMemberId": 72, "memberNameEn": "Other non-operating expenses", "memberNameFr": "Autres d\u00e9penses autres que d'exploitation", "classificationCode": null, "classificationTypeCode": null, "geoLevel": null, "vintage": null, "terminated": 0, "memberUomCode": null}, {"memberId": 75, "parentMemberId": null, "memberNameEn": "Gains or losses, corporate taxes and other items", "memberNameFr": "Gains ou pertes, revenus des soci\u00e9t\u00e9s et autre", "classificationCode": null, "classificationTypeCode": null, "geoLevel": null, "vintage": null, "terminated": 0, "memberUomCode": null}, {"memberId": 76, "parentMemberId": 75, "memberNameEn": "Gains or losses", "memberNameFr": "Gains ou pertes", "classificationCode": null, "classificationTypeCode": null, "geoLevel": null, "vintage": null, "terminated": 0, "memberUomCode": null}, {"memberId": 77, "parentMemberId": 75, "memberNameEn": "Less corporate income tax", "memberNameFr": "Moins le revenu des soci\u00e9t\u00e9s", "classificationCode": null, "classificationTypeCode": null, "geoLevel": null, "vintage": null, "terminated": 0, "memberUomCode": null}, {"memberId": 78, "parentMemberId": 75, "memberNameEn": "Other items", "memberNameFr": "Autres \u00e9l\u00e9ments", "classificationCode": null, "classificationTypeCode": null, "geoLevel": null, "vintage": null, "terminated": 0, "memberUomCode": null}, {"memberId": 79, "parentMemberId": 75, "memberNameEn": "Extraordinary gains or losses, non-recurring items and adjustments", "memberNameFr": "Gains ou pertes extraordinaires, revenus extraordinaires et ajustements", "classificationCode": null, "classificationTypeCode": null, "geoLevel": null, "vintage": null, "terminated": 0, "memberUomCode": null}, {"memberId": 81, "parentMemberId": null, "memberNameEn": "Other comprehensive income", "memberNameFr": "Autres \u00e9l\u00e9ments du r\u00e9sultat \u00e9tendu", "classificationCode": null, "classificationTypeCode": null, "geoLevel": null, "vintage": null, "terminated": 0, "memberUomCode": null}, {"memberId": 82, "parentMemberId": null, "memberNameEn": "Comprehensive income", "memberNameFr": "R\u00e9sultat \u00e9tendu", "classificationCode": null, "classificationTypeCode": null, "geoLevel": null, "vintage": null, "terminated": 0, "memberUomCode": null}]}, {"dimensionPositionId": 3, "dimensionNameEn": "North American Industry Classification System (NAICS)", "dimensionNameFr": "Syst\u00e8me de classification des industries de l'Am\u00e9rique du Nord (SCIAN)", "hasUom": true, "member": [{"memberId": 1, "parentMemberId": null, "memberNameEn": "All industries", "memberNameFr": "Ensemble des industries", "classificationCode": null, "classificationTypeCode": null, "geoLevel": null, "vintage": null, "terminated": 0, "memberUomCode": 81}, {"memberId": 2, "parentMemberId": 1, "memberNameEn": "Goods industries", "memberNameFr": "Secteur des entreprises, biens", "classificationCode": null, "classificationTypeCode": null, "geoLevel": null, "vintage": null, "terminated": 0, "memberUomCode": 81}, {"memberId": 3, "parentMemberId": 1, "memberNameEn": "Transportation and warehousing and information and cultural industries", "memberNameFr": "Transport et entreposage et industrie de l'information et industrie culturelle", "classificationCode": null, "classificationTypeCode": null, "geoLevel": null, "vintage": null, "terminated": 0, "memberUomCode": 81}, {"memberId": 4, "parentMemberId": 1, "memberNameEn": "Finance, insurance, real estate, rental and leasing and management of companies and enterprises", "memberNameFr": "Finance, assurances, services immobiliers et de location et gestion de soci\u00e9t\u00e9s et d'entreprises", "classificationCode": null, "classificationTypeCode": null, "geoLevel": null, "vintage": null, "terminated": 0, "memberUomCode": 81}, {"memberId": 5, "parentMemberId": 1, "memberNameEn": "All other service industries", "memberNameFr": "Toutes les autres industries services", "classificationCode": null, "classificationTypeCode": null, "geoLevel": null, "vintage": null, "terminated": 0, "memberUomCode": 81}]}]