[{"dimensionPositionId": 1, "dimensionNameEn": "Geography", "dimensionNameFr": "G\u00e9ographie", "hasUom": false, "member": [{"memberId": 1, "parentMemberId": null, "memberNameEn": "Canada", "memberNameFr": "Canada", "classificationCode": "11124", "classificationTypeCode": "1", "geoLevel": 0, "vintage": 2016, "terminated": 0, "memberUomCode": null}]}, {"dimensionPositionId": 2, "dimensionNameEn": "Components", "dimensionNameFr": "Composants", "hasUom": false, "member": [{"memberId": 1, "parentMemberId": null, "memberNameEn": "Total, funds advanced, residential mortgages, insured", "memberNameFr": "Totale, avances de fonds, pr\u00eats hypoth\u00e9caires r\u00e9sidentiels assur\u00e9s", "classificationCode": null, "classificationTypeCode": null, "geoLevel": null, "vintage": null, "terminated": 0, "memberUomCode": null}, {"memberId": 2, "parentMemberId": 1, "memberNameEn": "Variable rate, funds advanced, residential mortgages, insured", "memberNameFr": "Taux variable, avances de fonds, pr\u00eats hypoth\u00e9caires r\u00e9sidentiels assur\u00e9s", "classificationCode": null, "classificationTypeCode": null, "geoLevel": null, "vintage": null, "terminated": 0, "memberUomCode": null}, {"memberId": 3, "parentMemberId": 1, "memberNameEn": "Fixed rate, funds advanced, residential mortgages, insured, less than 1  year", "memberNameFr": "Taux fixe, avances de fonds, pr\u00eats hypoth\u00e9caires r\u00e9sidentiels assur\u00e9s, moins que 1 an", "classificationCode": null, "classificationTypeCode": null, "geoLevel": null, "vintage": null, "terminated": 0, "memberUomCode": null}, {"memberId": 4, "parentMemberId": 1, "memberNameEn": "Fixed rate, funds advanced, residential mortgages, insured, from 1  to less than 3 years", "memberNameFr": "Taux fixe, avances de fonds, pr\u00eats hypoth\u00e9caires r\u00e9sidentiels assur\u00e9s, de 1 \u00e0 moins que 3 ans", "classificationCode": null, "classificationTypeCode": null, "geoLevel": null, "vintage": null, "terminated": 0, "memberUomCode": null}, {"memberId": 5, "parentMemberId": 1, "memberNameEn": "Fixed rate, funds advanced, residential mortgages, insured, from 3 to less than 5 years", "memberNameFr": "Taux fixe, avances de fonds, pr\u00eats hypoth\u00e9caires r\u00e9sidentiels assur\u00e9s, de 3 \u00e0 moins que 5 ans", "classificationCode": null, "classificationTypeCode": null, "geoLevel": null, "vintage": null, "terminated": 0, "memberUomCode": null}, {"memberId": 6, "parentMemberId": 1, "memberNameEn": "Fixed rate, funds advanced, residential mortgages, insured, 5 years and more", "memberNameFr": "Taux fixe, avances de fonds, pr\u00eats hypoth\u00e9caires r\u00e9sidentiels assur\u00e9s, 5 ans et plus", "classificationCode": null, "classificationTypeCode": null, "geoLevel": null, "vintage": null, "terminated": 0, "memberUomCode": null}, {"memberId": 7, "parentMemberId": null, "memberNameEn": "Total, funds advanced, residential mortgages, uninsured", "memberNameFr": "Total, avances de fonds, pr\u00eats hypoth\u00e9caires r\u00e9sidentiels non assur\u00e9s", "classificationCode": null, "classificationTypeCode": null, "geoLevel": null, "vintage": null, "terminated": 0, "memberUomCode": null}, {"memberId": 8, "parentMemberId": 7, "memberNameEn": "Variable rate, funds advanced, residential mortgages, uninsured", "memberNameFr": "Taux variable, avances de fonds, pr\u00eats hypoth\u00e9caires r\u00e9sidentiels non assur\u00e9s", "classificationCode": null, "classificationTypeCode": null, "geoLevel": null, "vintage": null, "terminated": 0, "memberUomCode": null}, {"memberId": 9, "parentMemberId": 7, "memberNameEn": "Fixed rate, funds advanced, residential mortgages, uninsured, less than 1 year", "memberNameFr": "Taux fixe, avances de fonds, pr\u00eats hypoth\u00e9caires r\u00e9sidentiels non assur\u00e9s, moins que 1 an", "classificationCode": null, "classificationTypeCode": null, "geoLevel": null, "vintage": null, "terminated": 0, "memberUomCode": null}, {"memberId": 10, "parentMemberId": 7, "memberNameEn": "Fixed rate, funds advanced, residential mortgages, uninsured, from 1 to less than 3 years", "memberNameFr": "Taux fixe, avances de fonds, pr\u00eats hypoth\u00e9caires r\u00e9sidentiels non assur\u00e9s, de 1 \u00e0 moins que 3 ans", "classificationCode": null, "classificationTypeCode": null, "geoLevel": null, "vintage": null, "terminated": 0, "memberUomCode": null}, {"memberId": 11, "parentMemberId": 7, "memberNameEn": "Fixed rate, funds advanced, residential mortgages, uninsured, from 3 to less than 5 years", "memberNameFr": "Taux fixe, avances de fonds, pr\u00eats hypoth\u00e9caires r\u00e9sidentiels non assur\u00e9s, de 3 \u00e0 moins que 5 ans", "classificationCode": null, "classificationTypeCode": null, "geoLevel": null, "vintage": null, "terminated": 0, "memberUomCode": null}, {"memberId": 12, "parentMemberId": 7, "memberNameEn": "Fixed rate, funds advanced, residential mortgages, uninsured, 5 years and more", "memberNameFr": "Taux fixe, avances de fonds, pr\u00eats hypoth\u00e9caires r\u00e9sidentiels non assur\u00e9s, 5 ans et plus", "classificationCode": null, "classificationTypeCode": null, "geoLevel": null, "vintage": null, "terminated": 0, "memberUomCode": null}, {"memberId": 13, "parentMemberId": null, "memberNameEn": "Total, outstanding balances, residential mortgages, insured", "memberNameFr": "Totale, encours des pr\u00eats, pr\u00eats hypoth\u00e9caires r\u00e9sidentiels assur\u00e9s", "classificationCode": null, "classificationTypeCode": null, "geoLevel": null, "vintage": null, "terminated": 0, "memberUomCode": null}, {"memberId": 14, "parentMemberId": 13, "memberNameEn": "Variable rate, outstanding balances, residential mortgages, insured", "memberNameFr": "Taux variable, encours des pr\u00eats, pr\u00eats hypoth\u00e9caires r\u00e9sidentiels assur\u00e9s", "classificationCode": null, "classificationTypeCode": null, "geoLevel": null, "vintage": null, "terminated": 0, "memberUomCode": null}, {"memberId": 15, "parentMemberId": 13, "memberNameEn": "Fixed rate, outstanding balances, residential mortgages, insured, less than 1 year", "memberNameFr": "Taux fixe, encours des pr\u00eats, pr\u00eats hypoth\u00e9caires r\u00e9sidentiels assur\u00e9s, moins que 1 an", "classificationCode": null, "classificationTypeCode": null, "geoLevel": null, "vintage": null, "terminated": 0, "memberUomCode": null}, {"memberId": 16, "parentMemberId": 13, "memberNameEn": "Fixed rate, outstanding balances, residential mortgages, insured, from 1 to less than 3 years", "memberNameFr": "Taux fixe, encours des pr\u00eats, pr\u00eats hypoth\u00e9caires r\u00e9sidentiels assur\u00e9s, de 1 \u00e0 moins que 3 ans", "classificationCode": null, "classificationTypeCode": null, "geoLevel": null, "vintage": null, "terminated": 0, "memberUomCode": null}, {"memberId": 17, "parentMemberId": 13, "memberNameEn": "Fixed rate, outstanding balances, residential mortgages, insured, from 3 to less than 5 years", "memberNameFr": "Taux fixe, encours des pr\u00eats, pr\u00eats hypoth\u00e9caires r\u00e9sidentiels assur\u00e9s, de 3 \u00e0 moins que 5 ans", "classificationCode": null, "classificationTypeCode": null, "geoLevel": null, "vintage": null, "terminated": 0, "memberUomCode": null}, {"memberId": 18, "parentMemberId": 13, "memberNameEn": "Fixed rate, outstanding balances, residential mortgages, insured, 5 years and over", "memberNameFr": "Taux fixe, encours des pr\u00eats, pr\u00eats hypoth\u00e9caires r\u00e9sidentiels assur\u00e9s, 5 ans et plus", "classificationCode": null, "classificationTypeCode": null, "geoLevel": null, "vintage": null, "terminated": 0, "memberUomCode": null}, {"memberId": 19, "parentMemberId": null, "memberNameEn": "Total, outstanding balances, residential mortgages, uninsured", "memberNameFr": "Totale, encours des pr\u00eats, pr\u00eats hypoth\u00e9caires r\u00e9sidentiels non assur\u00e9s", "classificationCode": null, "classificationTypeCode": null, "geoLevel": null, "vintage": null, "terminated": 0, "memberUomCode": null}, {"memberId": 20, "parentMemberId": 19, "memberNameEn": "Variable rate, outstanding balances, residential mortgages, uninsured", "memberNameFr": "Taux variable, encours des pr\u00eats, pr\u00eats hypoth\u00e9caires r\u00e9sidentiels non assur\u00e9s", "classificationCode": null, "classificationTypeCode": null, "geoLevel": null, "vintage": null, "terminated": 0, "memberUomCode": null}, {"memberId": 21, "parentMemberId": 19, "memberNameEn": "Fixed rate, outstanding balances, residential mortgages, uninsured, less than 1 year", "memberNameFr": "Taux fixe, encours des pr\u00eats, pr\u00eats hypoth\u00e9caires r\u00e9sidentiels non assur\u00e9s, moins que 1 an", "classificationCode": null, "classificationTypeCode": null, "geoLevel": null, "vintage": null, "terminated": 0, "memberUomCode": null}, {"memberId": 22, "parentMemberId": 19, "memberNameEn": "Fixed rate, outstanding balances, residential mortgages, uninsured, from 1 to less than 3 years", "memberNameFr": "Taux fixe, encours des pr\u00eats, pr\u00eats hypoth\u00e9caires r\u00e9sidentiels non assur\u00e9s, de 1 \u00e0 moins que 3 ans", "classificationCode": null, "classificationTypeCode": null, "geoLevel": null, "vintage": null, "terminated": 0, "memberUomCode": null}, {"memberId": 23, "parentMemberId": 19, "memberNameEn": "Fixed rate, outstanding balances, residential mortgages, uninsured, from 3 to less than 5 years", "memberNameFr": "Taux fixe, encours des pr\u00eats, pr\u00eats hypoth\u00e9caires r\u00e9sidentiels non assur\u00e9s, de 3 \u00e0 moins que 5 ans", "classificationCode": null, "classificationTypeCode": null, "geoLevel": null, "vintage": null, "terminated": 0, "memberUomCode": null}, {"memberId": 24, "parentMemberId": 19, "memberNameEn": "Fixed rate, outstanding balances, residential mortgages, uninsured, 5 years and more", "memberNameFr": "Taux fixe, encours des pr\u00eats, pr\u00eats hypoth\u00e9caires r\u00e9sidentiels non assur\u00e9s, 5 ans et plus", "classificationCode": null, "classificationTypeCode": null, "geoLevel": null, "vintage": null, "terminated": 0, "memberUomCode": null}, {"memberId": 25, "parentMemberId": null, "memberNameEn": "Total, funds advanced, variable rate mortgages", "memberNameFr": "Totale, avances de fonds, pr\u00eats hypoth\u00e9caires \u00e0 taux variable", "classificationCode": null, "classificationTypeCode": null, "geoLevel": null, "vintage": null, "terminated": 0, "memberUomCode": null}, {"memberId": 26, "parentMemberId": 25, "memberNameEn": "Funds advanced, closed non-convertible variable rate mortgages", "memberNameFr": "Avances de fonds, pr\u00eats hypoth\u00e9caires ferm\u00e9s non convertibles \u00e0 taux variable", "classificationCode": null, "classificationTypeCode": null, "geoLevel": null, "vintage": null, "terminated": 0, "memberUomCode": null}, {"memberId": 27, "parentMemberId": 25, "memberNameEn": "Funds advanced, closed convertible variable rate mortgages", "memberNameFr": "Avances de fonds, pr\u00eats hypoth\u00e9caires ferm\u00e9s convertibles \u00e0 taux variable", "classificationCode": null, "classificationTypeCode": null, "geoLevel": null, "vintage": null, "terminated": 0, "memberUomCode": null}, {"memberId": 28, "parentMemberId": 25, "memberNameEn": "Funds advanced, open variable rate mortgages", "memberNameFr": "avances de fonds, pr\u00eats hypoth\u00e9caires ouverts \u00e0 taux variable", "classificationCode": null, "classificationTypeCode": null, "geoLevel": null, "vintage": null, "terminated": 0, "memberUomCode": null}, {"memberId": 29, "parentMemberId": null, "memberNameEn": "Total, funds advanced for non-mortgage loans, consumer credit", "memberNameFr": "Totale, avances de fonds pour pr\u00eats non hypoth\u00e8caires, cr\u00e9dit \u00e0 la consommation", "classificationCode": null, "classificationTypeCode": null, "geoLevel": null, "vintage": null, "terminated": 0, "memberUomCode": null}, {"memberId": 30, "parentMemberId": 29, "memberNameEn": "Funds advanced for non-mortgage loans, consumer credit, personal loan plans", "memberNameFr": "Avances de fonds pour pr\u00eats non hypoth\u00e8caires, cr\u00e9dit \u00e0 la consommation, pr\u00eats personnels", "classificationCode": null, "classificationTypeCode": null, "geoLevel": null, "vintage": null, "terminated": 0, "memberUomCode": null}, {"memberId": 31, "parentMemberId": 30, "memberNameEn": "Funds advanced for non-mortgage loans, personal loan plans, consumer credit, Of which are auto loans", "memberNameFr": "Avances de fonds pour pr\u00eats non hypoth\u00e8caires, cr\u00e9dit \u00e0 la consommation, pr\u00eats personnels, dont les pr\u00eats automobiles", "classificationCode": null, "classificationTypeCode": null, "geoLevel": null, "vintage": null, "terminated": 0, "memberUomCode": null}, {"memberId": 32, "parentMemberId": 29, "memberNameEn": "Funds advanced for non-mortgage loans, consumer credit, personal lines of credit, secured", "memberNameFr": "Avances de fonds pour pr\u00eats non hypoth\u00e8caires, cr\u00e9dit \u00e0 la consommation, marges de cr\u00e9dit personnelles garanties", "classificationCode": null, "classificationTypeCode": null, "geoLevel": null, "vintage": null, "terminated": 0, "memberUomCode": null}, {"memberId": 33, "parentMemberId": 29, "memberNameEn": "Funds advanced for non-mortgage loans, consumer credit, personal lines of credit, unsecured", "memberNameFr": "Avances de fonds pour pr\u00eats non hypoth\u00e8caires, cr\u00e9dit \u00e0 la consommation, marges de cr\u00e9dit personnelles non garanties", "classificationCode": null, "classificationTypeCode": null, "geoLevel": null, "vintage": null, "terminated": 0, "memberUomCode": null}, {"memberId": 34, "parentMemberId": 29, "memberNameEn": "Funds advanced for non-mortgage loans, consumer credit, other personal", "memberNameFr": "Avances de fonds pour pr\u00eats non hypoth\u00e8caires, cr\u00e9dit \u00e0 la consommation, autres pr\u00eats aux particuliers", "classificationCode": null, "classificationTypeCode": null, "geoLevel": null, "vintage": null, "terminated": 0, "memberUomCode": null}, {"memberId": 35, "parentMemberId": null, "memberNameEn": "Total, outstanding balances for non-mortgage loans, consumer credit", "memberNameFr": "Totale, encours des pr\u00eats non-hypoth\u00e9caires, cr\u00e9dit \u00e0 la consommation", "classificationCode": null, "classificationTypeCode": null, "geoLevel": null, "vintage": null, "terminated": 0, "memberUomCode": null}, {"memberId": 36, "parentMemberId": 35, "memberNameEn": "Outstanding balances for non-mortgage loans, consumer credit, personal loan plans", "memberNameFr": "Encours des pr\u00eats non-hypoth\u00e9caires, cr\u00e9dit \u00e0 la consommation, pr\u00eats personnels", "classificationCode": null, "classificationTypeCode": null, "geoLevel": null, "vintage": null, "terminated": 0, "memberUomCode": null}, {"memberId": 37, "parentMemberId": 36, "memberNameEn": "Outstanding balances for non-mortgage loans, consumer credit, personal loan plans, Of which are auto loans", "memberNameFr": "Encours des pr\u00eats non-hypoth\u00e9caires, cr\u00e9dit \u00e0 la consommation, pr\u00eats personnels, dont les pr\u00eats automobiles", "classificationCode": null, "classificationTypeCode": null, "geoLevel": null, "vintage": null, "terminated": 0, "memberUomCode": null}, {"memberId": 38, "parentMemberId": 35, "memberNameEn": "Outstanding balances for non-mortgage loans, consumer credit, credit card loans", "memberNameFr": "Encours des pr\u00eats non-hypoth\u00e9caires, cr\u00e9dit \u00e0 la consommation, pr\u00eats sur carte de cr\u00e9dit", "classificationCode": null, "classificationTypeCode": null, "geoLevel": null, "vintage": null, "terminated": 0, "memberUomCode": null}, {"memberId": 39, "parentMemberId": 35, "memberNameEn": "Outstanding balances for non-mortgage loans, consumer credit, personal lines of credit, secured", "memberNameFr": "Encours des pr\u00eats non-hypoth\u00e9caires, cr\u00e9dit \u00e0 la consommation, marges de cr\u00e9dit personnelles garanties", "classificationCode": null, "classificationTypeCode": null, "geoLevel": null, "vintage": null, "terminated": 0, "memberUomCode": null}, {"memberId": 40, "parentMemberId": 35, "memberNameEn": "Outstanding balances for non-mortgage loans, consumer credit, personal lines of credit, unsecured", "memberNameFr": "Encours des pr\u00eats non-hypoth\u00e9caires, cr\u00e9dit \u00e0 la consommation, marges de cr\u00e9dit personnelles non garanties", "classificationCode": null, "classificationTypeCode": null, "geoLevel": null, "vintage": null, "terminated": 0, "memberUomCode": null}, {"memberId": 41, "parentMemberId": 35, "memberNameEn": "Outstanding balances for non-mortgage loans, consumer credit, other personal", "memberNameFr": "Encours des pr\u00eats non-hypoth\u00e9caires, cr\u00e9dit \u00e0 la consommation, autres pr\u00eats aux particuliers", "classificationCode": null, "classificationTypeCode": null, "geoLevel": null, "vintage": null, "terminated": 0, "memberUomCode": null}, {"memberId": 42, "parentMemberId": null, "memberNameEn": "Total, funds advanced, business loans", "memberNameFr": "Totale, avances de fonds, pr\u00eats \u00e0 des entreprises", "classificationCode": null, "classificationTypeCode": null, "geoLevel": null, "vintage": null, "terminated": 0, "memberUomCode": null}, {"memberId": 43, "parentMemberId": 42, "memberNameEn": "Funds advanced, business loans, to regulated non-bank financial institutions", "memberNameFr": "Avances de fonds, pr\u00eats \u00e0 des entreprises, aux institutions financi\u00e8res non bancaires r\u00e9glement\u00e9es", "classificationCode": null, "classificationTypeCode": null, "geoLevel": null, "vintage": null, "terminated": 0, "memberUomCode": null}, {"memberId": 44, "parentMemberId": 42, "memberNameEn": "Funds advanced, business loans, lease receivables", "memberNameFr": "Avances de fonds, pr\u00eats \u00e0 des entreprises, cr\u00e9ances de cr\u00e9dit-bail", "classificationCode": null, "classificationTypeCode": null, "geoLevel": null, "vintage": null, "terminated": 0, "memberUomCode": null}, {"memberId": 45, "parentMemberId": 42, "memberNameEn": "Funds advanced, business loans, loans to individuals and others for business purposes", "memberNameFr": "Avances de fonds, pr\u00eats \u00e0 des entreprises, aux particuliers et autres emprunteurs, \u00e0 des fins commerciales", "classificationCode": null, "classificationTypeCode": null, "geoLevel": null, "vintage": null, "terminated": 0, "memberUomCode": null}, {"memberId": 46, "parentMemberId": 42, "memberNameEn": "Funds advanced, business loans, non-residential mortgages", "memberNameFr": "Avances de fonds, pr\u00eats \u00e0 des entreprises, pr\u00eats hypoth\u00e9caires non r\u00e9sidentiels", "classificationCode": null, "classificationTypeCode": null, "geoLevel": null, "vintage": null, "terminated": 0, "memberUomCode": null}, {"memberId": 47, "parentMemberId": null, "memberNameEn": "Total, outstanding balances, business loans", "memberNameFr": "Totale, encours des pr\u00eats, pr\u00eats \u00e0 des entreprises", "classificationCode": null, "classificationTypeCode": null, "geoLevel": null, "vintage": null, "terminated": 0, "memberUomCode": null}, {"memberId": 48, "parentMemberId": 47, "memberNameEn": "Outstanding balances, business loans, to regulated non-bank financial institutions", "memberNameFr": "Encours des pr\u00eats, pr\u00eats \u00e0 des entreprises, aux institutions financi\u00e8res non bancaires r\u00e9glement\u00e9es", "classificationCode": null, "classificationTypeCode": null, "geoLevel": null, "vintage": null, "terminated": 0, "memberUomCode": null}, {"memberId": 49, "parentMemberId": 47, "memberNameEn": "Outstanding balances, business loans, lease receivables", "memberNameFr": "Encours des pr\u00eats, pr\u00eats \u00e0 des entreprises, cr\u00e9ances de cr\u00e9dit-bail", "classificationCode": null, "classificationTypeCode": null, "geoLevel": null, "vintage": null, "terminated": 0, "memberUomCode": null}, {"memberId": 50, "parentMemberId": 47, "memberNameEn": "Outstanding balances, business loans, loans to individuals and others for business purposes", "memberNameFr": "Encours des pr\u00eats, pr\u00eats \u00e0 des entreprises, aux particuliers et autres emprunteurs, \u00e0 des fins commerciales", "classificationCode": null, "classificationTypeCode": null, "geoLevel": null, "vintage": null, "terminated": 0, "memberUomCode": null}, {"memberId": 51, "parentMemberId": 47, "memberNameEn": "Outstanding balances, business loans, non-residential mortgages", "memberNameFr": "Encours des pr\u00eats, pr\u00eats \u00e0 des entreprises, pr\u00eats hypoth\u00e9caires non r\u00e9sidentiels", "classificationCode": null, "classificationTypeCode": null, "geoLevel": null, "vintage": null, "terminated": 0, "memberUomCode": null}]}, {"dimensionPositionId": 3, "dimensionNameEn": "Unit of measure", "dimensionNameFr": "Unit\u00e9 de mesure", "hasUom": true, "member": [{"memberId": 1, "parentMemberId": null, "memberNameEn": "Dollars", "memberNameFr": "Dollars", "classificationCode": null, "classificationTypeCode": null, "geoLevel": null, "vintage": null, "terminated": 0, "memberUomCode": 81}, {"memberId": 2, "parentMemberId": null, "memberNameEn": "Interest rate", "memberNameFr": "Taux d'int\u00e9r\u00eat", "classificationCode": null, "classificationTypeCode": null, "geoLevel": null, "vintage": null, "terminated": 0, "memberUomCode": 239}]}]