[{"dimensionPositionId": 1, "dimensionNameEn": "Geography", "dimensionNameFr": "G\u00e9ographie", "hasUom": false, "member": [{"memberId": 1, "parentMemberId": null, "memberNameEn": "Canada", "memberNameFr": "Canada", "classificationCode": "11124", "classificationTypeCode": "1", "geoLevel": 0, "vintage": 2016, "terminated": 0, "memberUomCode": null}]}, {"dimensionPositionId": 2, "dimensionNameEn": "Alternative measures", "dimensionNameFr": "Mesures alternatives", "hasUom": true, "member": [{"memberId": 16, "parentMemberId": null, "memberNameEn": "Consumer Price Index (CPI) excluding food, energy and the effect of indirect taxes", "memberNameFr": "Indice des prix \u00e0 la consommation (IPC) hors alimentation, \u00e9nergie et effet des imp\u00f4ts indirects", "classificationCode": null, "classificationTypeCode": null, "geoLevel": null, "vintage": null, "terminated": 0, "memberUomCode": 178}, {"memberId": 18, "parentMemberId": null, "memberNameEn": "Consumer Price Index (CPI) excluding food, energy and the effect of indirect taxes, seasonally adjusted", "memberNameFr": "Indice des prix \u00e0 la consommation (IPC) hors alimentation, \u00e9nergie et effet des imp\u00f4ts indirects, d\u00e9saisonnalis\u00e9", "classificationCode": null, "classificationTypeCode": null, "geoLevel": null, "vintage": null, "terminated": 0, "memberUomCode": 178}, {"memberId": 10, "parentMemberId": null, "memberNameEn": "Consumer Price Index (CPI) inversely weighted by volatility and is adjusted to exclude the effect of changes in indirect taxes (CPIW) (year-over-year percent change)", "memberNameFr": "Indice des prix \u00e0 la consommation (IPC) avec pond\u00e9ration inverse par volatilit\u00e9 et corrig\u00e9 de l'effet des modifications des imp\u00f4ts indirects (IPCP) (taux de variation d'une ann\u00e9e \u00e0 l'autre)", "classificationCode": null, "classificationTypeCode": null, "geoLevel": null, "vintage": null, "terminated": 0, "memberUomCode": 239}, {"memberId": 15, "parentMemberId": null, "memberNameEn": "Consumer Price Index (CPI) excluding the effect of indirect taxes", "memberNameFr": "Indice des prix \u00e0 la consommation (IPC) hors effet d'imp\u00f4ts indirects", "classificationCode": null, "classificationTypeCode": null, "geoLevel": null, "vintage": null, "terminated": 1, "memberUomCode": 178}, {"memberId": 17, "parentMemberId": null, "memberNameEn": "Consumer Price Index (CPI) excluding the effect of indirect taxes, seasonally adjusted", "memberNameFr": "Indice des prix \u00e0 la consommation (IPC) hors effet des imp\u00f4ts indirects, d\u00e9saisonnalis\u00e9", "classificationCode": null, "classificationTypeCode": null, "geoLevel": null, "vintage": null, "terminated": 1, "memberUomCode": 178}, {"memberId": 11, "parentMemberId": null, "memberNameEn": "Consumer Price Index (CPI) excluding the effect of indirect taxes", "memberNameFr": "Indice des prix \u00e0 la consommation (IPC) hors effet d'imp\u00f4ts indirects", "classificationCode": null, "classificationTypeCode": null, "geoLevel": null, "vintage": null, "terminated": 1, "memberUomCode": 173}, {"memberId": 12, "parentMemberId": null, "memberNameEn": "Consumer Price Index (CPI) excluding food, energy and the effect of indirect taxes", "memberNameFr": "Indice des prix \u00e0 la consommation (IPC) hors alimentation, \u00e9nergie et effet des imp\u00f4ts indirects", "classificationCode": null, "classificationTypeCode": null, "geoLevel": null, "vintage": null, "terminated": 1, "memberUomCode": 173}, {"memberId": 13, "parentMemberId": null, "memberNameEn": "Consumer Price Index (CPI) excluding the effect of indirect taxes, seasonally adjusted", "memberNameFr": "Indice des prix \u00e0 la consommation (IPC) hors effet des imp\u00f4ts indirects, d\u00e9saisonnalis\u00e9", "classificationCode": null, "classificationTypeCode": null, "geoLevel": null, "vintage": null, "terminated": 1, "memberUomCode": 173}, {"memberId": 14, "parentMemberId": null, "memberNameEn": "Consumer Price Index (CPI) excluding food, energy and the effect of indirect taxes, seasonally adjusted", "memberNameFr": "Indice des prix \u00e0 la consommation (IPC) hors alimentation, \u00e9nergie et effet des imp\u00f4ts indirects, d\u00e9saisonnalis\u00e9", "classificationCode": null, "classificationTypeCode": null, "geoLevel": null, "vintage": null, "terminated": 1, "memberUomCode": 173}, {"memberId": 9, "parentMemberId": null, "memberNameEn": "Consumer Price Index (CPI) excluding 8 of the most volatile components and indirect taxes (CPIX)", "memberNameFr": "Indice des prix \u00e0 la consommation (IPC) moins les 8 composantes les plus volatiles et imp\u00f4ts indirects (IPCX)", "classificationCode": null, "classificationTypeCode": null, "geoLevel": null, "vintage": null, "terminated": 1, "memberUomCode": 171}, {"memberId": 1, "parentMemberId": null, "memberNameEn": "Consumer Price Index (CPI) excluding the effect of indirect taxes", "memberNameFr": "Indice des prix \u00e0 la consommation (IPC) hors effet des imp\u00f4ts indirects", "classificationCode": null, "classificationTypeCode": null, "geoLevel": null, "vintage": null, "terminated": 1, "memberUomCode": 171}, {"memberId": 2, "parentMemberId": null, "memberNameEn": "Consumer Price Index (CPI) excluding food, energy and the effect of indirect taxes", "memberNameFr": "Indice des prix \u00e0 la consommation (IPC) hors alimentation, \u00e9nergie et effet des imp\u00f4ts indirects", "classificationCode": null, "classificationTypeCode": null, "geoLevel": null, "vintage": null, "terminated": 1, "memberUomCode": 171}, {"memberId": 3, "parentMemberId": null, "memberNameEn": "Consumer Price Index (CPI) excluding the effect of indirect taxes, seasonally adjusted", "memberNameFr": "Indice des prix \u00e0 la consommation (IPC) hors effet des imp\u00f4ts indirects, d\u00e9saisonnalis\u00e9", "classificationCode": null, "classificationTypeCode": null, "geoLevel": null, "vintage": null, "terminated": 1, "memberUomCode": 171}, {"memberId": 4, "parentMemberId": null, "memberNameEn": "Consumer Price Index (CPI) excluding food, energy and the effect of indirect taxes, seasonally adjusted", "memberNameFr": "Indice des prix \u00e0 la consommation (IPC) hors alimentation, \u00e9nergie et effet des imp\u00f4ts indirects, d\u00e9saisonnalis\u00e9", "classificationCode": null, "classificationTypeCode": null, "geoLevel": null, "vintage": null, "terminated": 1, "memberUomCode": 171}, {"memberId": 5, "parentMemberId": null, "memberNameEn": "Contribution of indirect taxes to annual growth rate of the Consumer Price Index (CPI)", "memberNameFr": "Contribution des imp\u00f4ts indirects \u00e0 la croissance annuelle d'Indice des prix \u00e0 la consommation (IPC)", "classificationCode": null, "classificationTypeCode": null, "geoLevel": null, "vintage": null, "terminated": 1, "memberUomCode": 239}, {"memberId": 6, "parentMemberId": null, "memberNameEn": "Contribution of indirect taxes to annual growth rate of the Consumer Price Index (CPI) excluding food and energy", "memberNameFr": "Contribution des imp\u00f4ts indirects \u00e0 la croissance annuelle d'Indice des prix \u00e0 la consommation (IPC) hors alimentation et \u00e9nergie", "classificationCode": null, "classificationTypeCode": null, "geoLevel": null, "vintage": null, "terminated": 1, "memberUomCode": 239}, {"memberId": 7, "parentMemberId": null, "memberNameEn": "Contribution of indirect taxes to monthly growth rate of the Consumer Price Index (CPI)", "memberNameFr": "Contribution des imp\u00f4ts indirects \u00e0 la croissance mensuelle d'Indice des prix \u00e0 la consommation (IPC)", "classificationCode": null, "classificationTypeCode": null, "geoLevel": null, "vintage": null, "terminated": 1, "memberUomCode": 239}, {"memberId": 8, "parentMemberId": null, "memberNameEn": "Contribution of indirect taxes to monthly growth rate of the Consumer Price Index (CPI) excluding food and energy", "memberNameFr": "Contribution des imp\u00f4ts indirects \u00e0 la croissance mensuelle d'Indice des prix \u00e0 la consommation (IPC) hors alimentation et \u00e9nergie", "classificationCode": null, "classificationTypeCode": null, "geoLevel": null, "vintage": null, "terminated": 1, "memberUomCode": 239}]}]