[{"dimensionPositionId": 1, "dimensionNameEn": "Geography", "dimensionNameFr": "G\u00e9ographie", "hasUom": false, "member": [{"memberId": 1, "parentMemberId": null, "memberNameEn": "Canada", "memberNameFr": "Canada", "classificationCode": "11124", "classificationTypeCode": "1", "geoLevel": 0, "vintage": 2016, "terminated": 0, "memberUomCode": null}]}, {"dimensionPositionId": 2, "dimensionNameEn": "Stock market statistics", "dimensionNameFr": "Statistiques boursi\u00e8res", "hasUom": true, "member": [{"memberId": 1, "parentMemberId": null, "memberNameEn": "Toronto Stock Exchange, value of shares traded", "memberNameFr": "Bourse de Toronto, valeur des actions n\u00e9goci\u00e9es", "classificationCode": null, "classificationTypeCode": null, "geoLevel": null, "vintage": null, "terminated": 0, "memberUomCode": 81}, {"memberId": 2, "parentMemberId": null, "memberNameEn": "Toronto Stock Exchange, volume of shares traded", "memberNameFr": "Bourse de Toronto, volume des actions n\u00e9goci\u00e9es", "classificationCode": null, "classificationTypeCode": null, "geoLevel": null, "vintage": null, "terminated": 0, "memberUomCode": 276}, {"memberId": 3, "parentMemberId": null, "memberNameEn": "United States common stocks, Dow-Jones industrials, high", "memberNameFr": "Actions ordinaires des \u00c9tats-Unis, Dow-Jones, industriels, haut", "classificationCode": null, "classificationTypeCode": null, "geoLevel": null, "vintage": null, "terminated": 0, "memberUomCode": 160}, {"memberId": 4, "parentMemberId": null, "memberNameEn": "United States common stocks, Dow-Jones industrials, low", "memberNameFr": "Actions ordinaires des \u00c9tats-Unis, Dow-Jones, industriels, bas", "classificationCode": null, "classificationTypeCode": null, "geoLevel": null, "vintage": null, "terminated": 0, "memberUomCode": 160}, {"memberId": 5, "parentMemberId": null, "memberNameEn": "United States common stocks, Dow-Jones industrials, close", "memberNameFr": "Actions ordinaires des \u00c9tats-Unis, Dow-Jones, industriels, dernier jour", "classificationCode": null, "classificationTypeCode": null, "geoLevel": null, "vintage": null, "terminated": 0, "memberUomCode": 160}, {"memberId": 6, "parentMemberId": null, "memberNameEn": "New York Stock Exchange, value of shares traded", "memberNameFr": "Bourse de New York, valeur des actions n\u00e9goci\u00e9es", "classificationCode": null, "classificationTypeCode": null, "geoLevel": null, "vintage": null, "terminated": 1, "memberUomCode": 81}, {"memberId": 7, "parentMemberId": null, "memberNameEn": "New York Stock Exchange, volume of shares traded", "memberNameFr": "Bourse de New York, volume des actions n\u00e9goci\u00e9es", "classificationCode": null, "classificationTypeCode": null, "geoLevel": null, "vintage": null, "terminated": 1, "memberUomCode": 276}, {"memberId": 8, "parentMemberId": null, "memberNameEn": "New York Stock Exchange, customers' debit balances", "memberNameFr": "Bourse de New York, soldes d\u00e9biteurs des clients", "classificationCode": null, "classificationTypeCode": null, "geoLevel": null, "vintage": null, "terminated": 0, "memberUomCode": 81}, {"memberId": 9, "parentMemberId": null, "memberNameEn": "New York Stock Exchange, customers' free credit balance", "memberNameFr": "Bourse de New York, soldes cr\u00e9diteurs libres des clients", "classificationCode": null, "classificationTypeCode": null, "geoLevel": null, "vintage": null, "terminated": 0, "memberUomCode": 81}, {"memberId": 10, "parentMemberId": null, "memberNameEn": "United States loans made to brokers by United States by commercial banks", "memberNameFr": "\u00c9tats-Unis, pr\u00eats des banques commerciaux des \u00c9tats-Unis aux agents de change", "classificationCode": null, "classificationTypeCode": null, "geoLevel": null, "vintage": null, "terminated": 1, "memberUomCode": 81}, {"memberId": 11, "parentMemberId": null, "memberNameEn": "Standard and Poor's stock dividend yields, common", "memberNameFr": "Standard and Poor's, rendement sous forme de dividendes, actions ordinaires", "classificationCode": null, "classificationTypeCode": null, "geoLevel": null, "vintage": null, "terminated": 1, "memberUomCode": 239}, {"memberId": 12, "parentMemberId": null, "memberNameEn": "Montreal Stock Exchange, Canadian stock indices, month-end close, Canadian market portfolio (25),  January 4 1983=1000", "memberNameFr": "Bourse de Montr\u00e9al, indices canadien, cours fin-de-mois, indices canadien du march\u00e9 (25), 4 janvier 1983=1000", "classificationCode": null, "classificationTypeCode": null, "geoLevel": null, "vintage": null, "terminated": 1, "memberUomCode": 160}, {"memberId": 13, "parentMemberId": null, "memberNameEn": "Montreal Stock Exchange, Canadian stock indices, month-end close, banks (6), January 4 1983=1000", "memberNameFr": "Bourse de Montr\u00e9al, indices canadien, cours fin-de-mois, banques (6), 4 janvier 1983=1000", "classificationCode": null, "classificationTypeCode": null, "geoLevel": null, "vintage": null, "terminated": 1, "memberUomCode": 160}, {"memberId": 14, "parentMemberId": null, "memberNameEn": "Standard and Poor's (500), 1941-43=10", "memberNameFr": "Standard and Poor's (500), 1941-43=10", "classificationCode": null, "classificationTypeCode": null, "geoLevel": null, "vintage": null, "terminated": 0, "memberUomCode": 160}]}]