[{"dimensionPositionId": 1, "dimensionNameEn": "Geography", "dimensionNameFr": "G\u00e9ographie", "hasUom": false, "member": [{"memberId": 1, "parentMemberId": null, "memberNameEn": "Canada", "memberNameFr": "Canada", "classificationCode": "11124", "classificationTypeCode": "1", "geoLevel": 0, "vintage": 2016, "terminated": 0, "memberUomCode": null}]}, {"dimensionPositionId": 2, "dimensionNameEn": "Components", "dimensionNameFr": "Composants", "hasUom": true, "member": [{"memberId": 17, "parentMemberId": null, "memberNameEn": "Total short-term business credit", "memberNameFr": "Ensemble des cr\u00e9dits \u00e0 court terme aux entreprises", "classificationCode": null, "classificationTypeCode": null, "geoLevel": null, "vintage": null, "terminated": 1, "memberUomCode": 81}, {"memberId": 23, "parentMemberId": null, "memberNameEn": "Total short-term business credit, seasonally adjusted", "memberNameFr": "Ensemble des cr\u00e9dits \u00e0 court terme aux entreprises, d\u00e9saisonnalis\u00e9", "classificationCode": null, "classificationTypeCode": null, "geoLevel": null, "vintage": null, "terminated": 1, "memberUomCode": 81}, {"memberId": 16, "parentMemberId": null, "memberNameEn": "Adjustment to short-term business credit", "memberNameFr": "Ajustements aux cr\u00e9dits \u00e0 court terme aux entreprises", "classificationCode": null, "classificationTypeCode": null, "geoLevel": null, "vintage": null, "terminated": 1, "memberUomCode": 81}, {"memberId": 27, "parentMemberId": null, "memberNameEn": "Adjustment to other business credit", "memberNameFr": "Ajustements aux autres cr\u00e9dits aux entreprises", "classificationCode": null, "classificationTypeCode": null, "geoLevel": null, "vintage": null, "terminated": 1, "memberUomCode": 81}, {"memberId": 21, "parentMemberId": null, "memberNameEn": "Total household and business credit", "memberNameFr": "Ensemble des cr\u00e9dits aux m\u00e9nages et aux entreprises", "classificationCode": null, "classificationTypeCode": null, "geoLevel": null, "vintage": null, "terminated": 0, "memberUomCode": 81}, {"memberId": 25, "parentMemberId": null, "memberNameEn": "Total household and business credit, seasonally adjusted", "memberNameFr": "Ensemble des cr\u00e9dits aux m\u00e9nages et aux entreprises, d\u00e9saisonnalis\u00e9", "classificationCode": null, "classificationTypeCode": null, "geoLevel": null, "vintage": null, "terminated": 0, "memberUomCode": 81}, {"memberId": 20, "parentMemberId": 25, "memberNameEn": "Total business credit", "memberNameFr": "Ensemble des cr\u00e9dits aux entreprises", "classificationCode": null, "classificationTypeCode": null, "geoLevel": null, "vintage": null, "terminated": 0, "memberUomCode": 81}, {"memberId": 24, "parentMemberId": 25, "memberNameEn": "Total business credit, seasonally adjusted", "memberNameFr": "Ensemble des cr\u00e9dits aux entreprises, d\u00e9saisonnalis\u00e9", "classificationCode": null, "classificationTypeCode": null, "geoLevel": null, "vintage": null, "terminated": 0, "memberUomCode": 81}, {"memberId": 37, "parentMemberId": 24, "memberNameEn": "Total business loans, unadjusted", "memberNameFr": "Ensemble des pr\u00eats aux entreprises", "classificationCode": null, "classificationTypeCode": null, "geoLevel": null, "vintage": null, "terminated": 0, "memberUomCode": 81}, {"memberId": 38, "parentMemberId": 24, "memberNameEn": "Total business loans, seasonally adjusted", "memberNameFr": "Ensemble des pr\u00eats aux entreprises, d\u00e9saisonnalis\u00e9", "classificationCode": null, "classificationTypeCode": null, "geoLevel": null, "vintage": null, "terminated": 0, "memberUomCode": 81}, {"memberId": 39, "parentMemberId": 38, "memberNameEn": "Total non-mortgage loans", "memberNameFr": "Ensemble des pr\u00eats hypoth\u00e9caires sur immeubles non-r\u00e9sidentiels", "classificationCode": null, "classificationTypeCode": null, "geoLevel": null, "vintage": null, "terminated": 0, "memberUomCode": 81}, {"memberId": 1, "parentMemberId": 39, "memberNameEn": "Business loans, chartered banks", "memberNameFr": "Pr\u00eats aux entreprises, banques \u00e0 charte", "classificationCode": null, "classificationTypeCode": null, "geoLevel": null, "vintage": null, "terminated": 0, "memberUomCode": 81}, {"memberId": 22, "parentMemberId": 39, "memberNameEn": "Business loans, chartered banks, seasonally adjusted", "memberNameFr": "Pr\u00eats aux entreprises, banques \u00e0 charte, d\u00e9saisonnalis\u00e9", "classificationCode": null, "classificationTypeCode": null, "geoLevel": null, "vintage": null, "terminated": 0, "memberUomCode": 81}, {"memberId": 12, "parentMemberId": 22, "memberNameEn": "Chartered bank foreign currency loans to residents", "memberNameFr": "Pr\u00eats en monnaies \u00e9trang\u00e8res des banques \u00e0 charte aux r\u00e9sidents", "classificationCode": null, "classificationTypeCode": null, "geoLevel": null, "vintage": null, "terminated": 0, "memberUomCode": 81}, {"memberId": 9, "parentMemberId": 22, "memberNameEn": "Leasing receivables, chartered banks", "memberNameFr": "Cr\u00e9ances r\u00e9sultant du cr\u00e9dit-bail financiers, banques \u00e0 charte", "classificationCode": null, "classificationTypeCode": null, "geoLevel": null, "vintage": null, "terminated": 0, "memberUomCode": 81}, {"memberId": 41, "parentMemberId": 39, "memberNameEn": "Business loans, non-banks", "memberNameFr": "Pr\u00eats aux entreprises, institutions parabancaires", "classificationCode": null, "classificationTypeCode": null, "geoLevel": null, "vintage": null, "terminated": 0, "memberUomCode": 81}, {"memberId": 42, "parentMemberId": 39, "memberNameEn": "Business loans, non-banks, seasonally adjusted", "memberNameFr": "Pr\u00eats aux entreprises, institutions parabancaires (donn\u00e9es d\u00e9saisonnalis\u00e9es)", "classificationCode": null, "classificationTypeCode": null, "geoLevel": null, "vintage": null, "terminated": 0, "memberUomCode": 81}, {"memberId": 2, "parentMemberId": 39, "memberNameEn": "Business loans, finance companies", "memberNameFr": "Pr\u00eats aux entreprises, soci\u00e9t\u00e9s de financement", "classificationCode": null, "classificationTypeCode": null, "geoLevel": null, "vintage": null, "terminated": 1, "memberUomCode": 81}, {"memberId": 32, "parentMemberId": 39, "memberNameEn": "Business loans, non-depository credit intermediaries", "memberNameFr": "Pr\u00eats aux entreprises, interm\u00e9diaires financiers autres que les institutions de d\u00e9p\u00f4t", "classificationCode": null, "classificationTypeCode": null, "geoLevel": null, "vintage": null, "terminated": 1, "memberUomCode": 81}, {"memberId": 3, "parentMemberId": 39, "memberNameEn": "Business loans, other institutions", "memberNameFr": "Pr\u00eats aux entreprises, autres institutions", "classificationCode": null, "classificationTypeCode": null, "geoLevel": null, "vintage": null, "terminated": 1, "memberUomCode": 81}, {"memberId": 11, "parentMemberId": 39, "memberNameEn": "Leasing receivables, finance companies", "memberNameFr": "Cr\u00e9ances r\u00e9sultant du cr\u00e9dit-bail, soci\u00e9t\u00e9s de financement", "classificationCode": null, "classificationTypeCode": null, "geoLevel": null, "vintage": null, "terminated": 1, "memberUomCode": 81}, {"memberId": 30, "parentMemberId": 39, "memberNameEn": "Leasing receivables, financial leasing companies", "memberNameFr": "Cr\u00e9ances r\u00e9sultant du cr\u00e9dit-bail, companie de cr\u00e9dit-bail financier", "classificationCode": null, "classificationTypeCode": null, "geoLevel": null, "vintage": null, "terminated": 1, "memberUomCode": 81}, {"memberId": 34, "parentMemberId": 39, "memberNameEn": "Leasing receivables, non-depository credit intermediaries", "memberNameFr": "Cr\u00e9ances r\u00e9sultant du cr\u00e9dit-bail, interm\u00e9diaires financiers autres que les institutions de d\u00e9p\u00f4t", "classificationCode": null, "classificationTypeCode": null, "geoLevel": null, "vintage": null, "terminated": 1, "memberUomCode": 81}, {"memberId": 10, "parentMemberId": 39, "memberNameEn": "Leasing receivables, other institutions", "memberNameFr": "Cr\u00e9ances r\u00e9sultant du cr\u00e9dit-bail, autres institutions", "classificationCode": null, "classificationTypeCode": null, "geoLevel": null, "vintage": null, "terminated": 1, "memberUomCode": 81}, {"memberId": 29, "parentMemberId": 39, "memberNameEn": "Non-mortgage loans, off-balance sheet securitization", "memberNameFr": "Pr\u00eats hypoth\u00e9caires sur immeubles non-r\u00e9sidentiels, titrisation hors bilan", "classificationCode": null, "classificationTypeCode": null, "geoLevel": null, "vintage": null, "terminated": 0, "memberUomCode": 81}, {"memberId": 40, "parentMemberId": 38, "memberNameEn": "Total non-residential mortgages", "memberNameFr": "Ensemble des pr\u00eats hypoth\u00e9caires sur immeubles non-r\u00e9sidentiels", "classificationCode": null, "classificationTypeCode": null, "geoLevel": null, "vintage": null, "terminated": 0, "memberUomCode": 81}, {"memberId": 4, "parentMemberId": 40, "memberNameEn": "Non-residential mortgages, chartered banks", "memberNameFr": "Pr\u00eats hypoth\u00e9caires sur immeubles non-r\u00e9sidentiels, banques \u00e0 charte", "classificationCode": null, "classificationTypeCode": null, "geoLevel": null, "vintage": null, "terminated": 0, "memberUomCode": 81}, {"memberId": 43, "parentMemberId": 40, "memberNameEn": "Non-residential mortgages, non-banks", "memberNameFr": "Pr\u00eats hypoth\u00e9caires sur immeubles non-r\u00e9sidentiels, institutions parabancaires", "classificationCode": null, "classificationTypeCode": null, "geoLevel": null, "vintage": null, "terminated": 0, "memberUomCode": 81}, {"memberId": 44, "parentMemberId": 40, "memberNameEn": "Non-residential mortgages, non-banks, seasonally adjusted", "memberNameFr": "Pr\u00eats hypoth\u00e9caires sur immeubles non-r\u00e9sidentiels, institutions parabancaires (donn\u00e9es d\u00e9saisonnalis\u00e9es)", "classificationCode": null, "classificationTypeCode": null, "geoLevel": null, "vintage": null, "terminated": 0, "memberUomCode": 81}, {"memberId": 5, "parentMemberId": 40, "memberNameEn": "Non-residential mortgages, trust and mortgage loan companies", "memberNameFr": "Pr\u00eats hypoth\u00e9caires sur immeubles non-r\u00e9sidentiels, soci\u00e9t\u00e9s de fiducie ou de pr\u00eat hypoth\u00e9caire", "classificationCode": null, "classificationTypeCode": null, "geoLevel": null, "vintage": null, "terminated": 1, "memberUomCode": 81}, {"memberId": 6, "parentMemberId": 40, "memberNameEn": "Non-residential mortgages, credit unions and caisses populaires", "memberNameFr": "Pr\u00eats hypoth\u00e9caires sur immeubles non-r\u00e9sidentiels, caisses populaires et credit unions", "classificationCode": null, "classificationTypeCode": null, "geoLevel": null, "vintage": null, "terminated": 1, "memberUomCode": 81}, {"memberId": 7, "parentMemberId": 40, "memberNameEn": "Non-residential mortgages, life insurance companies", "memberNameFr": "Pr\u00eats hypoth\u00e9caires sur immeubles non-r\u00e9sidentiels, compagnies d'assurance vie", "classificationCode": null, "classificationTypeCode": null, "geoLevel": null, "vintage": null, "terminated": 1, "memberUomCode": 81}, {"memberId": 8, "parentMemberId": 40, "memberNameEn": "Non-residential mortgages, finance companies", "memberNameFr": "Pr\u00eats hypoth\u00e9caires sur immeubles non-r\u00e9sidentiels, soci\u00e9t\u00e9s de financement", "classificationCode": null, "classificationTypeCode": null, "geoLevel": null, "vintage": null, "terminated": 1, "memberUomCode": 81}, {"memberId": 33, "parentMemberId": 40, "memberNameEn": "Non-residential mortgages, non-depository credit intermediaries and other institutions", "memberNameFr": "Pr\u00eats hypoth\u00e9caires sur immeubles non-r\u00e9sidentiels, interm\u00e9diaires financiers autres que les institutions de d\u00e9p\u00f4t et autres institutions", "classificationCode": null, "classificationTypeCode": null, "geoLevel": null, "vintage": null, "terminated": 1, "memberUomCode": 81}, {"memberId": 31, "parentMemberId": 40, "memberNameEn": "Non-residential mortgages, off-balance sheet securitization", "memberNameFr": "Pr\u00eats hypoth\u00e9caires sur immeubles non-r\u00e9sidentiels, titrisation hors bilan", "classificationCode": null, "classificationTypeCode": null, "geoLevel": null, "vintage": null, "terminated": 0, "memberUomCode": 81}, {"memberId": 13, "parentMemberId": 38, "memberNameEn": "Bankers' acceptances", "memberNameFr": "Acceptations bancaires", "classificationCode": null, "classificationTypeCode": null, "geoLevel": null, "vintage": null, "terminated": 0, "memberUomCode": 81}, {"memberId": 26, "parentMemberId": 38, "memberNameEn": "Bankers' acceptances, seasonally adjusted", "memberNameFr": "Acceptations bancaires, d\u00e9saisonnalis\u00e9", "classificationCode": null, "classificationTypeCode": null, "geoLevel": null, "vintage": null, "terminated": 0, "memberUomCode": 81}, {"memberId": 14, "parentMemberId": 24, "memberNameEn": "Commercial paper issued by non-financial corporations, Canadian dollars", "memberNameFr": "Papier commercial des soci\u00e9t\u00e9s non financi\u00e8res, en dollars canadiens", "classificationCode": null, "classificationTypeCode": null, "geoLevel": null, "vintage": null, "terminated": 1, "memberUomCode": 81}, {"memberId": 15, "parentMemberId": 24, "memberNameEn": "Commercial paper issued by non-financial corporations, foreign currency", "memberNameFr": "Papier commercial des soci\u00e9t\u00e9s non financi\u00e8res, en monnaies \u00e9trang\u00e8res", "classificationCode": null, "classificationTypeCode": null, "geoLevel": null, "vintage": null, "terminated": 1, "memberUomCode": 81}, {"memberId": 28, "parentMemberId": 24, "memberNameEn": "Commercial paper issued by non-financial corporations", "memberNameFr": "Papier commercial des soci\u00e9t\u00e9s non financi\u00e8res", "classificationCode": null, "classificationTypeCode": null, "geoLevel": null, "vintage": null, "terminated": 0, "memberUomCode": 81}, {"memberId": 35, "parentMemberId": 24, "memberNameEn": "Commercial paper issued by non-financial corporations, seasonally adjusted", "memberNameFr": "Papier commercial des soci\u00e9t\u00e9s non financi\u00e8res, d\u00e9saisonnalis\u00e9", "classificationCode": null, "classificationTypeCode": null, "geoLevel": null, "vintage": null, "terminated": 0, "memberUomCode": 81}, {"memberId": 19, "parentMemberId": 24, "memberNameEn": "Equity and warrants", "memberNameFr": "Actions et bons de souscription", "classificationCode": null, "classificationTypeCode": null, "geoLevel": null, "vintage": null, "terminated": 0, "memberUomCode": 81}, {"memberId": 18, "parentMemberId": 24, "memberNameEn": "Bonds and debentures", "memberNameFr": "Obligations et debentures", "classificationCode": null, "classificationTypeCode": null, "geoLevel": null, "vintage": null, "terminated": 0, "memberUomCode": 81}, {"memberId": 36, "parentMemberId": 24, "memberNameEn": "Trust units", "memberNameFr": "Parts de fiducie", "classificationCode": null, "classificationTypeCode": null, "geoLevel": null, "vintage": null, "terminated": 0, "memberUomCode": 81}]}]