[{"dimensionPositionId": 1, "dimensionNameEn": "Geography", "dimensionNameFr": "G\u00e9ographie", "hasUom": false, "member": [{"memberId": 1, "parentMemberId": null, "memberNameEn": "Canada", "memberNameFr": "Canada", "classificationCode": null, "classificationTypeCode": null, "geoLevel": null, "vintage": null, "terminated": 0, "memberUomCode": null}]}, {"dimensionPositionId": 2, "dimensionNameEn": "Type of currency", "dimensionNameFr": "Type de monnaie", "hasUom": false, "member": [{"memberId": 1, "parentMemberId": null, "memberNameEn": "Canadian dollar", "memberNameFr": "Dollar canadien", "classificationCode": null, "classificationTypeCode": null, "geoLevel": null, "vintage": null, "terminated": 0, "memberUomCode": null}, {"memberId": 2, "parentMemberId": null, "memberNameEn": "Foreign currency", "memberNameFr": "Monnaies \u00e9trang\u00e8res", "classificationCode": null, "classificationTypeCode": null, "geoLevel": null, "vintage": null, "terminated": 0, "memberUomCode": null}]}, {"dimensionPositionId": 3, "dimensionNameEn": "Type of loan authorization", "dimensionNameFr": "Type de autoris\u00e9s des pr\u00eats", "hasUom": false, "member": [{"memberId": 1, "parentMemberId": null, "memberNameEn": "Amounts outstanding under authorized limits", "memberNameFr": "Encours des pr\u00eats consentis en vertu de cr\u00e9dits dont le plafond", "classificationCode": null, "classificationTypeCode": null, "geoLevel": null, "vintage": null, "terminated": 0, "memberUomCode": null}, {"memberId": 2, "parentMemberId": null, "memberNameEn": "Amounts authorized under authorized limits", "memberNameFr": "Montants autoris\u00e9s sur ligne de cr\u00e9dit", "classificationCode": null, "classificationTypeCode": null, "geoLevel": null, "vintage": null, "terminated": 0, "memberUomCode": null}]}, {"dimensionPositionId": 4, "dimensionNameEn": "Type of loans", "dimensionNameFr": "Type de pr\u00eats", "hasUom": false, "member": [{"memberId": 1, "parentMemberId": null, "memberNameEn": "Total, demand and term loans", "memberNameFr": "Total des pr\u00eats \u00e0 vue ou \u00e0 terme", "classificationCode": null, "classificationTypeCode": null, "geoLevel": null, "vintage": null, "terminated": 0, "memberUomCode": null}, {"memberId": 2, "parentMemberId": 1, "memberNameEn": "Term", "memberNameFr": "\u00c0 terme", "classificationCode": null, "classificationTypeCode": null, "geoLevel": null, "vintage": null, "terminated": 0, "memberUomCode": null}, {"memberId": 3, "parentMemberId": 1, "memberNameEn": "Demand", "memberNameFr": "\u00c0 vue", "classificationCode": null, "classificationTypeCode": null, "geoLevel": null, "vintage": null, "terminated": 0, "memberUomCode": null}]}, {"dimensionPositionId": 5, "dimensionNameEn": "Size of loan authorization", "dimensionNameFr": "Montants autoris\u00e9s des pr\u00eats", "hasUom": true, "member": [{"memberId": 1, "parentMemberId": null, "memberNameEn": "Total, all loan authorization sizes", "memberNameFr": "Total des montants autoris\u00e9s des pr\u00eats", "classificationCode": null, "classificationTypeCode": null, "geoLevel": null, "vintage": null, "terminated": 0, "memberUomCode": 81}, {"memberId": 2, "parentMemberId": 1, "memberNameEn": "Less than $0.2 million", "memberNameFr": "Moins que 0.2 millions$", "classificationCode": null, "classificationTypeCode": null, "geoLevel": null, "vintage": null, "terminated": 0, "memberUomCode": 81}, {"memberId": 3, "parentMemberId": 1, "memberNameEn": "$0.2 million to $50 million", "memberNameFr": "0.2 millions$ \u00e0 50 millions$", "classificationCode": null, "classificationTypeCode": null, "geoLevel": null, "vintage": null, "terminated": 0, "memberUomCode": 81}, {"memberId": 4, "parentMemberId": 3, "memberNameEn": "$0.2 million to $0.5 million", "memberNameFr": "0.2 millions$ \u00e0 0.5 millions$", "classificationCode": null, "classificationTypeCode": null, "geoLevel": null, "vintage": null, "terminated": 0, "memberUomCode": 81}, {"memberId": 5, "parentMemberId": 3, "memberNameEn": "$0.5 million to $1 million", "memberNameFr": "0.5 millions$ \u00e0 1 millions$", "classificationCode": null, "classificationTypeCode": null, "geoLevel": null, "vintage": null, "terminated": 0, "memberUomCode": 81}, {"memberId": 6, "parentMemberId": 3, "memberNameEn": "$1 million to $5 million", "memberNameFr": "1 millions$ \u00e0 5 millions$", "classificationCode": null, "classificationTypeCode": null, "geoLevel": null, "vintage": null, "terminated": 0, "memberUomCode": 81}, {"memberId": 7, "parentMemberId": 3, "memberNameEn": "$5 million to $25 million", "memberNameFr": "5 millions$ \u00e0 25 millions$", "classificationCode": null, "classificationTypeCode": null, "geoLevel": null, "vintage": null, "terminated": 0, "memberUomCode": 81}, {"memberId": 8, "parentMemberId": 3, "memberNameEn": "$25 million to $50 million", "memberNameFr": "25 millions$ \u00e0 50 millions$", "classificationCode": null, "classificationTypeCode": null, "geoLevel": null, "vintage": null, "terminated": 0, "memberUomCode": 81}, {"memberId": 9, "parentMemberId": 3, "memberNameEn": "$50 million and over", "memberNameFr": "50 millions$ et plus", "classificationCode": null, "classificationTypeCode": null, "geoLevel": null, "vintage": null, "terminated": 0, "memberUomCode": 81}]}]