[{"dimensionPositionId": 1, "dimensionNameEn": "Geography", "dimensionNameFr": "G\u00e9ographie", "hasUom": false, "member": [{"memberId": 1, "parentMemberId": null, "memberNameEn": "Canada", "memberNameFr": "Canada", "classificationCode": null, "classificationTypeCode": null, "geoLevel": null, "vintage": null, "terminated": 0, "memberUomCode": null}]}, {"dimensionPositionId": 2, "dimensionNameEn": "Type of enterprise", "dimensionNameFr": "Type d'entreprise", "hasUom": false, "member": [{"memberId": 1, "parentMemberId": null, "memberNameEn": "Total federal government business enterprises", "memberNameFr": "Total des entreprises publiques f\u00e9d\u00e9rales", "classificationCode": null, "classificationTypeCode": null, "geoLevel": null, "vintage": null, "terminated": 0, "memberUomCode": null}, {"memberId": 2, "parentMemberId": null, "memberNameEn": "Non-financial enterprises", "memberNameFr": "Les entreprises non-financi\u00e8res", "classificationCode": null, "classificationTypeCode": null, "geoLevel": null, "vintage": null, "terminated": 0, "memberUomCode": null}, {"memberId": 3, "parentMemberId": null, "memberNameEn": "Total financial enterprises", "memberNameFr": "Total des entreprises financi\u00e8res", "classificationCode": null, "classificationTypeCode": null, "geoLevel": null, "vintage": null, "terminated": 0, "memberUomCode": null}, {"memberId": 4, "parentMemberId": null, "memberNameEn": "Financial monetary authorities", "memberNameFr": "Des autorit\u00e9s mon\u00e9taires financi\u00e8res", "classificationCode": null, "classificationTypeCode": null, "geoLevel": null, "vintage": null, "terminated": 0, "memberUomCode": null}, {"memberId": 5, "parentMemberId": null, "memberNameEn": "Other financial enterprises", "memberNameFr": "Des autres entreprises financi\u00e8res", "classificationCode": null, "classificationTypeCode": null, "geoLevel": null, "vintage": null, "terminated": 0, "memberUomCode": null}]}, {"dimensionPositionId": 3, "dimensionNameEn": "Balance sheet", "dimensionNameFr": "Actif, passif et valeur nette", "hasUom": true, "member": [{"memberId": 6, "parentMemberId": null, "memberNameEn": "Total assets", "memberNameFr": "Total, actif", "classificationCode": null, "classificationTypeCode": null, "geoLevel": null, "vintage": null, "terminated": 0, "memberUomCode": 81}, {"memberId": 7, "parentMemberId": 6, "memberNameEn": "Cash on hand and on deposit", "memberNameFr": "Encaisse et d\u00e9p\u00f4ts", "classificationCode": null, "classificationTypeCode": null, "geoLevel": null, "vintage": null, "terminated": 0, "memberUomCode": 81}, {"memberId": 8, "parentMemberId": 6, "memberNameEn": "Receivables", "memberNameFr": "D\u00e9biteurs", "classificationCode": null, "classificationTypeCode": null, "geoLevel": null, "vintage": null, "terminated": 0, "memberUomCode": 81}, {"memberId": 9, "parentMemberId": 6, "memberNameEn": "Accrued revenue and prepaid expenses", "memberNameFr": "Revenus courus et frais pay\u00e9s d'avances", "classificationCode": null, "classificationTypeCode": null, "geoLevel": null, "vintage": null, "terminated": 0, "memberUomCode": 81}, {"memberId": 11, "parentMemberId": 6, "memberNameEn": "Advances", "memberNameFr": "Avances", "classificationCode": null, "classificationTypeCode": null, "geoLevel": null, "vintage": null, "terminated": 0, "memberUomCode": 81}, {"memberId": 12, "parentMemberId": 6, "memberNameEn": "Securities", "memberNameFr": "Titre", "classificationCode": null, "classificationTypeCode": null, "geoLevel": null, "vintage": null, "terminated": 0, "memberUomCode": 81}, {"memberId": 13, "parentMemberId": 6, "memberNameEn": "Other financial assets", "memberNameFr": "Autre actif financier", "classificationCode": null, "classificationTypeCode": null, "geoLevel": null, "vintage": null, "terminated": 0, "memberUomCode": 81}, {"memberId": 10, "parentMemberId": 6, "memberNameEn": "Inventories", "memberNameFr": "Stocks", "classificationCode": null, "classificationTypeCode": null, "geoLevel": null, "vintage": null, "terminated": 0, "memberUomCode": 81}, {"memberId": 14, "parentMemberId": 6, "memberNameEn": "Net fixed assets", "memberNameFr": "Immobilisations nettes", "classificationCode": null, "classificationTypeCode": null, "geoLevel": null, "vintage": null, "terminated": 0, "memberUomCode": 81}, {"memberId": 15, "parentMemberId": 6, "memberNameEn": "Deferred charges", "memberNameFr": "Frais diff\u00e9r\u00e9s", "classificationCode": null, "classificationTypeCode": null, "geoLevel": null, "vintage": null, "terminated": 0, "memberUomCode": 81}, {"memberId": 16, "parentMemberId": 6, "memberNameEn": "Other assets", "memberNameFr": "Autre actif", "classificationCode": null, "classificationTypeCode": null, "geoLevel": null, "vintage": null, "terminated": 0, "memberUomCode": 81}, {"memberId": 17, "parentMemberId": null, "memberNameEn": "Total liabilities and net worth", "memberNameFr": "Total, passif et avoir net", "classificationCode": null, "classificationTypeCode": null, "geoLevel": null, "vintage": null, "terminated": 0, "memberUomCode": 81}, {"memberId": 18, "parentMemberId": 17, "memberNameEn": "Total liabilities", "memberNameFr": "Total, passif", "classificationCode": null, "classificationTypeCode": null, "geoLevel": null, "vintage": null, "terminated": 0, "memberUomCode": 81}, {"memberId": 19, "parentMemberId": 18, "memberNameEn": "Bank overdrafts", "memberNameFr": "D\u00e9couverts bancaires", "classificationCode": null, "classificationTypeCode": null, "geoLevel": null, "vintage": null, "terminated": 0, "memberUomCode": 81}, {"memberId": 20, "parentMemberId": 18, "memberNameEn": "Savings deposits", "memberNameFr": "D\u00e9p\u00f4ts d'\u00e9pargne", "classificationCode": null, "classificationTypeCode": null, "geoLevel": null, "vintage": null, "terminated": 0, "memberUomCode": 81}, {"memberId": 21, "parentMemberId": 18, "memberNameEn": "Payables", "memberNameFr": "Cr\u00e9diteurs", "classificationCode": null, "classificationTypeCode": null, "geoLevel": null, "vintage": null, "terminated": 0, "memberUomCode": 81}, {"memberId": 22, "parentMemberId": 18, "memberNameEn": "Accrued expenses and deferred credits", "memberNameFr": "D\u00e9penses courues et cr\u00e9dits report\u00e9s", "classificationCode": null, "classificationTypeCode": null, "geoLevel": null, "vintage": null, "terminated": 0, "memberUomCode": 81}, {"memberId": 23, "parentMemberId": 18, "memberNameEn": "Advances", "memberNameFr": "Avances", "classificationCode": null, "classificationTypeCode": null, "geoLevel": null, "vintage": null, "terminated": 0, "memberUomCode": 81}, {"memberId": 24, "parentMemberId": 18, "memberNameEn": "Bonds and debentures", "memberNameFr": "Obligations", "classificationCode": null, "classificationTypeCode": null, "geoLevel": null, "vintage": null, "terminated": 0, "memberUomCode": 81}, {"memberId": 25, "parentMemberId": 18, "memberNameEn": "Other securities", "memberNameFr": "Autres titres", "classificationCode": null, "classificationTypeCode": null, "geoLevel": null, "vintage": null, "terminated": 0, "memberUomCode": 81}, {"memberId": 26, "parentMemberId": 18, "memberNameEn": "Deposits", "memberNameFr": "D\u00e9p\u00f4ts", "classificationCode": null, "classificationTypeCode": null, "geoLevel": null, "vintage": null, "terminated": 0, "memberUomCode": 81}, {"memberId": 27, "parentMemberId": 18, "memberNameEn": "Minority interests", "memberNameFr": "Participation minoritaire", "classificationCode": null, "classificationTypeCode": null, "geoLevel": null, "vintage": null, "terminated": 0, "memberUomCode": 81}, {"memberId": 28, "parentMemberId": 18, "memberNameEn": "Other liabilities", "memberNameFr": "Autre passif", "classificationCode": null, "classificationTypeCode": null, "geoLevel": null, "vintage": null, "terminated": 0, "memberUomCode": 81}, {"memberId": 29, "parentMemberId": 17, "memberNameEn": "Total net worth", "memberNameFr": "Total, avoir net", "classificationCode": null, "classificationTypeCode": null, "geoLevel": null, "vintage": null, "terminated": 0, "memberUomCode": 81}, {"memberId": 30, "parentMemberId": 29, "memberNameEn": "Capital stock", "memberNameFr": "Capital actions", "classificationCode": null, "classificationTypeCode": null, "geoLevel": null, "vintage": null, "terminated": 0, "memberUomCode": 81}, {"memberId": 31, "parentMemberId": 29, "memberNameEn": "Surplus", "memberNameFr": "Exc\u00e9dent", "classificationCode": null, "classificationTypeCode": null, "geoLevel": null, "vintage": null, "terminated": 0, "memberUomCode": 81}, {"memberId": 32, "parentMemberId": 31, "memberNameEn": "Unappropriated surplus", "memberNameFr": "Exc\u00e9dent non affect\u00e9", "classificationCode": null, "classificationTypeCode": null, "geoLevel": null, "vintage": null, "terminated": 0, "memberUomCode": 81}, {"memberId": 33, "parentMemberId": 31, "memberNameEn": "Appropriated surplus", "memberNameFr": "Exc\u00e9dent affect\u00e9", "classificationCode": null, "classificationTypeCode": null, "geoLevel": null, "vintage": null, "terminated": 0, "memberUomCode": 81}, {"memberId": 34, "parentMemberId": 31, "memberNameEn": "Contributed surplus", "memberNameFr": "Exc\u00e9dent d'apport", "classificationCode": null, "classificationTypeCode": null, "geoLevel": null, "vintage": null, "terminated": 0, "memberUomCode": 81}]}]