[{"dimensionPositionId": 1, "dimensionNameEn": "Geography", "dimensionNameFr": "G\u00e9ographie", "hasUom": false, "member": [{"memberId": 1, "parentMemberId": null, "memberNameEn": "Canada", "memberNameFr": "Canada", "classificationCode": null, "classificationTypeCode": null, "geoLevel": null, "vintage": null, "terminated": 0, "memberUomCode": null}]}, {"dimensionPositionId": 2, "dimensionNameEn": "Prices", "dimensionNameFr": "Prix", "hasUom": true, "member": [{"memberId": 1, "parentMemberId": null, "memberNameEn": "Paasche Price Index, 1981=100, seasonally adjusted", "memberNameFr": "Indice des prix Paasche, 1981=100, donn\u00e9es d\u00e9saisonnalis\u00e9es", "classificationCode": null, "classificationTypeCode": null, "geoLevel": null, "vintage": null, "terminated": 0, "memberUomCode": 160}, {"memberId": 2, "parentMemberId": null, "memberNameEn": "Constant 1981 dollars, seasonally adjusted at annual rates", "memberNameFr": "Dollars de 1981, donn\u00e9es d\u00e9saisonnalis\u00e9es en fonction des taux annuel", "classificationCode": null, "classificationTypeCode": null, "geoLevel": null, "vintage": null, "terminated": 0, "memberUomCode": 81}, {"memberId": 3, "parentMemberId": null, "memberNameEn": "Paasche Price Index, 1986=100, seasonally adjusted", "memberNameFr": "Indice des prix Paasche, 1986=100, donn\u00e9es d\u00e9saisonnalis\u00e9es", "classificationCode": null, "classificationTypeCode": null, "geoLevel": null, "vintage": null, "terminated": 0, "memberUomCode": 160}, {"memberId": 4, "parentMemberId": null, "memberNameEn": "Constant 1986 dollars, seasonally adjusted at annual rates", "memberNameFr": "Dollars de 1986, donn\u00e9es d\u00e9saisonnalis\u00e9es en fonction des taux annuel", "classificationCode": null, "classificationTypeCode": null, "geoLevel": null, "vintage": null, "terminated": 0, "memberUomCode": 81}]}, {"dimensionPositionId": 3, "dimensionNameEn": "Commodity classification", "dimensionNameFr": "Cat\u00e9gories des produits de base", "hasUom": false, "member": [{"memberId": 1, "parentMemberId": null, "memberNameEn": "Total, merchandise exports", "memberNameFr": "Total des exportations de marchandise", "classificationCode": null, "classificationTypeCode": null, "geoLevel": null, "vintage": null, "terminated": 0, "memberUomCode": null}, {"memberId": 2, "parentMemberId": null, "memberNameEn": "Wheat", "memberNameFr": "Bl\u00e9", "classificationCode": null, "classificationTypeCode": null, "geoLevel": null, "vintage": null, "terminated": 0, "memberUomCode": null}, {"memberId": 3, "parentMemberId": null, "memberNameEn": "Other farm and fish products", "memberNameFr": "Autres produits de l'agriculture et de la p\u00eache", "classificationCode": null, "classificationTypeCode": null, "geoLevel": null, "vintage": null, "terminated": 0, "memberUomCode": null}, {"memberId": 4, "parentMemberId": null, "memberNameEn": "Crude petroleum", "memberNameFr": "P\u00e9trole brut", "classificationCode": null, "classificationTypeCode": null, "geoLevel": null, "vintage": null, "terminated": 0, "memberUomCode": null}, {"memberId": 5, "parentMemberId": null, "memberNameEn": "Natural gas", "memberNameFr": "Gaz naturel", "classificationCode": null, "classificationTypeCode": null, "geoLevel": null, "vintage": null, "terminated": 0, "memberUomCode": null}, {"memberId": 6, "parentMemberId": null, "memberNameEn": "Other energy products", "memberNameFr": "Autres produits \u00e9nerg\u00e9tiques", "classificationCode": null, "classificationTypeCode": null, "geoLevel": null, "vintage": null, "terminated": 0, "memberUomCode": null}, {"memberId": 7, "parentMemberId": null, "memberNameEn": "Lumber and sawmill products", "memberNameFr": "Bois d'oeuvre et sciages", "classificationCode": null, "classificationTypeCode": null, "geoLevel": null, "vintage": null, "terminated": 0, "memberUomCode": null}, {"memberId": 8, "parentMemberId": null, "memberNameEn": "Pulp and paper", "memberNameFr": "P\u00e2tes et papier", "classificationCode": null, "classificationTypeCode": null, "geoLevel": null, "vintage": null, "terminated": 0, "memberUomCode": null}, {"memberId": 9, "parentMemberId": null, "memberNameEn": "Other metals and minerals", "memberNameFr": "Autres m\u00e9taux et min\u00e9raux", "classificationCode": null, "classificationTypeCode": null, "geoLevel": null, "vintage": null, "terminated": 0, "memberUomCode": null}, {"memberId": 10, "parentMemberId": null, "memberNameEn": "Chemicals and fertilizers", "memberNameFr": "Produits chimiques et engrais", "classificationCode": null, "classificationTypeCode": null, "geoLevel": null, "vintage": null, "terminated": 0, "memberUomCode": null}, {"memberId": 11, "parentMemberId": null, "memberNameEn": "Motor vehicles and parts, United States", "memberNameFr": "V\u00e9hicules, automobiles et pi\u00e8ces d\u00e9tach\u00e9es, Etats-Unis", "classificationCode": null, "classificationTypeCode": null, "geoLevel": null, "vintage": null, "terminated": 0, "memberUomCode": null}, {"memberId": 12, "parentMemberId": null, "memberNameEn": "Motor vehicles and parts, other than United States", "memberNameFr": "V\u00e9hicules, automobiles et pi\u00e8ces d\u00e9tach\u00e9es, autre que les \u00c9tats-Unis", "classificationCode": null, "classificationTypeCode": null, "geoLevel": null, "vintage": null, "terminated": 0, "memberUomCode": null}, {"memberId": 13, "parentMemberId": null, "memberNameEn": "Other manufactured goods", "memberNameFr": "Autres produits manufactur\u00e9s", "classificationCode": null, "classificationTypeCode": null, "geoLevel": null, "vintage": null, "terminated": 0, "memberUomCode": null}]}]