[{"dimensionPositionId": 1, "dimensionNameEn": "Geography", "dimensionNameFr": "G\u00e9ographie", "hasUom": false, "member": [{"memberId": 1, "parentMemberId": null, "memberNameEn": "Canada", "memberNameFr": "Canada", "classificationCode": "11124", "classificationTypeCode": "1", "geoLevel": 0, "vintage": 2016, "terminated": 0, "memberUomCode": null}]}, {"dimensionPositionId": 2, "dimensionNameEn": "Monthly", "dimensionNameFr": "Mensuelles", "hasUom": false, "member": [{"memberId": 1, "parentMemberId": null, "memberNameEn": "At month-end", "memberNameFr": "En fin de mois", "classificationCode": null, "classificationTypeCode": null, "geoLevel": null, "vintage": null, "terminated": 0, "memberUomCode": null}, {"memberId": 2, "parentMemberId": null, "memberNameEn": "Average at month-end", "memberNameFr": "Moyennes en fin de mois", "classificationCode": null, "classificationTypeCode": null, "geoLevel": null, "vintage": null, "terminated": 0, "memberUomCode": null}]}, {"dimensionPositionId": 3, "dimensionNameEn": "Seasonal adjustment", "dimensionNameFr": "D\u00e9saisonnalisation", "hasUom": false, "member": [{"memberId": 1, "parentMemberId": null, "memberNameEn": "Unadjusted", "memberNameFr": "Non d\u00e9saisonnalis\u00e9es", "classificationCode": null, "classificationTypeCode": null, "geoLevel": null, "vintage": null, "terminated": 0, "memberUomCode": null}, {"memberId": 2, "parentMemberId": null, "memberNameEn": "Seasonally adjusted", "memberNameFr": "D\u00e9saisonnalis\u00e9es", "classificationCode": null, "classificationTypeCode": null, "geoLevel": null, "vintage": null, "terminated": 0, "memberUomCode": null}]}, {"dimensionPositionId": 4, "dimensionNameEn": "Components", "dimensionNameFr": "Composants", "hasUom": true, "member": [{"memberId": 1, "parentMemberId": null, "memberNameEn": "Total outstanding balances", "memberNameFr": "Total de l'encours du cr\u00e9dit de consommation", "classificationCode": null, "classificationTypeCode": null, "geoLevel": null, "vintage": null, "terminated": 0, "memberUomCode": 81}, {"memberId": 2, "parentMemberId": null, "memberNameEn": "Total of foregoing", "memberNameFr": "Ensemble des postes pr\u00e9c\u00e9dents", "classificationCode": null, "classificationTypeCode": null, "geoLevel": null, "vintage": null, "terminated": 0, "memberUomCode": 81}, {"memberId": 4, "parentMemberId": 2, "memberNameEn": "Chartered banks", "memberNameFr": "Banques \u00e0 charte", "classificationCode": null, "classificationTypeCode": null, "geoLevel": null, "vintage": null, "terminated": 0, "memberUomCode": 81}, {"memberId": 3, "parentMemberId": 2, "memberNameEn": "Finance companies and other institutions", "memberNameFr": "Soci\u00e9t\u00e9s de financement et autres institutions", "classificationCode": null, "classificationTypeCode": null, "geoLevel": null, "vintage": null, "terminated": 1, "memberUomCode": 81}, {"memberId": 11, "parentMemberId": 2, "memberNameEn": "Non-banks", "memberNameFr": "Institutions parabancaires", "classificationCode": null, "classificationTypeCode": null, "geoLevel": null, "vintage": null, "terminated": 0, "memberUomCode": 81}, {"memberId": 5, "parentMemberId": 2, "memberNameEn": "Life insurance company policy loans", "memberNameFr": "Compagnies d'assurance-vie, pr\u00eats sur les polices", "classificationCode": null, "classificationTypeCode": null, "geoLevel": null, "vintage": null, "terminated": 1, "memberUomCode": 81}, {"memberId": 10, "parentMemberId": 2, "memberNameEn": "Trust and mortgage loan companies", "memberNameFr": "Soci\u00e9t\u00e9s de fiducie ou de pr\u00eat hypoth\u00e9caire", "classificationCode": null, "classificationTypeCode": null, "geoLevel": null, "vintage": null, "terminated": 1, "memberUomCode": 81}, {"memberId": 6, "parentMemberId": 2, "memberNameEn": "Non-depository credit intermediaries and other institutions", "memberNameFr": "Interm\u00e9diaires financiers autres que les institutions de d\u00e9p\u00f4t et autres institutions", "classificationCode": null, "classificationTypeCode": null, "geoLevel": null, "vintage": null, "terminated": 1, "memberUomCode": 81}, {"memberId": 7, "parentMemberId": 2, "memberNameEn": "Credit unions and caisses populaires", "memberNameFr": "Caisses populaires cr\u00e9dit unions", "classificationCode": null, "classificationTypeCode": null, "geoLevel": null, "vintage": null, "terminated": 1, "memberUomCode": 81}, {"memberId": 8, "parentMemberId": 2, "memberNameEn": "Adjustments to consumer credit", "memberNameFr": "Ajustements au cr\u00e9dit \u00e0 la consommation", "classificationCode": null, "classificationTypeCode": null, "geoLevel": null, "vintage": null, "terminated": 0, "memberUomCode": 81}, {"memberId": 9, "parentMemberId": 2, "memberNameEn": "Off-balance sheet securitization", "memberNameFr": "Titrisation hors bilan", "classificationCode": null, "classificationTypeCode": null, "geoLevel": null, "vintage": null, "terminated": 0, "memberUomCode": 81}]}]