[{"dimensionPositionId": 1, "dimensionNameEn": "Geography", "dimensionNameFr": "R\u00e9gion", "hasUom": false, "member": [{"memberId": 1, "parentMemberId": null, "memberNameEn": "Canada and abroad", "memberNameFr": "Canada et \u00e0 l'\u00e9tranger", "classificationCode": null, "classificationTypeCode": null, "geoLevel": null, "vintage": null, "terminated": 0, "memberUomCode": null}]}, {"dimensionPositionId": 2, "dimensionNameEn": "Securities", "dimensionNameFr": "Titres", "hasUom": true, "member": [{"memberId": 1, "parentMemberId": null, "memberNameEn": "Total bond", "memberNameFr": "Valeur totale des obligations", "classificationCode": null, "classificationTypeCode": null, "geoLevel": null, "vintage": null, "terminated": 1, "memberUomCode": 81}, {"memberId": 2, "parentMemberId": 1, "memberNameEn": "Non-financial companies", "memberNameFr": "Soci\u00e9t\u00e9s non financi\u00e8res", "classificationCode": null, "classificationTypeCode": null, "geoLevel": null, "vintage": null, "terminated": 0, "memberUomCode": 81}, {"memberId": 3, "parentMemberId": 2, "memberNameEn": "Mines, quarries and oil wells", "memberNameFr": "Mines, carri\u00e8res et puits de p\u00e9trole", "classificationCode": null, "classificationTypeCode": null, "geoLevel": null, "vintage": null, "terminated": 0, "memberUomCode": 81}, {"memberId": 4, "parentMemberId": 3, "memberNameEn": "Of which: oil and gas", "memberNameFr": "dont : p\u00e9trole et gaz", "classificationCode": null, "classificationTypeCode": null, "geoLevel": null, "vintage": null, "terminated": 0, "memberUomCode": 81}, {"memberId": 5, "parentMemberId": 2, "memberNameEn": "Manufacturing", "memberNameFr": "Industries manufacturi\u00e8res", "classificationCode": null, "classificationTypeCode": null, "geoLevel": null, "vintage": null, "terminated": 0, "memberUomCode": 81}, {"memberId": 6, "parentMemberId": 5, "memberNameEn": "Of which: petroleum products", "memberNameFr": "dont : produits p\u00e9troliers", "classificationCode": null, "classificationTypeCode": null, "geoLevel": null, "vintage": null, "terminated": 0, "memberUomCode": 81}, {"memberId": 7, "parentMemberId": 5, "memberNameEn": "Of which: pulp and paper", "memberNameFr": "dont : p\u00e2tes et papiers", "classificationCode": null, "classificationTypeCode": null, "geoLevel": null, "vintage": null, "terminated": 0, "memberUomCode": 81}, {"memberId": 8, "parentMemberId": 2, "memberNameEn": "Construction", "memberNameFr": "Construction", "classificationCode": null, "classificationTypeCode": null, "geoLevel": null, "vintage": null, "terminated": 0, "memberUomCode": 81}, {"memberId": 9, "parentMemberId": 2, "memberNameEn": "Transportation, communication and other utilities", "memberNameFr": "Transport, communications et autres services publics", "classificationCode": null, "classificationTypeCode": null, "geoLevel": null, "vintage": null, "terminated": 0, "memberUomCode": 81}, {"memberId": 10, "parentMemberId": 2, "memberNameEn": "Wholesale and retail trade", "memberNameFr": "Commerce de gros et de d\u00e9tail", "classificationCode": null, "classificationTypeCode": null, "geoLevel": null, "vintage": null, "terminated": 0, "memberUomCode": 81}, {"memberId": 11, "parentMemberId": 2, "memberNameEn": "Service and other industries", "memberNameFr": "Services et autres secteurs", "classificationCode": null, "classificationTypeCode": null, "geoLevel": null, "vintage": null, "terminated": 0, "memberUomCode": 81}, {"memberId": 12, "parentMemberId": 1, "memberNameEn": "Financial companies", "memberNameFr": "Soci\u00e9t\u00e9s financi\u00e8res", "classificationCode": null, "classificationTypeCode": null, "geoLevel": null, "vintage": null, "terminated": 1, "memberUomCode": 81}, {"memberId": 13, "parentMemberId": 1, "memberNameEn": "Of which: federal government enterprises", "memberNameFr": "dont : entreprises publiques f\u00e9d\u00e9rales", "classificationCode": null, "classificationTypeCode": null, "geoLevel": null, "vintage": null, "terminated": 1, "memberUomCode": 81}, {"memberId": 14, "parentMemberId": null, "memberNameEn": "Total stocks", "memberNameFr": "Valeur totale des actions", "classificationCode": null, "classificationTypeCode": null, "geoLevel": null, "vintage": null, "terminated": 1, "memberUomCode": 81}, {"memberId": 15, "parentMemberId": 14, "memberNameEn": "Non-financial companies", "memberNameFr": "Soci\u00e9t\u00e9s non financi\u00e8res", "classificationCode": null, "classificationTypeCode": null, "geoLevel": null, "vintage": null, "terminated": 0, "memberUomCode": 81}, {"memberId": 16, "parentMemberId": 15, "memberNameEn": "Mines, quarries and oil wells", "memberNameFr": "Mines, carri\u00e8res et puits de p\u00e9trole", "classificationCode": null, "classificationTypeCode": null, "geoLevel": null, "vintage": null, "terminated": 0, "memberUomCode": 81}, {"memberId": 17, "parentMemberId": 16, "memberNameEn": "Of which: oil and gas", "memberNameFr": "dont : p\u00e9trole et gaz", "classificationCode": null, "classificationTypeCode": null, "geoLevel": null, "vintage": null, "terminated": 0, "memberUomCode": 81}, {"memberId": 18, "parentMemberId": 15, "memberNameEn": "Manufacturing", "memberNameFr": "Industries manufacturi\u00e8res", "classificationCode": null, "classificationTypeCode": null, "geoLevel": null, "vintage": null, "terminated": 0, "memberUomCode": 81}, {"memberId": 19, "parentMemberId": 18, "memberNameEn": "Of which: petroleum products", "memberNameFr": "dont : produits p\u00e9troliers", "classificationCode": null, "classificationTypeCode": null, "geoLevel": null, "vintage": null, "terminated": 0, "memberUomCode": 81}, {"memberId": 20, "parentMemberId": 18, "memberNameEn": "Of which: pulp and paper", "memberNameFr": "dont : p\u00e2tes et papiers", "classificationCode": null, "classificationTypeCode": null, "geoLevel": null, "vintage": null, "terminated": 0, "memberUomCode": 81}, {"memberId": 21, "parentMemberId": 15, "memberNameEn": "Construction", "memberNameFr": "Construction", "classificationCode": null, "classificationTypeCode": null, "geoLevel": null, "vintage": null, "terminated": 0, "memberUomCode": 81}, {"memberId": 22, "parentMemberId": 15, "memberNameEn": "Transportation, communication and other utilities", "memberNameFr": "Transport, communications et autres services publics", "classificationCode": null, "classificationTypeCode": null, "geoLevel": null, "vintage": null, "terminated": 0, "memberUomCode": 81}, {"memberId": 23, "parentMemberId": 15, "memberNameEn": "Wholesale and retail trade", "memberNameFr": "Commerce de gros et de d\u00e9tail", "classificationCode": null, "classificationTypeCode": null, "geoLevel": null, "vintage": null, "terminated": 0, "memberUomCode": 81}, {"memberId": 24, "parentMemberId": 15, "memberNameEn": "Service and other industries", "memberNameFr": "Services et autres secteurs", "classificationCode": null, "classificationTypeCode": null, "geoLevel": null, "vintage": null, "terminated": 0, "memberUomCode": 81}, {"memberId": 25, "parentMemberId": 14, "memberNameEn": "Financial companies", "memberNameFr": "Soci\u00e9t\u00e9s financi\u00e8res", "classificationCode": null, "classificationTypeCode": null, "geoLevel": null, "vintage": null, "terminated": 1, "memberUomCode": 81}]}]