[{"dimensionPositionId": 1, "dimensionNameEn": "Geography", "dimensionNameFr": "G\u00e9ographie", "hasUom": false, "member": [{"memberId": 1, "parentMemberId": null, "memberNameEn": "Canada", "memberNameFr": "Canada", "classificationCode": null, "classificationTypeCode": null, "geoLevel": null, "vintage": null, "terminated": 0, "memberUomCode": null}]}, {"dimensionPositionId": 2, "dimensionNameEn": "Assets", "dimensionNameFr": "Actif", "hasUom": true, "member": [{"memberId": 1, "parentMemberId": null, "memberNameEn": "Earning liquid assets", "memberNameFr": "Avoirs de premi\u00e8re liquidit\u00e9 productifs d'int\u00e9r\u00eats", "classificationCode": null, "classificationTypeCode": null, "geoLevel": null, "vintage": null, "terminated": 0, "memberUomCode": 81}, {"memberId": 2, "parentMemberId": null, "memberNameEn": "\"Free\" liquid assets", "memberNameFr": "Avoirs de premi\u00e8re liquidit\u00e9 \"libres\"", "classificationCode": null, "classificationTypeCode": null, "geoLevel": null, "vintage": null, "terminated": 0, "memberUomCode": 81}, {"memberId": 3, "parentMemberId": null, "memberNameEn": "Earning liquid assets as a percentage of total Canadian dollar assets", "memberNameFr": "Ratio avoirs de premi\u00e8re liquidit\u00e9, total des avoirs dollars canadiens", "classificationCode": null, "classificationTypeCode": null, "geoLevel": null, "vintage": null, "terminated": 0, "memberUomCode": 239}, {"memberId": 4, "parentMemberId": null, "memberNameEn": "\"Free\" liquid assets as a percentage of total Canadian dollar assets", "memberNameFr": "Pourcentage avoirs de premi\u00e8re liquidit\u00e9 \"libres\", avoirs en dollars canadiens", "classificationCode": null, "classificationTypeCode": null, "geoLevel": null, "vintage": null, "terminated": 0, "memberUomCode": 239}, {"memberId": 5, "parentMemberId": null, "memberNameEn": "Total Canadian dollar assets", "memberNameFr": "Total des avoirs en dollars canadiens", "classificationCode": null, "classificationTypeCode": null, "geoLevel": null, "vintage": null, "terminated": 0, "memberUomCode": 81}, {"memberId": 6, "parentMemberId": null, "memberNameEn": "Total liquid assets", "memberNameFr": "Total avoirs de premi\u00e8re liquidit\u00e9", "classificationCode": null, "classificationTypeCode": null, "geoLevel": null, "vintage": null, "terminated": 0, "memberUomCode": 81}, {"memberId": 7, "parentMemberId": null, "memberNameEn": "Total liquid assets as a percentage of total Canadian dollar assets", "memberNameFr": "Ratio avoirs de premi\u00e8re liquidit\u00e9 total, avoirs en dollars canadiens", "classificationCode": null, "classificationTypeCode": null, "geoLevel": null, "vintage": null, "terminated": 0, "memberUomCode": 239}]}]