[{"dimensionPositionId": 1, "dimensionNameEn": "Geography", "dimensionNameFr": "G\u00e9ographie", "hasUom": false, "member": [{"memberId": 1, "parentMemberId": null, "memberNameEn": "Canada", "memberNameFr": "Canada", "classificationCode": null, "classificationTypeCode": null, "geoLevel": null, "vintage": null, "terminated": 0, "memberUomCode": null}, {"memberId": 2, "parentMemberId": null, "memberNameEn": "Quebec", "memberNameFr": "Qu\u00e9bec", "classificationCode": null, "classificationTypeCode": null, "geoLevel": null, "vintage": null, "terminated": 0, "memberUomCode": null}]}, {"dimensionPositionId": 2, "dimensionNameEn": "Revenue and expenditure", "dimensionNameFr": "Recettes et d\u00e9penses", "hasUom": true, "member": [{"memberId": 1, "parentMemberId": null, "memberNameEn": "Total revenue", "memberNameFr": "Total des recettes", "classificationCode": null, "classificationTypeCode": null, "geoLevel": null, "vintage": null, "terminated": 0, "memberUomCode": 81}, {"memberId": 13, "parentMemberId": 1, "memberNameEn": "Own source revenue", "memberNameFr": "Recettes de sources propres", "classificationCode": null, "classificationTypeCode": null, "geoLevel": null, "vintage": null, "terminated": 0, "memberUomCode": 81}, {"memberId": 2, "parentMemberId": 13, "memberNameEn": "Contributions to social security plans", "memberNameFr": "Contributions aux r\u00e9gimes de s\u00e9curit\u00e9 sociale", "classificationCode": null, "classificationTypeCode": null, "geoLevel": null, "vintage": null, "terminated": 0, "memberUomCode": 81}, {"memberId": 12, "parentMemberId": 13, "memberNameEn": "Sales of goods and services", "memberNameFr": "Vente de biens et services", "classificationCode": null, "classificationTypeCode": null, "geoLevel": null, "vintage": null, "terminated": 0, "memberUomCode": 81}, {"memberId": 3, "parentMemberId": 13, "memberNameEn": "Investment income", "memberNameFr": "Revenus de placements", "classificationCode": null, "classificationTypeCode": null, "geoLevel": null, "vintage": null, "terminated": 0, "memberUomCode": 81}, {"memberId": 7, "parentMemberId": 3, "memberNameEn": "Interest income", "memberNameFr": "Revenus d' int\u00e9r\u00eats", "classificationCode": null, "classificationTypeCode": null, "geoLevel": null, "vintage": null, "terminated": 0, "memberUomCode": 81}, {"memberId": 8, "parentMemberId": 7, "memberNameEn": "Interest income from federal government", "memberNameFr": "Int\u00e9r\u00eats re\u00e7us de l'administration publique f\u00e9d\u00e9rale", "classificationCode": null, "classificationTypeCode": null, "geoLevel": null, "vintage": null, "terminated": 0, "memberUomCode": 81}, {"memberId": 9, "parentMemberId": 7, "memberNameEn": "Interest income from provincial and territorial governments", "memberNameFr": "Int\u00e9r\u00eats re\u00e7us des administrations publiques provinciales et territoriales", "classificationCode": null, "classificationTypeCode": null, "geoLevel": null, "vintage": null, "terminated": 0, "memberUomCode": 81}, {"memberId": 10, "parentMemberId": 7, "memberNameEn": "Other interest income", "memberNameFr": "Autres revenus d'int\u00e9r\u00eat", "classificationCode": null, "classificationTypeCode": null, "geoLevel": null, "vintage": null, "terminated": 0, "memberUomCode": 81}, {"memberId": 4, "parentMemberId": null, "memberNameEn": "Total expenditures", "memberNameFr": "Total des d\u00e9penses", "classificationCode": null, "classificationTypeCode": null, "geoLevel": null, "vintage": null, "terminated": 0, "memberUomCode": 81}, {"memberId": 5, "parentMemberId": 4, "memberNameEn": "Social services", "memberNameFr": "Services sociaux", "classificationCode": null, "classificationTypeCode": null, "geoLevel": null, "vintage": null, "terminated": 0, "memberUomCode": 81}, {"memberId": 11, "parentMemberId": 5, "memberNameEn": "Social assistance", "memberNameFr": "Assistance sociale", "classificationCode": null, "classificationTypeCode": null, "geoLevel": null, "vintage": null, "terminated": 0, "memberUomCode": 81}, {"memberId": 6, "parentMemberId": null, "memberNameEn": "Surplus (+) / deficit (-)", "memberNameFr": "Surplus (+) / d\u00e9ficit (-)", "classificationCode": null, "classificationTypeCode": null, "geoLevel": null, "vintage": null, "terminated": 0, "memberUomCode": 81}]}]