[{"dimensionPositionId": 1, "dimensionNameEn": "Geography", "dimensionNameFr": "G\u00e9ographie", "hasUom": false, "member": [{"memberId": 1, "parentMemberId": null, "memberNameEn": "Canada", "memberNameFr": "Canada", "classificationCode": "11124", "classificationTypeCode": "1", "geoLevel": 0, "vintage": 2016, "terminated": 0, "memberUomCode": null}]}, {"dimensionPositionId": 2, "dimensionNameEn": "Assets and liabilities", "dimensionNameFr": "Actif et passif", "hasUom": true, "member": [{"memberId": 1, "parentMemberId": null, "memberNameEn": "Total assets", "memberNameFr": "Total de l'actif", "classificationCode": null, "classificationTypeCode": null, "geoLevel": null, "vintage": null, "terminated": 0, "memberUomCode": 81}, {"memberId": 2, "parentMemberId": 1, "memberNameEn": "Total, Government of Canada, direct and guaranteed securities", "memberNameFr": "Total, Gouvernement du Canada, titres \u00e9mis ou garantis", "classificationCode": null, "classificationTypeCode": null, "geoLevel": null, "vintage": null, "terminated": 1, "memberUomCode": 81}, {"memberId": 3, "parentMemberId": 2, "memberNameEn": "Government of Canada, Treasury Bills", "memberNameFr": "Gouvernement du Canada, Bons du tr\u00e9sor", "classificationCode": null, "classificationTypeCode": null, "geoLevel": null, "vintage": null, "terminated": 0, "memberUomCode": 81}, {"memberId": 4, "parentMemberId": 2, "memberNameEn": "Total, Government of Canada, bonds", "memberNameFr": "Total, Gouvernement du Canada, obligations", "classificationCode": null, "classificationTypeCode": null, "geoLevel": null, "vintage": null, "terminated": 0, "memberUomCode": 81}, {"memberId": 5, "parentMemberId": 4, "memberNameEn": "Government of Canada, other maturities, 3 years and under", "memberNameFr": "Gouvernement du Canada, autres titres, 3 ans ou moins", "classificationCode": null, "classificationTypeCode": null, "geoLevel": null, "vintage": null, "terminated": 1, "memberUomCode": 81}, {"memberId": 6, "parentMemberId": 4, "memberNameEn": "Government of Canada, other maturities, over 3 years", "memberNameFr": "Gouvernement du Canada, autres titres, plus de 3 ans", "classificationCode": null, "classificationTypeCode": null, "geoLevel": null, "vintage": null, "terminated": 1, "memberUomCode": 81}, {"memberId": 37, "parentMemberId": 2, "memberNameEn": "Real return bonds", "memberNameFr": "Obligations \u00e0 rendement r\u00e9el", "classificationCode": null, "classificationTypeCode": null, "geoLevel": null, "vintage": null, "terminated": 0, "memberUomCode": 81}, {"memberId": 29, "parentMemberId": 2, "memberNameEn": "Canada mortgage bonds", "memberNameFr": "Obligations hypoth\u00e9caires du Canada", "classificationCode": null, "classificationTypeCode": null, "geoLevel": null, "vintage": null, "terminated": 0, "memberUomCode": 81}, {"memberId": 7, "parentMemberId": 1, "memberNameEn": "Other bills", "memberNameFr": "Autres bons", "classificationCode": null, "classificationTypeCode": null, "geoLevel": null, "vintage": null, "terminated": 1, "memberUomCode": 81}, {"memberId": 30, "parentMemberId": 1, "memberNameEn": "Provincial money markets securities", "memberNameFr": "Titres \u00e9mis par les provinces sur les march\u00e9s mon\u00e9taires", "classificationCode": null, "classificationTypeCode": null, "geoLevel": null, "vintage": null, "terminated": 0, "memberUomCode": 81}, {"memberId": 34, "parentMemberId": 1, "memberNameEn": "Provincial bonds", "memberNameFr": "Obligations provinciales", "classificationCode": null, "classificationTypeCode": null, "geoLevel": null, "vintage": null, "terminated": 0, "memberUomCode": 81}, {"memberId": 31, "parentMemberId": 1, "memberNameEn": "Bankers' acceptances", "memberNameFr": "Acceptations bancaires", "classificationCode": null, "classificationTypeCode": null, "geoLevel": null, "vintage": null, "terminated": 0, "memberUomCode": 81}, {"memberId": 32, "parentMemberId": 1, "memberNameEn": "Commercial paper", "memberNameFr": "Papier commercial", "classificationCode": null, "classificationTypeCode": null, "geoLevel": null, "vintage": null, "terminated": 0, "memberUomCode": 81}, {"memberId": 35, "parentMemberId": 1, "memberNameEn": "Corporate bonds", "memberNameFr": "Obligations de soci\u00e9t\u00e9s", "classificationCode": null, "classificationTypeCode": null, "geoLevel": null, "vintage": null, "terminated": 0, "memberUomCode": 81}, {"memberId": 25, "parentMemberId": 1, "memberNameEn": "Advances", "memberNameFr": "Avances", "classificationCode": null, "classificationTypeCode": null, "geoLevel": null, "vintage": null, "terminated": 0, "memberUomCode": 81}, {"memberId": 8, "parentMemberId": 25, "memberNameEn": "Advances to Government of Canada", "memberNameFr": "Avances au Gouvernement du Canada", "classificationCode": null, "classificationTypeCode": null, "geoLevel": null, "vintage": null, "terminated": 1, "memberUomCode": 81}, {"memberId": 9, "parentMemberId": 25, "memberNameEn": "Advances to members of Payments Canada", "memberNameFr": "Avances aux membres de Paiements Canada", "classificationCode": null, "classificationTypeCode": null, "geoLevel": null, "vintage": null, "terminated": 1, "memberUomCode": 81}, {"memberId": 14, "parentMemberId": 1, "memberNameEn": "Loans and receivables, securities purchased under resale agreements", "memberNameFr": "Pr\u00eats et cr\u00e9ances, titres achet\u00e9s dans le cadre de conventions de revente", "classificationCode": null, "classificationTypeCode": null, "geoLevel": null, "vintage": null, "terminated": 1, "memberUomCode": 81}, {"memberId": 10, "parentMemberId": 1, "memberNameEn": "Investment in Industrial Development Bank (IDB)", "memberNameFr": "Titres de la Banque d'expansion industrielle (BEI)", "classificationCode": null, "classificationTypeCode": null, "geoLevel": null, "vintage": null, "terminated": 1, "memberUomCode": 81}, {"memberId": 11, "parentMemberId": 1, "memberNameEn": "All other assets excluding other bill and investment in Industrial Development Bank (IDB)", "memberNameFr": "Autres \u00e9l\u00e9ments de l'actif sauf autres bons et titres de la Banque d'expansion industrielle (BEI)", "classificationCode": null, "classificationTypeCode": null, "geoLevel": null, "vintage": null, "terminated": 1, "memberUomCode": 81}, {"memberId": 12, "parentMemberId": 1, "memberNameEn": "Other investments", "memberNameFr": "Autres placements", "classificationCode": null, "classificationTypeCode": null, "geoLevel": null, "vintage": null, "terminated": 1, "memberUomCode": 81}, {"memberId": 13, "parentMemberId": 1, "memberNameEn": "Foreign currency deposits", "memberNameFr": "D\u00e9p\u00f4ts en monnaies \u00e9trang\u00e8res", "classificationCode": null, "classificationTypeCode": null, "geoLevel": null, "vintage": null, "terminated": 1, "memberUomCode": 81}, {"memberId": 28, "parentMemberId": 1, "memberNameEn": "Securities purchased under resale agreements", "memberNameFr": "Titres achet\u00e9s dans le cadre de conventions de revente", "classificationCode": null, "classificationTypeCode": null, "geoLevel": null, "vintage": null, "terminated": 0, "memberUomCode": 81}, {"memberId": 36, "parentMemberId": 1, "memberNameEn": "Derivatives - Indemnity agreements with the Government of Canada, assets", "memberNameFr": "D\u00e9riv\u00e9s - Conventions d\u2019indemnisation conclues avec le gouvernement du Canada, actif", "classificationCode": null, "classificationTypeCode": null, "geoLevel": null, "vintage": null, "terminated": 0, "memberUomCode": 81}, {"memberId": 26, "parentMemberId": 1, "memberNameEn": "All other assets", "memberNameFr": "Autres \u00e9l\u00e9ments de l'actif", "classificationCode": null, "classificationTypeCode": null, "geoLevel": null, "vintage": null, "terminated": 0, "memberUomCode": 81}, {"memberId": 15, "parentMemberId": null, "memberNameEn": "Total liabilities", "memberNameFr": "Total du passif", "classificationCode": null, "classificationTypeCode": null, "geoLevel": null, "vintage": null, "terminated": 0, "memberUomCode": 81}, {"memberId": 16, "parentMemberId": 15, "memberNameEn": "Notes in circulation", "memberNameFr": "Billets en circulation", "classificationCode": null, "classificationTypeCode": null, "geoLevel": null, "vintage": null, "terminated": 0, "memberUomCode": 81}, {"memberId": 17, "parentMemberId": 16, "memberNameEn": "Notes in circulation, held by chartered banks", "memberNameFr": "Billets en circulation, part d\u00e9tenue par banques \u00e0 charte", "classificationCode": null, "classificationTypeCode": null, "geoLevel": null, "vintage": null, "terminated": 1, "memberUomCode": 81}, {"memberId": 18, "parentMemberId": 16, "memberNameEn": "Notes in circulation, held by others", "memberNameFr": "Billets en circulation, d\u00e9tenteurs, autres", "classificationCode": null, "classificationTypeCode": null, "geoLevel": null, "vintage": null, "terminated": 1, "memberUomCode": 81}, {"memberId": 19, "parentMemberId": 15, "memberNameEn": "Canadian dollar deposits, Government of Canada", "memberNameFr": "D\u00e9p\u00f4ts en dollars canadiens, Gouvernement du Canada", "classificationCode": null, "classificationTypeCode": null, "geoLevel": null, "vintage": null, "terminated": 0, "memberUomCode": 81}, {"memberId": 20, "parentMemberId": 15, "memberNameEn": "Canadian dollar deposits, chartered banks", "memberNameFr": "D\u00e9p\u00f4ts en dollars canadiens, banques \u00e0 charte", "classificationCode": null, "classificationTypeCode": null, "geoLevel": null, "vintage": null, "terminated": 1, "memberUomCode": 81}, {"memberId": 21, "parentMemberId": 15, "memberNameEn": "Canadian dollar deposits, other", "memberNameFr": "D\u00e9p\u00f4ts en dollars canadiens, autres", "classificationCode": null, "classificationTypeCode": null, "geoLevel": null, "vintage": null, "terminated": 1, "memberUomCode": 81}, {"memberId": 22, "parentMemberId": 15, "memberNameEn": "Foreign currency liabilities", "memberNameFr": "Engagements en monnaies \u00e9trang\u00e8res", "classificationCode": null, "classificationTypeCode": null, "geoLevel": null, "vintage": null, "terminated": 1, "memberUomCode": 81}, {"memberId": 24, "parentMemberId": 15, "memberNameEn": "Canadian dollar deposits, other members of Payments Canada", "memberNameFr": "D\u00e9pots en dollars canadiens, autres membres de Paiements Canada", "classificationCode": null, "classificationTypeCode": null, "geoLevel": null, "vintage": null, "terminated": 1, "memberUomCode": 81}, {"memberId": 27, "parentMemberId": 15, "memberNameEn": "Canadian dollar deposits, members of Payments Canada", "memberNameFr": "D\u00e9pots en dollars canadiens, membres de Paiements Canada", "classificationCode": null, "classificationTypeCode": null, "geoLevel": null, "vintage": null, "terminated": 0, "memberUomCode": 81}, {"memberId": 33, "parentMemberId": 15, "memberNameEn": "Canadian dollar deposits, other deposits", "memberNameFr": "D\u00e9p\u00f4ts en dollars canadiens, autres d\u00e9p\u00f4ts", "classificationCode": null, "classificationTypeCode": null, "geoLevel": null, "vintage": null, "terminated": 0, "memberUomCode": 81}, {"memberId": 38, "parentMemberId": 15, "memberNameEn": "Securities sold under repurchase agreements", "memberNameFr": "Titres vendus dans le cadre de conventions de rachat", "classificationCode": null, "classificationTypeCode": null, "geoLevel": null, "vintage": null, "terminated": 0, "memberUomCode": 81}, {"memberId": 39, "parentMemberId": 15, "memberNameEn": "Derivatives - Indemnity agreements with the Government of Canada, liabilities", "memberNameFr": "D\u00e9riv\u00e9s - Conventions d\u2019indemnisation conclues avec le gouvernement du Canada, passif", "classificationCode": null, "classificationTypeCode": null, "geoLevel": null, "vintage": null, "terminated": 0, "memberUomCode": 81}, {"memberId": 23, "parentMemberId": 15, "memberNameEn": "All other liabilities and capital", "memberNameFr": "Autres \u00e9l\u00e9ments du passif et capital", "classificationCode": null, "classificationTypeCode": null, "geoLevel": null, "vintage": null, "terminated": 0, "memberUomCode": 81}]}]