[{"dimensionPositionId": 1, "dimensionNameEn": "Geography", "dimensionNameFr": "G\u00e9ographie", "hasUom": false, "member": [{"memberId": 1, "parentMemberId": null, "memberNameEn": "Canada", "memberNameFr": "Canada", "classificationCode": "11124", "classificationTypeCode": "1", "geoLevel": 0, "vintage": 2016, "terminated": 0, "memberUomCode": null}]}, {"dimensionPositionId": 2, "dimensionNameEn": "Commodity", "dimensionNameFr": "Produits", "hasUom": true, "member": [{"memberId": 1, "parentMemberId": null, "memberNameEn": "Total, all commodities", "memberNameFr": "Total des produits de base", "classificationCode": null, "classificationTypeCode": null, "geoLevel": null, "vintage": null, "terminated": 0, "memberUomCode": 166}, {"memberId": 2, "parentMemberId": 1, "memberNameEn": "Total excluding energy", "memberNameFr": "Total, \u00e9nergie exclue", "classificationCode": null, "classificationTypeCode": null, "geoLevel": null, "vintage": null, "terminated": 0, "memberUomCode": 166}, {"memberId": 3, "parentMemberId": 1, "memberNameEn": "Energy", "memberNameFr": "\u00c9nergie", "classificationCode": null, "classificationTypeCode": null, "geoLevel": null, "vintage": null, "terminated": 0, "memberUomCode": 166}, {"memberId": 4, "parentMemberId": 1, "memberNameEn": "Metals and Minerals", "memberNameFr": "M\u00e9taux et Min\u00e9raux", "classificationCode": null, "classificationTypeCode": null, "geoLevel": null, "vintage": null, "terminated": 0, "memberUomCode": 166}, {"memberId": 5, "parentMemberId": 1, "memberNameEn": "Agriculture", "memberNameFr": "Agriculture", "classificationCode": null, "classificationTypeCode": null, "geoLevel": null, "vintage": null, "terminated": 0, "memberUomCode": 166}, {"memberId": 6, "parentMemberId": 1, "memberNameEn": "Fish", "memberNameFr": "Poisson", "classificationCode": null, "classificationTypeCode": null, "geoLevel": null, "vintage": null, "terminated": 0, "memberUomCode": 166}, {"memberId": 7, "parentMemberId": 1, "memberNameEn": "Forestry", "memberNameFr": "Foresterie", "classificationCode": null, "classificationTypeCode": null, "geoLevel": null, "vintage": null, "terminated": 0, "memberUomCode": 166}]}]