[{"dimensionPositionId": 1, "dimensionNameEn": "Geography", "dimensionNameFr": "G\u00e9ographie", "hasUom": false, "member": [{"memberId": 1, "parentMemberId": null, "memberNameEn": "Canada", "memberNameFr": "Canada", "classificationCode": "11124", "classificationTypeCode": "1", "geoLevel": 0, "vintage": 2016, "terminated": 0, "memberUomCode": null}]}, {"dimensionPositionId": 2, "dimensionNameEn": "Central government debt", "dimensionNameFr": "Dette du gouvernement central", "hasUom": true, "member": [{"memberId": 1, "parentMemberId": null, "memberNameEn": "A. Federal debt (accumulated deficit), (B - E)", "memberNameFr": "A. Dette f\u00e9d\u00e9rale (d\u00e9ficit accumul\u00e9), (B - E)", "classificationCode": null, "classificationTypeCode": null, "geoLevel": null, "vintage": null, "terminated": 0, "memberUomCode": 81}, {"memberId": 2, "parentMemberId": 1, "memberNameEn": "B. Net debt, (C - D)", "memberNameFr": "B. Dette nette, (C - D)", "classificationCode": null, "classificationTypeCode": null, "geoLevel": null, "vintage": null, "terminated": 0, "memberUomCode": 81}, {"memberId": 3, "parentMemberId": 2, "memberNameEn": "C. Liabilities, gross debt", "memberNameFr": "C. Passifs, dette brute", "classificationCode": null, "classificationTypeCode": null, "geoLevel": null, "vintage": null, "terminated": 0, "memberUomCode": 81}, {"memberId": 4, "parentMemberId": 3, "memberNameEn": "Accounts payable and accrued liabilities", "memberNameFr": "Cr\u00e9diteurs et charges \u00e0 payer", "classificationCode": null, "classificationTypeCode": null, "geoLevel": null, "vintage": null, "terminated": 0, "memberUomCode": 81}, {"memberId": 5, "parentMemberId": 3, "memberNameEn": "Interest-bearing debt", "memberNameFr": "Dette portant int\u00e9r\u00eat", "classificationCode": null, "classificationTypeCode": null, "geoLevel": null, "vintage": null, "terminated": 0, "memberUomCode": 81}, {"memberId": 6, "parentMemberId": 5, "memberNameEn": "Unmatured debt", "memberNameFr": "Dette non \u00e9chue", "classificationCode": null, "classificationTypeCode": null, "geoLevel": null, "vintage": null, "terminated": 0, "memberUomCode": 81}, {"memberId": 7, "parentMemberId": 6, "memberNameEn": "Market debt payable in Canadian currency", "memberNameFr": "Dette contract\u00e9e sur les march\u00e9s payable en monnaie canadienne", "classificationCode": null, "classificationTypeCode": null, "geoLevel": null, "vintage": null, "terminated": 0, "memberUomCode": 81}, {"memberId": 8, "parentMemberId": 7, "memberNameEn": "Marketable bonds payable in Canadian currency", "memberNameFr": "Obligations n\u00e9gociables payable en monnaie canadienne", "classificationCode": null, "classificationTypeCode": null, "geoLevel": null, "vintage": null, "terminated": 0, "memberUomCode": 81}, {"memberId": 9, "parentMemberId": 7, "memberNameEn": "Treasury bills", "memberNameFr": "Bons du Tr\u00e9sor", "classificationCode": null, "classificationTypeCode": null, "geoLevel": null, "vintage": null, "terminated": 0, "memberUomCode": 81}, {"memberId": 10, "parentMemberId": 7, "memberNameEn": "Retail debt", "memberNameFr": "Titres au d\u00e9tail", "classificationCode": null, "classificationTypeCode": null, "geoLevel": null, "vintage": null, "terminated": 0, "memberUomCode": 81}, {"memberId": 11, "parentMemberId": 7, "memberNameEn": "Other market debt payable in Canadian currency", "memberNameFr": "Autre dette contract\u00e9e sur les march\u00e9s payable en monnaie canadienne", "classificationCode": null, "classificationTypeCode": null, "geoLevel": null, "vintage": null, "terminated": 0, "memberUomCode": 81}, {"memberId": 12, "parentMemberId": 6, "memberNameEn": "Market debt payable in foreign currencies", "memberNameFr": "Dette contract\u00e9e sur les march\u00e9s payable en devises", "classificationCode": null, "classificationTypeCode": null, "geoLevel": null, "vintage": null, "terminated": 0, "memberUomCode": 81}, {"memberId": 13, "parentMemberId": 12, "memberNameEn": "Marketable bonds payable in foreign currencies", "memberNameFr": "Obligations n\u00e9gociables payable en devises", "classificationCode": null, "classificationTypeCode": null, "geoLevel": null, "vintage": null, "terminated": 0, "memberUomCode": 81}, {"memberId": 14, "parentMemberId": 12, "memberNameEn": "Medium-term notes", "memberNameFr": "Billets \u00e0 moyen terme", "classificationCode": null, "classificationTypeCode": null, "geoLevel": null, "vintage": null, "terminated": 0, "memberUomCode": 81}, {"memberId": 15, "parentMemberId": 12, "memberNameEn": "Canada bills", "memberNameFr": "Bons du Canada", "classificationCode": null, "classificationTypeCode": null, "geoLevel": null, "vintage": null, "terminated": 0, "memberUomCode": 81}, {"memberId": 17, "parentMemberId": 6, "memberNameEn": "Cross currency swap revaluation", "memberNameFr": "R\u00e9\u00e9valuation de swaps de devises", "classificationCode": null, "classificationTypeCode": null, "geoLevel": null, "vintage": null, "terminated": 0, "memberUomCode": 81}, {"memberId": 18, "parentMemberId": 6, "memberNameEn": "Unamortized discounts and premiums on market debt", "memberNameFr": "Escomptes et primes non amortis de la dette contract\u00e9e sur les march\u00e9s", "classificationCode": null, "classificationTypeCode": null, "geoLevel": null, "vintage": null, "terminated": 0, "memberUomCode": 81}, {"memberId": 19, "parentMemberId": 6, "memberNameEn": "Obligations related to capital leases and other unmatured debt", "memberNameFr": "Obligation d\u00e9coulant de contrats de location-acquisition et autre dette non \u00e9chue", "classificationCode": null, "classificationTypeCode": null, "geoLevel": null, "vintage": null, "terminated": 0, "memberUomCode": 81}, {"memberId": 20, "parentMemberId": 5, "memberNameEn": "Pensions and other accounts", "memberNameFr": "R\u00e9gimes de retraite et autres comptes", "classificationCode": null, "classificationTypeCode": null, "geoLevel": null, "vintage": null, "terminated": 0, "memberUomCode": 81}, {"memberId": 21, "parentMemberId": 2, "memberNameEn": "D. Financial assets", "memberNameFr": "D. Actifs financiers", "classificationCode": null, "classificationTypeCode": null, "geoLevel": null, "vintage": null, "terminated": 0, "memberUomCode": 81}, {"memberId": 22, "parentMemberId": 21, "memberNameEn": "Cash and accounts receivable", "memberNameFr": "Tr\u00e9sorerie et cr\u00e9ances", "classificationCode": null, "classificationTypeCode": null, "geoLevel": null, "vintage": null, "terminated": 0, "memberUomCode": 81}, {"memberId": 23, "parentMemberId": 21, "memberNameEn": "Foreign exchange accounts", "memberNameFr": "Comptes d'op\u00e9rations de change", "classificationCode": null, "classificationTypeCode": null, "geoLevel": null, "vintage": null, "terminated": 0, "memberUomCode": 81}, {"memberId": 24, "parentMemberId": 21, "memberNameEn": "Loans, investments and advances", "memberNameFr": "Pr\u00eats, placements et avances", "classificationCode": null, "classificationTypeCode": null, "geoLevel": null, "vintage": null, "terminated": 0, "memberUomCode": 81}, {"memberId": 30, "parentMemberId": 21, "memberNameEn": "Public sector pension assets", "memberNameFr": "Actifs d\u00e9coulant des r\u00e9gimes de retraite du secteur public", "classificationCode": null, "classificationTypeCode": null, "geoLevel": null, "vintage": null, "terminated": 0, "memberUomCode": 81}, {"memberId": 25, "parentMemberId": 1, "memberNameEn": "E. Non-financial assets", "memberNameFr": "E. Actifs non financiers", "classificationCode": null, "classificationTypeCode": null, "geoLevel": null, "vintage": null, "terminated": 0, "memberUomCode": 81}, {"memberId": 26, "parentMemberId": null, "memberNameEn": "Market debt", "memberNameFr": "Dette contract\u00e9e sur les march\u00e9s", "classificationCode": null, "classificationTypeCode": null, "geoLevel": null, "vintage": null, "terminated": 0, "memberUomCode": 81}, {"memberId": 27, "parentMemberId": 26, "memberNameEn": "a) Short-term", "memberNameFr": "a) Court terme", "classificationCode": null, "classificationTypeCode": null, "geoLevel": null, "vintage": null, "terminated": 0, "memberUomCode": 81}, {"memberId": 28, "parentMemberId": 26, "memberNameEn": "b) Long-term", "memberNameFr": "b) Long terme", "classificationCode": null, "classificationTypeCode": null, "geoLevel": null, "vintage": null, "terminated": 0, "memberUomCode": 81}, {"memberId": 29, "parentMemberId": null, "memberNameEn": "Total Outstanding Guarantees", "memberNameFr": "Total des garanties en circulation", "classificationCode": null, "classificationTypeCode": null, "geoLevel": null, "vintage": null, "terminated": 0, "memberUomCode": 81}]}]