[{"dimensionPositionId": 1, "dimensionNameEn": "Geography", "dimensionNameFr": "G\u00e9ographie", "hasUom": false, "member": [{"memberId": 1, "parentMemberId": null, "memberNameEn": "Canada", "memberNameFr": "Canada", "classificationCode": null, "classificationTypeCode": null, "geoLevel": null, "vintage": null, "terminated": 0, "memberUomCode": null}, {"memberId": 2, "parentMemberId": 1, "memberNameEn": "Newfoundland and Labrador", "memberNameFr": "Terre-Neuve-et-Labrador", "classificationCode": null, "classificationTypeCode": null, "geoLevel": null, "vintage": null, "terminated": 0, "memberUomCode": null}, {"memberId": 3, "parentMemberId": 1, "memberNameEn": "Prince Edward Island", "memberNameFr": "\u00cele-du-Prince-\u00c9douard", "classificationCode": null, "classificationTypeCode": null, "geoLevel": null, "vintage": null, "terminated": 0, "memberUomCode": null}, {"memberId": 4, "parentMemberId": 1, "memberNameEn": "Nova Scotia", "memberNameFr": "Nouvelle-\u00c9cosse", "classificationCode": null, "classificationTypeCode": null, "geoLevel": null, "vintage": null, "terminated": 0, "memberUomCode": null}, {"memberId": 5, "parentMemberId": 1, "memberNameEn": "New Brunswick", "memberNameFr": "Nouveau-Brunswick", "classificationCode": null, "classificationTypeCode": null, "geoLevel": null, "vintage": null, "terminated": 0, "memberUomCode": null}, {"memberId": 6, "parentMemberId": 1, "memberNameEn": "Quebec", "memberNameFr": "Qu\u00e9bec", "classificationCode": null, "classificationTypeCode": null, "geoLevel": null, "vintage": null, "terminated": 0, "memberUomCode": null}, {"memberId": 7, "parentMemberId": 1, "memberNameEn": "Ontario", "memberNameFr": "Ontario", "classificationCode": null, "classificationTypeCode": null, "geoLevel": null, "vintage": null, "terminated": 0, "memberUomCode": null}, {"memberId": 8, "parentMemberId": 1, "memberNameEn": "Manitoba", "memberNameFr": "Manitoba", "classificationCode": null, "classificationTypeCode": null, "geoLevel": null, "vintage": null, "terminated": 0, "memberUomCode": null}, {"memberId": 9, "parentMemberId": 1, "memberNameEn": "Saskatchewan", "memberNameFr": "Saskatchewan", "classificationCode": null, "classificationTypeCode": null, "geoLevel": null, "vintage": null, "terminated": 0, "memberUomCode": null}, {"memberId": 10, "parentMemberId": 1, "memberNameEn": "Alberta", "memberNameFr": "Alberta", "classificationCode": null, "classificationTypeCode": null, "geoLevel": null, "vintage": null, "terminated": 0, "memberUomCode": null}, {"memberId": 11, "parentMemberId": 1, "memberNameEn": "British Columbia", "memberNameFr": "Colombie-Britannique", "classificationCode": null, "classificationTypeCode": null, "geoLevel": null, "vintage": null, "terminated": 0, "memberUomCode": null}, {"memberId": 12, "parentMemberId": 1, "memberNameEn": "Yukon", "memberNameFr": "Yukon", "classificationCode": null, "classificationTypeCode": null, "geoLevel": null, "vintage": null, "terminated": 0, "memberUomCode": null}, {"memberId": 13, "parentMemberId": 1, "memberNameEn": "Northwest Territories including Nunavut", "memberNameFr": "Territoires du Nord-Ouest incluant Nunavut", "classificationCode": null, "classificationTypeCode": null, "geoLevel": null, "vintage": null, "terminated": 1, "memberUomCode": null}, {"memberId": 14, "parentMemberId": 1, "memberNameEn": "Northwest Territories", "memberNameFr": "Territoires du Nord-Ouest", "classificationCode": null, "classificationTypeCode": null, "geoLevel": null, "vintage": null, "terminated": 0, "memberUomCode": null}, {"memberId": 15, "parentMemberId": 1, "memberNameEn": "Nunavut", "memberNameFr": "Nunavut", "classificationCode": null, "classificationTypeCode": null, "geoLevel": null, "vintage": null, "terminated": 0, "memberUomCode": null}]}, {"dimensionPositionId": 2, "dimensionNameEn": "Current and capital accounts", "dimensionNameFr": "Comptes courant et capital", "hasUom": false, "member": [{"memberId": 3, "parentMemberId": null, "memberNameEn": "Current and capital accounts", "memberNameFr": "Comptes courant et capital", "classificationCode": null, "classificationTypeCode": null, "geoLevel": null, "vintage": null, "terminated": 0, "memberUomCode": null}, {"memberId": 1, "parentMemberId": 3, "memberNameEn": "Current account", "memberNameFr": "Compte courant", "classificationCode": null, "classificationTypeCode": null, "geoLevel": null, "vintage": null, "terminated": 0, "memberUomCode": null}, {"memberId": 2, "parentMemberId": 3, "memberNameEn": "Capital account", "memberNameFr": "Compte capital", "classificationCode": null, "classificationTypeCode": null, "geoLevel": null, "vintage": null, "terminated": 0, "memberUomCode": null}]}, {"dimensionPositionId": 3, "dimensionNameEn": "Revenue and expenditures", "dimensionNameFr": "Recettes et d\u00e9penses", "hasUom": true, "member": [{"memberId": 1, "parentMemberId": null, "memberNameEn": "Total revenue", "memberNameFr": "Total des recettes", "classificationCode": null, "classificationTypeCode": null, "geoLevel": null, "vintage": null, "terminated": 0, "memberUomCode": 81}, {"memberId": 2, "parentMemberId": 1, "memberNameEn": "Own source revenue", "memberNameFr": "Recettes de sources propres", "classificationCode": null, "classificationTypeCode": null, "geoLevel": null, "vintage": null, "terminated": 0, "memberUomCode": 81}, {"memberId": 3, "parentMemberId": 2, "memberNameEn": "Property and related taxes, revenue", "memberNameFr": "Imp\u00f4ts fonciers et imp\u00f4ts connexes, recettes", "classificationCode": null, "classificationTypeCode": null, "geoLevel": null, "vintage": null, "terminated": 0, "memberUomCode": 81}, {"memberId": 4, "parentMemberId": 3, "memberNameEn": "Real property taxes, revenue", "memberNameFr": "Imp\u00f4ts fonciers g\u00e9n\u00e9raux, recettes", "classificationCode": null, "classificationTypeCode": null, "geoLevel": null, "vintage": null, "terminated": 0, "memberUomCode": 81}, {"memberId": 5, "parentMemberId": 3, "memberNameEn": "Lot levies, revenue", "memberNameFr": "Pr\u00e9l\u00e8vements sur terrains, recettes", "classificationCode": null, "classificationTypeCode": null, "geoLevel": null, "vintage": null, "terminated": 0, "memberUomCode": 81}, {"memberId": 6, "parentMemberId": 3, "memberNameEn": "Special assessments, revenue", "memberNameFr": "Imp\u00f4ts fonciers particuliers, recettes", "classificationCode": null, "classificationTypeCode": null, "geoLevel": null, "vintage": null, "terminated": 0, "memberUomCode": 81}, {"memberId": 7, "parentMemberId": 3, "memberNameEn": "Grants in lieu of taxes, revenue", "memberNameFr": "Compensations tenant lieu de taxes, recettes", "classificationCode": null, "classificationTypeCode": null, "geoLevel": null, "vintage": null, "terminated": 0, "memberUomCode": 81}, {"memberId": 8, "parentMemberId": 7, "memberNameEn": "Federal government, grants in lieu of taxes, revenue", "memberNameFr": "Administration publique f\u00e9d\u00e9rale, compensations tenant lieu de taxes, recettes", "classificationCode": null, "classificationTypeCode": null, "geoLevel": null, "vintage": null, "terminated": 0, "memberUomCode": 81}, {"memberId": 9, "parentMemberId": 7, "memberNameEn": "Federal government enterprises, grants in lieu of taxes, revenue", "memberNameFr": "Entreprises publiques f\u00e9d\u00e9rales, compensations tenant lieu de taxes, recettes", "classificationCode": null, "classificationTypeCode": null, "geoLevel": null, "vintage": null, "terminated": 0, "memberUomCode": 81}, {"memberId": 10, "parentMemberId": 7, "memberNameEn": "Provincial and territorial government, grants in lieu of taxes, revenue", "memberNameFr": "Administration publiques provinciales et territoriales, compensations tenant lieu de taxes, recettes", "classificationCode": null, "classificationTypeCode": null, "geoLevel": null, "vintage": null, "terminated": 0, "memberUomCode": 81}, {"memberId": 11, "parentMemberId": 7, "memberNameEn": "Universities, grants in lieu of taxes, revenue", "memberNameFr": "Universit\u00e9s, compensations tenant lieu de taxes, recettes", "classificationCode": null, "classificationTypeCode": null, "geoLevel": null, "vintage": null, "terminated": 0, "memberUomCode": 81}, {"memberId": 12, "parentMemberId": 7, "memberNameEn": "Colleges, grants in lieu of taxes, revenue", "memberNameFr": "Coll\u00e8ges, compensations tenant lieu de taxes, recettes", "classificationCode": null, "classificationTypeCode": null, "geoLevel": null, "vintage": null, "terminated": 0, "memberUomCode": 81}, {"memberId": 13, "parentMemberId": 7, "memberNameEn": "Hospitals, grants in lieu of taxes, revenue", "memberNameFr": "H\u00f4pitaux, compensations tenant lieu de taxes, recettes", "classificationCode": null, "classificationTypeCode": null, "geoLevel": null, "vintage": null, "terminated": 0, "memberUomCode": 81}, {"memberId": 14, "parentMemberId": 7, "memberNameEn": "Provincial and territorial government enterprises, grants in lieu of taxes, revenue", "memberNameFr": "Entreprises publiques provinciales et territoriales, compensations tenant lieu de taxes, recettes", "classificationCode": null, "classificationTypeCode": null, "geoLevel": null, "vintage": null, "terminated": 0, "memberUomCode": 81}, {"memberId": 15, "parentMemberId": 7, "memberNameEn": "Local government enterprises, grants in lieu of taxes, revenue", "memberNameFr": "Entreprises publiques locales, compensations tenant lieu de taxes, recettes", "classificationCode": null, "classificationTypeCode": null, "geoLevel": null, "vintage": null, "terminated": 0, "memberUomCode": 81}, {"memberId": 16, "parentMemberId": 3, "memberNameEn": "Land transfer tax, revenue", "memberNameFr": "Droits de cession immobili\u00e8re, recettes", "classificationCode": null, "classificationTypeCode": null, "geoLevel": null, "vintage": null, "terminated": 0, "memberUomCode": 81}, {"memberId": 17, "parentMemberId": 3, "memberNameEn": "Business taxes, revenue", "memberNameFr": "Taxes d'affaires, recettes", "classificationCode": null, "classificationTypeCode": null, "geoLevel": null, "vintage": null, "terminated": 0, "memberUomCode": 81}, {"memberId": 18, "parentMemberId": 3, "memberNameEn": "Other property-related taxes, revenue", "memberNameFr": "Autres imp\u00f4ts fonciers et imp\u00f4ts connexes, recettes", "classificationCode": null, "classificationTypeCode": null, "geoLevel": null, "vintage": null, "terminated": 0, "memberUomCode": 81}, {"memberId": 19, "parentMemberId": 2, "memberNameEn": "Consumption taxes, revenue", "memberNameFr": "Taxes \u00e0 la consommation, recettes", "classificationCode": null, "classificationTypeCode": null, "geoLevel": null, "vintage": null, "terminated": 0, "memberUomCode": 81}, {"memberId": 20, "parentMemberId": 19, "memberNameEn": "General sales tax, revenue", "memberNameFr": "Taxes g\u00e9n\u00e9rales de vente, recettes", "classificationCode": null, "classificationTypeCode": null, "geoLevel": null, "vintage": null, "terminated": 0, "memberUomCode": 81}, {"memberId": 21, "parentMemberId": 19, "memberNameEn": "Amusement tax, revenue", "memberNameFr": "Taxes sur les divertissements, recettes", "classificationCode": null, "classificationTypeCode": null, "geoLevel": null, "vintage": null, "terminated": 0, "memberUomCode": 81}, {"memberId": 22, "parentMemberId": 2, "memberNameEn": "Other taxes, revenue", "memberNameFr": "Autres imp\u00f4ts, recettes", "classificationCode": null, "classificationTypeCode": null, "geoLevel": null, "vintage": null, "terminated": 0, "memberUomCode": 81}, {"memberId": 23, "parentMemberId": 22, "memberNameEn": "Other licences and permits, taxes, revenue", "memberNameFr": "Autres licences et permis, imp\u00f4ts, recettes", "classificationCode": null, "classificationTypeCode": null, "geoLevel": null, "vintage": null, "terminated": 0, "memberUomCode": 81}, {"memberId": 24, "parentMemberId": 22, "memberNameEn": "Other miscellaneous taxes, revenue", "memberNameFr": "Autres imp\u00f4ts divers, recettes", "classificationCode": null, "classificationTypeCode": null, "geoLevel": null, "vintage": null, "terminated": 0, "memberUomCode": 81}, {"memberId": 25, "parentMemberId": 2, "memberNameEn": "Sales of goods and services", "memberNameFr": "Ventes de biens et services", "classificationCode": null, "classificationTypeCode": null, "geoLevel": null, "vintage": null, "terminated": 0, "memberUomCode": 81}, {"memberId": 26, "parentMemberId": 25, "memberNameEn": "Intergovernment, sales of goods and services", "memberNameFr": "\u00c0 d'autres administrations publiques, ventes de biens et services", "classificationCode": null, "classificationTypeCode": null, "geoLevel": null, "vintage": null, "terminated": 0, "memberUomCode": 81}, {"memberId": 27, "parentMemberId": 25, "memberNameEn": "General sales of goods and services", "memberNameFr": "\u00c0 la collectivit\u00e9, ventes de biens et services", "classificationCode": null, "classificationTypeCode": null, "geoLevel": null, "vintage": null, "terminated": 0, "memberUomCode": 81}, {"memberId": 28, "parentMemberId": 27, "memberNameEn": "Water, sales", "memberNameFr": "Eau, ventes", "classificationCode": null, "classificationTypeCode": null, "geoLevel": null, "vintage": null, "terminated": 0, "memberUomCode": 81}, {"memberId": 29, "parentMemberId": 27, "memberNameEn": "Rentals, sales", "memberNameFr": "Locations, ventes", "classificationCode": null, "classificationTypeCode": null, "geoLevel": null, "vintage": null, "terminated": 0, "memberUomCode": 81}, {"memberId": 30, "parentMemberId": 27, "memberNameEn": "Concessions and franchises, sales of goods and services", "memberNameFr": "Concessions et franchises, ventes de biens et services", "classificationCode": null, "classificationTypeCode": null, "geoLevel": null, "vintage": null, "terminated": 0, "memberUomCode": 81}, {"memberId": 31, "parentMemberId": 27, "memberNameEn": "Other sales of goods and services", "memberNameFr": "Autres ventes de biens et services", "classificationCode": null, "classificationTypeCode": null, "geoLevel": null, "vintage": null, "terminated": 0, "memberUomCode": 81}, {"memberId": 32, "parentMemberId": 2, "memberNameEn": "Investment income", "memberNameFr": "Revenus de placements", "classificationCode": null, "classificationTypeCode": null, "geoLevel": null, "vintage": null, "terminated": 0, "memberUomCode": 81}, {"memberId": 33, "parentMemberId": 32, "memberNameEn": "Remitted trading profits", "memberNameFr": "Profits commerciaux remis", "classificationCode": null, "classificationTypeCode": null, "geoLevel": null, "vintage": null, "terminated": 0, "memberUomCode": 81}, {"memberId": 34, "parentMemberId": 32, "memberNameEn": "Interest income from own enterprises", "memberNameFr": "Int\u00e9r\u00eats re\u00e7us des entreprises publiques propres", "classificationCode": null, "classificationTypeCode": null, "geoLevel": null, "vintage": null, "terminated": 0, "memberUomCode": 81}, {"memberId": 35, "parentMemberId": 32, "memberNameEn": "Other interest income", "memberNameFr": "Autres int\u00e9r\u00eats", "classificationCode": null, "classificationTypeCode": null, "geoLevel": null, "vintage": null, "terminated": 0, "memberUomCode": 81}, {"memberId": 36, "parentMemberId": 32, "memberNameEn": "Other investment income", "memberNameFr": "Autres revenus de placements", "classificationCode": null, "classificationTypeCode": null, "geoLevel": null, "vintage": null, "terminated": 0, "memberUomCode": 81}, {"memberId": 37, "parentMemberId": 2, "memberNameEn": "Other revenue from own sources", "memberNameFr": "Autres recettes de sources propres", "classificationCode": null, "classificationTypeCode": null, "geoLevel": null, "vintage": null, "terminated": 0, "memberUomCode": 81}, {"memberId": 38, "parentMemberId": 37, "memberNameEn": "Other fines and penalties, revenue", "memberNameFr": "Amendes et autres p\u00e9nalties, recettes", "classificationCode": null, "classificationTypeCode": null, "geoLevel": null, "vintage": null, "terminated": 0, "memberUomCode": 81}, {"memberId": 39, "parentMemberId": 37, "memberNameEn": "Miscellaneous revenue from own sources", "memberNameFr": "Diverses recettes de sources propres", "classificationCode": null, "classificationTypeCode": null, "geoLevel": null, "vintage": null, "terminated": 0, "memberUomCode": 81}, {"memberId": 40, "parentMemberId": 1, "memberNameEn": "Transfers, general and specific", "memberNameFr": "Transferts, g\u00e9n\u00e9rales et particuli\u00e8res", "classificationCode": null, "classificationTypeCode": null, "geoLevel": null, "vintage": null, "terminated": 0, "memberUomCode": 81}, {"memberId": 41, "parentMemberId": 40, "memberNameEn": "General purpose transfers", "memberNameFr": "Transferts \u00e0 des fins g\u00e9n\u00e9rales", "classificationCode": null, "classificationTypeCode": null, "geoLevel": null, "vintage": null, "terminated": 0, "memberUomCode": 81}, {"memberId": 42, "parentMemberId": 41, "memberNameEn": "Provincial and territorial government, general purpose transfers", "memberNameFr": "Administrations publiques provinciales et territoriales, transferts \u00e0 des fins g\u00e9n\u00e9rales", "classificationCode": null, "classificationTypeCode": null, "geoLevel": null, "vintage": null, "terminated": 0, "memberUomCode": 81}, {"memberId": 43, "parentMemberId": 40, "memberNameEn": "Specific purpose transfers", "memberNameFr": "Transferts \u00e0 des fins particuli\u00e8res", "classificationCode": null, "classificationTypeCode": null, "geoLevel": null, "vintage": null, "terminated": 0, "memberUomCode": 81}, {"memberId": 44, "parentMemberId": 43, "memberNameEn": "Federal government, specific purpose transfers", "memberNameFr": "Administration publique f\u00e9d\u00e9rale, transferts \u00e0 des fins particuli\u00e8res", "classificationCode": null, "classificationTypeCode": null, "geoLevel": null, "vintage": null, "terminated": 0, "memberUomCode": 81}, {"memberId": 45, "parentMemberId": 44, "memberNameEn": "General services, specific purpose transfers, federal", "memberNameFr": "Services g\u00e9n\u00e9raux, transferts \u00e0 des fins particuli\u00e8res, f\u00e9d\u00e9rale", "classificationCode": null, "classificationTypeCode": null, "geoLevel": null, "vintage": null, "terminated": 0, "memberUomCode": 81}, {"memberId": 46, "parentMemberId": 44, "memberNameEn": "Protection of persons and property, specific purpose transfers, federal", "memberNameFr": "Protection de la personne et de la propri\u00e9t\u00e9, transferts \u00e0 des fins particuli\u00e8res, f\u00e9d\u00e9rale", "classificationCode": null, "classificationTypeCode": null, "geoLevel": null, "vintage": null, "terminated": 0, "memberUomCode": 81}, {"memberId": 47, "parentMemberId": 44, "memberNameEn": "Transportation and communications, specific purpose transfers, federal", "memberNameFr": "Transports et communications, transferts \u00e0 des fins particuli\u00e8res, f\u00e9d\u00e9rale", "classificationCode": null, "classificationTypeCode": null, "geoLevel": null, "vintage": null, "terminated": 0, "memberUomCode": 81}, {"memberId": 48, "parentMemberId": 44, "memberNameEn": "Health, specific purpose transfers, federal", "memberNameFr": "Sant\u00e9, transferts \u00e0 des fins particuli\u00e8res, f\u00e9d\u00e9rale", "classificationCode": null, "classificationTypeCode": null, "geoLevel": null, "vintage": null, "terminated": 0, "memberUomCode": 81}, {"memberId": 49, "parentMemberId": 44, "memberNameEn": "Social services, specific purpose transfers, federal", "memberNameFr": "Services sociaux, transferts \u00e0 des fins particuli\u00e8res, f\u00e9d\u00e9rale", "classificationCode": null, "classificationTypeCode": null, "geoLevel": null, "vintage": null, "terminated": 0, "memberUomCode": 81}, {"memberId": 50, "parentMemberId": 44, "memberNameEn": "Resource conservation and industrial development, specific purpose transfers, federal", "memberNameFr": "Conservation des ressources et d\u00e9veloppement de l'industrie, transferts \u00e0 des fins particuli\u00e8res, f\u00e9d\u00e9rale", "classificationCode": null, "classificationTypeCode": null, "geoLevel": null, "vintage": null, "terminated": 0, "memberUomCode": 81}, {"memberId": 51, "parentMemberId": 44, "memberNameEn": "Environment, specific purpose transfers, federal", "memberNameFr": "Environnement, transferts \u00e0 des fins particuli\u00e8res, f\u00e9d\u00e9rale", "classificationCode": null, "classificationTypeCode": null, "geoLevel": null, "vintage": null, "terminated": 0, "memberUomCode": 81}, {"memberId": 52, "parentMemberId": 44, "memberNameEn": "Recreation and culture, specific purpose transfers, federal", "memberNameFr": "Loisirs et culture, transferts \u00e0 des fins particuli\u00e8res, f\u00e9d\u00e9rale", "classificationCode": null, "classificationTypeCode": null, "geoLevel": null, "vintage": null, "terminated": 0, "memberUomCode": 81}, {"memberId": 53, "parentMemberId": 44, "memberNameEn": "Housing, specific purpose transfers, federal", "memberNameFr": "Logement, transferts \u00e0 des fins particuli\u00e8res, f\u00e9d\u00e9rale", "classificationCode": null, "classificationTypeCode": null, "geoLevel": null, "vintage": null, "terminated": 0, "memberUomCode": 81}, {"memberId": 54, "parentMemberId": 44, "memberNameEn": "Regional planning and development, specific purpose transfers, federal", "memberNameFr": "Planification et am\u00e9nagement des r\u00e9gions, transferts \u00e0 des fins particuli\u00e8res, f\u00e9d\u00e9rale", "classificationCode": null, "classificationTypeCode": null, "geoLevel": null, "vintage": null, "terminated": 0, "memberUomCode": 81}, {"memberId": 55, "parentMemberId": 44, "memberNameEn": "Other federal government specific purpose transfers", "memberNameFr": "Autres transferts \u00e0 des fins particuli\u00e8res administration publique f\u00e9d\u00e9rale", "classificationCode": null, "classificationTypeCode": null, "geoLevel": null, "vintage": null, "terminated": 0, "memberUomCode": 81}, {"memberId": 56, "parentMemberId": 43, "memberNameEn": "Provincial and territorial government, specific purpose transfers", "memberNameFr": "Administrations publiques provinciales et territoriales, transferts \u00e0 des fins particuli\u00e8res", "classificationCode": null, "classificationTypeCode": null, "geoLevel": null, "vintage": null, "terminated": 0, "memberUomCode": 81}, {"memberId": 57, "parentMemberId": 56, "memberNameEn": "General services, specific purpose transfers, provincial and territorial", "memberNameFr": "Services g\u00e9n\u00e9raux, transferts \u00e0 des fins particuli\u00e8res, provinciale et territoriale", "classificationCode": null, "classificationTypeCode": null, "geoLevel": null, "vintage": null, "terminated": 0, "memberUomCode": 81}, {"memberId": 58, "parentMemberId": 56, "memberNameEn": "Protection of persons and property, specific purpose transfers, provincial and territorial", "memberNameFr": "Protection de la personne et de la propri\u00e9t\u00e9, transferts \u00e0 des fins particuli\u00e8res, provinciale et territoriale", "classificationCode": null, "classificationTypeCode": null, "geoLevel": null, "vintage": null, "terminated": 0, "memberUomCode": 81}, {"memberId": 59, "parentMemberId": 56, "memberNameEn": "Transportation and communications, specific purpose transfers, provincial and territorial", "memberNameFr": "Transports et communications, transferts \u00e0 des fins particuli\u00e8res, provinciale et territoriale", "classificationCode": null, "classificationTypeCode": null, "geoLevel": null, "vintage": null, "terminated": 0, "memberUomCode": 81}, {"memberId": 60, "parentMemberId": 56, "memberNameEn": "Health, specific purpose transfers, provincial and territorial", "memberNameFr": "Sant\u00e9, transferts \u00e0 des fins particuli\u00e8res, provinciale et territoriale", "classificationCode": null, "classificationTypeCode": null, "geoLevel": null, "vintage": null, "terminated": 0, "memberUomCode": 81}, {"memberId": 61, "parentMemberId": 56, "memberNameEn": "Social services, specific purpose transfers, provincial and territorial", "memberNameFr": "Services sociaux, transferts \u00e0 des fins particuli\u00e8res, provinciale et territoriale", "classificationCode": null, "classificationTypeCode": null, "geoLevel": null, "vintage": null, "terminated": 0, "memberUomCode": 81}, {"memberId": 62, "parentMemberId": 56, "memberNameEn": "Resource conservation and industrial development, specific purpose transfers, provincial and territorial", "memberNameFr": "Conservation des ressources et d\u00e9veloppement de l'industrie, transferts \u00e0 des fins particuli\u00e8res, provinciale et territoriale", "classificationCode": null, "classificationTypeCode": null, "geoLevel": null, "vintage": null, "terminated": 0, "memberUomCode": 81}, {"memberId": 63, "parentMemberId": 56, "memberNameEn": "Environment, specific purpose transfers, provincial and territorial", "memberNameFr": "Environnement, transferts \u00e0 des fins particuli\u00e8res, provinciale et territoriale", "classificationCode": null, "classificationTypeCode": null, "geoLevel": null, "vintage": null, "terminated": 0, "memberUomCode": 81}, {"memberId": 64, "parentMemberId": 56, "memberNameEn": "Recreation and culture, specific purpose transfers, provincial and territorial", "memberNameFr": "Loisirs et culture, transferts \u00e0 des fins particuli\u00e8res, provinciale et territoriale", "classificationCode": null, "classificationTypeCode": null, "geoLevel": null, "vintage": null, "terminated": 0, "memberUomCode": 81}, {"memberId": 65, "parentMemberId": 56, "memberNameEn": "Housing, specific purpose transfers, provincial and territorial", "memberNameFr": "Logement, transferts \u00e0 des fins particuli\u00e8res, provinciale et territoriale", "classificationCode": null, "classificationTypeCode": null, "geoLevel": null, "vintage": null, "terminated": 0, "memberUomCode": 81}, {"memberId": 66, "parentMemberId": 56, "memberNameEn": "Regional planning and development, specific purpose transfers, provincial and territorial", "memberNameFr": "Planification et am\u00e9nagement des r\u00e9gions, transferts \u00e0 des fins particuli\u00e8res, provinciale et territoriale", "classificationCode": null, "classificationTypeCode": null, "geoLevel": null, "vintage": null, "terminated": 0, "memberUomCode": 81}, {"memberId": 67, "parentMemberId": 56, "memberNameEn": "Debt charges (interest), specific purpose transfers, provincial and territorial", "memberNameFr": "Service financiers (int\u00e9r\u00eats), transferts \u00e0 des fins particuli\u00e8res, provinciale et territoriale", "classificationCode": null, "classificationTypeCode": null, "geoLevel": null, "vintage": null, "terminated": 0, "memberUomCode": 81}, {"memberId": 68, "parentMemberId": 56, "memberNameEn": "Other provincial and territorial government specific purpose transfers", "memberNameFr": "Autres transferts \u00e0 des fins particuli\u00e8res administrations publiques provinciales et territoriales", "classificationCode": null, "classificationTypeCode": null, "geoLevel": null, "vintage": null, "terminated": 0, "memberUomCode": 81}, {"memberId": 69, "parentMemberId": null, "memberNameEn": "Total expenditures", "memberNameFr": "Total des d\u00e9penses", "classificationCode": null, "classificationTypeCode": null, "geoLevel": null, "vintage": null, "terminated": 0, "memberUomCode": 81}, {"memberId": 70, "parentMemberId": 69, "memberNameEn": "General government services, expenditures", "memberNameFr": "Services g\u00e9n\u00e9raux de l'administration publique, d\u00e9penses", "classificationCode": null, "classificationTypeCode": null, "geoLevel": null, "vintage": null, "terminated": 0, "memberUomCode": 81}, {"memberId": 71, "parentMemberId": 70, "memberNameEn": "Executive and legislature, expenditures", "memberNameFr": "Ex\u00e9cutif et l\u00e9gislatif, d\u00e9penses", "classificationCode": null, "classificationTypeCode": null, "geoLevel": null, "vintage": null, "terminated": 0, "memberUomCode": 81}, {"memberId": 72, "parentMemberId": 70, "memberNameEn": "General administrative, expenditures", "memberNameFr": "Administration g\u00e9n\u00e9rale, d\u00e9penses", "classificationCode": null, "classificationTypeCode": null, "geoLevel": null, "vintage": null, "terminated": 0, "memberUomCode": 81}, {"memberId": 73, "parentMemberId": 70, "memberNameEn": "Other general government services, expenditures", "memberNameFr": "Autres services g\u00e9n\u00e9raux de l'administration publique, d\u00e9penses", "classificationCode": null, "classificationTypeCode": null, "geoLevel": null, "vintage": null, "terminated": 0, "memberUomCode": 81}, {"memberId": 74, "parentMemberId": 69, "memberNameEn": "Protection of persons and property, expenditures", "memberNameFr": "Protection personne et de la propri\u00e9t\u00e9, d\u00e9penses", "classificationCode": null, "classificationTypeCode": null, "geoLevel": null, "vintage": null, "terminated": 0, "memberUomCode": 81}, {"memberId": 75, "parentMemberId": 74, "memberNameEn": "Courts of law, expenditures", "memberNameFr": "Cours de justice, d\u00e9penses", "classificationCode": null, "classificationTypeCode": null, "geoLevel": null, "vintage": null, "terminated": 0, "memberUomCode": 81}, {"memberId": 76, "parentMemberId": 74, "memberNameEn": "Policing, expenditures", "memberNameFr": "Services de police, d\u00e9penses", "classificationCode": null, "classificationTypeCode": null, "geoLevel": null, "vintage": null, "terminated": 0, "memberUomCode": 81}, {"memberId": 77, "parentMemberId": 74, "memberNameEn": "Firefighting, expenditures", "memberNameFr": "Lutte contre les incendies, d\u00e9penses", "classificationCode": null, "classificationTypeCode": null, "geoLevel": null, "vintage": null, "terminated": 0, "memberUomCode": 81}, {"memberId": 78, "parentMemberId": 74, "memberNameEn": "Regulatory measures, expenditures", "memberNameFr": "Services de r\u00e9glementation, d\u00e9penses", "classificationCode": null, "classificationTypeCode": null, "geoLevel": null, "vintage": null, "terminated": 0, "memberUomCode": 81}, {"memberId": 79, "parentMemberId": 74, "memberNameEn": "Other protection of persons and property, expenditures", "memberNameFr": "Autres services de protection de la personne et de la propri\u00e9t\u00e9, d\u00e9penses", "classificationCode": null, "classificationTypeCode": null, "geoLevel": null, "vintage": null, "terminated": 0, "memberUomCode": 81}, {"memberId": 80, "parentMemberId": 69, "memberNameEn": "Transportation and communication, expenditures", "memberNameFr": "Transports et communications, d\u00e9penses", "classificationCode": null, "classificationTypeCode": null, "geoLevel": null, "vintage": null, "terminated": 0, "memberUomCode": 81}, {"memberId": 81, "parentMemberId": 80, "memberNameEn": "Roads and streets, expenditures", "memberNameFr": "Transport routier, d\u00e9penses", "classificationCode": null, "classificationTypeCode": null, "geoLevel": null, "vintage": null, "terminated": 0, "memberUomCode": 81}, {"memberId": 82, "parentMemberId": 80, "memberNameEn": "Snow and ice removal, expenditures", "memberNameFr": "Enl\u00e8vement de la neige et de la glace, d\u00e9penses", "classificationCode": null, "classificationTypeCode": null, "geoLevel": null, "vintage": null, "terminated": 0, "memberUomCode": 81}, {"memberId": 83, "parentMemberId": 80, "memberNameEn": "Parking, expenditures", "memberNameFr": "Stationnement, d\u00e9penses", "classificationCode": null, "classificationTypeCode": null, "geoLevel": null, "vintage": null, "terminated": 0, "memberUomCode": 81}, {"memberId": 84, "parentMemberId": 80, "memberNameEn": "Public transit, expenditures", "memberNameFr": "Transport en commun, d\u00e9penses", "classificationCode": null, "classificationTypeCode": null, "geoLevel": null, "vintage": null, "terminated": 0, "memberUomCode": 81}, {"memberId": 85, "parentMemberId": 80, "memberNameEn": "Other transportation and communication, expenditures", "memberNameFr": "Autres services de transports et communications, d\u00e9penses", "classificationCode": null, "classificationTypeCode": null, "geoLevel": null, "vintage": null, "terminated": 0, "memberUomCode": 81}, {"memberId": 86, "parentMemberId": 69, "memberNameEn": "Health, expenditures", "memberNameFr": "Sant\u00e9, d\u00e9penses", "classificationCode": null, "classificationTypeCode": null, "geoLevel": null, "vintage": null, "terminated": 0, "memberUomCode": 81}, {"memberId": 87, "parentMemberId": 86, "memberNameEn": "Hospital care, expenditures", "memberNameFr": "Soins hospitaliers, d\u00e9penses", "classificationCode": null, "classificationTypeCode": null, "geoLevel": null, "vintage": null, "terminated": 0, "memberUomCode": 81}, {"memberId": 88, "parentMemberId": 86, "memberNameEn": "Medical care, expenditures", "memberNameFr": "Soins m\u00e9dicaux, d\u00e9penses", "classificationCode": null, "classificationTypeCode": null, "geoLevel": null, "vintage": null, "terminated": 0, "memberUomCode": 81}, {"memberId": 89, "parentMemberId": 86, "memberNameEn": "Preventive care, expenditures", "memberNameFr": "Soins pr\u00e9ventifs, d\u00e9penses", "classificationCode": null, "classificationTypeCode": null, "geoLevel": null, "vintage": null, "terminated": 0, "memberUomCode": 81}, {"memberId": 90, "parentMemberId": 86, "memberNameEn": "Other health services, expenditures", "memberNameFr": "Autres services de sant\u00e9, d\u00e9penses", "classificationCode": null, "classificationTypeCode": null, "geoLevel": null, "vintage": null, "terminated": 0, "memberUomCode": 81}, {"memberId": 91, "parentMemberId": 69, "memberNameEn": "Social services, expenditures", "memberNameFr": "Services sociaux, d\u00e9penses", "classificationCode": null, "classificationTypeCode": null, "geoLevel": null, "vintage": null, "terminated": 0, "memberUomCode": 81}, {"memberId": 92, "parentMemberId": 91, "memberNameEn": "Social assistance, expenditures", "memberNameFr": "Assistance sociale, d\u00e9penses", "classificationCode": null, "classificationTypeCode": null, "geoLevel": null, "vintage": null, "terminated": 0, "memberUomCode": 81}, {"memberId": 93, "parentMemberId": 91, "memberNameEn": "Other social services, expenditures", "memberNameFr": "Autres services sociaux, d\u00e9penses", "classificationCode": null, "classificationTypeCode": null, "geoLevel": null, "vintage": null, "terminated": 0, "memberUomCode": 81}, {"memberId": 94, "parentMemberId": 69, "memberNameEn": "Education, expenditures", "memberNameFr": "\u00c9ducation, d\u00e9penses", "classificationCode": null, "classificationTypeCode": null, "geoLevel": null, "vintage": null, "terminated": 0, "memberUomCode": 81}, {"memberId": 95, "parentMemberId": 69, "memberNameEn": "Resource conservation and industrial development, expenditures", "memberNameFr": "Conservation ressources et d\u00e9veloppement de l'industrie, d\u00e9penses", "classificationCode": null, "classificationTypeCode": null, "geoLevel": null, "vintage": null, "terminated": 0, "memberUomCode": 81}, {"memberId": 96, "parentMemberId": 95, "memberNameEn": "Agriculture, expenditures", "memberNameFr": "Agriculture, d\u00e9penses", "classificationCode": null, "classificationTypeCode": null, "geoLevel": null, "vintage": null, "terminated": 0, "memberUomCode": 81}, {"memberId": 97, "parentMemberId": 95, "memberNameEn": "Tourism promotion, expenditures", "memberNameFr": "Tourisme, d\u00e9penses", "classificationCode": null, "classificationTypeCode": null, "geoLevel": null, "vintage": null, "terminated": 0, "memberUomCode": 81}, {"memberId": 98, "parentMemberId": 95, "memberNameEn": "Trade and industry, expenditures", "memberNameFr": "Commerce et industrie, d\u00e9penses", "classificationCode": null, "classificationTypeCode": null, "geoLevel": null, "vintage": null, "terminated": 0, "memberUomCode": 81}, {"memberId": 99, "parentMemberId": 95, "memberNameEn": "Other resource conservation and industrial development, expenditures", "memberNameFr": "Autres services de conservation des ressources et d\u00e9veloppement de l'industrie, d\u00e9penses", "classificationCode": null, "classificationTypeCode": null, "geoLevel": null, "vintage": null, "terminated": 0, "memberUomCode": 81}, {"memberId": 100, "parentMemberId": 69, "memberNameEn": "Environment, expenditures", "memberNameFr": "Environnement, d\u00e9penses", "classificationCode": null, "classificationTypeCode": null, "geoLevel": null, "vintage": null, "terminated": 0, "memberUomCode": 81}, {"memberId": 101, "parentMemberId": 100, "memberNameEn": "Water purification and supply, expenditures", "memberNameFr": "Approvisionnement en eau et \u00e9puration de l'eau, d\u00e9penses", "classificationCode": null, "classificationTypeCode": null, "geoLevel": null, "vintage": null, "terminated": 0, "memberUomCode": 81}, {"memberId": 102, "parentMemberId": 100, "memberNameEn": "Sewage collection and disposal, expenditures", "memberNameFr": "Canalisations d'\u00e9gouts et \u00e9puration de eaux-vannes, d\u00e9penses", "classificationCode": null, "classificationTypeCode": null, "geoLevel": null, "vintage": null, "terminated": 0, "memberUomCode": 81}, {"memberId": 103, "parentMemberId": 100, "memberNameEn": "Garbage and waste collection and disposal, expenditures", "memberNameFr": "Enl\u00e8vement et destruction des ordures m\u00e9nag\u00e8res et des d\u00e9chets, d\u00e9penses", "classificationCode": null, "classificationTypeCode": null, "geoLevel": null, "vintage": null, "terminated": 0, "memberUomCode": 81}, {"memberId": 104, "parentMemberId": 100, "memberNameEn": "Other environmental services, expenditures", "memberNameFr": "Autres services d'environnement, d\u00e9penses", "classificationCode": null, "classificationTypeCode": null, "geoLevel": null, "vintage": null, "terminated": 0, "memberUomCode": 81}, {"memberId": 105, "parentMemberId": 69, "memberNameEn": "Recreation and culture, expenditures", "memberNameFr": "Loisirs et culture, d\u00e9penses", "classificationCode": null, "classificationTypeCode": null, "geoLevel": null, "vintage": null, "terminated": 0, "memberUomCode": 81}, {"memberId": 106, "parentMemberId": 105, "memberNameEn": "Recreation, expenditures", "memberNameFr": "Loisirs, d\u00e9penses", "classificationCode": null, "classificationTypeCode": null, "geoLevel": null, "vintage": null, "terminated": 0, "memberUomCode": 81}, {"memberId": 107, "parentMemberId": 105, "memberNameEn": "Culture, expenditures", "memberNameFr": "Culture, d\u00e9penses", "classificationCode": null, "classificationTypeCode": null, "geoLevel": null, "vintage": null, "terminated": 0, "memberUomCode": 81}, {"memberId": 108, "parentMemberId": 105, "memberNameEn": "Other recreation and culture, expenditures", "memberNameFr": "Autres services de loisirs et de culture, d\u00e9penses", "classificationCode": null, "classificationTypeCode": null, "geoLevel": null, "vintage": null, "terminated": 0, "memberUomCode": 81}, {"memberId": 109, "parentMemberId": 69, "memberNameEn": "Housing, expenditures", "memberNameFr": "Logement, d\u00e9penses", "classificationCode": null, "classificationTypeCode": null, "geoLevel": null, "vintage": null, "terminated": 0, "memberUomCode": 81}, {"memberId": 110, "parentMemberId": 69, "memberNameEn": "Regional planning and development, expenditures", "memberNameFr": "Planification et am\u00e9nagement des r\u00e9gions, d\u00e9penses", "classificationCode": null, "classificationTypeCode": null, "geoLevel": null, "vintage": null, "terminated": 0, "memberUomCode": 81}, {"memberId": 111, "parentMemberId": 110, "memberNameEn": "Planning and zoning, expenditures", "memberNameFr": "Urbanisme et zonage, d\u00e9penses", "classificationCode": null, "classificationTypeCode": null, "geoLevel": null, "vintage": null, "terminated": 0, "memberUomCode": 81}, {"memberId": 112, "parentMemberId": 110, "memberNameEn": "Community and regional development, expenditures", "memberNameFr": "Am\u00e9nagement des agglom\u00e9rations urbaines et des r\u00e9gions, d\u00e9penses", "classificationCode": null, "classificationTypeCode": null, "geoLevel": null, "vintage": null, "terminated": 0, "memberUomCode": 81}, {"memberId": 113, "parentMemberId": 110, "memberNameEn": "Other regional planning and development, expenditures", "memberNameFr": "Autres services de planification et l'am\u00e9nagement des r\u00e9gions, d\u00e9penses", "classificationCode": null, "classificationTypeCode": null, "geoLevel": null, "vintage": null, "terminated": 0, "memberUomCode": 81}, {"memberId": 114, "parentMemberId": 69, "memberNameEn": "Debt charges, expenditures", "memberNameFr": "Service de la dette, d\u00e9penses", "classificationCode": null, "classificationTypeCode": null, "geoLevel": null, "vintage": null, "terminated": 0, "memberUomCode": 81}, {"memberId": 115, "parentMemberId": 114, "memberNameEn": "Interest, expenditures", "memberNameFr": "Int\u00e9r\u00eats, d\u00e9penses", "classificationCode": null, "classificationTypeCode": null, "geoLevel": null, "vintage": null, "terminated": 0, "memberUomCode": 81}, {"memberId": 116, "parentMemberId": 114, "memberNameEn": "Other debt charges, expenditures", "memberNameFr": "Autres services de la dette, d\u00e9penses", "classificationCode": null, "classificationTypeCode": null, "geoLevel": null, "vintage": null, "terminated": 0, "memberUomCode": 81}, {"memberId": 117, "parentMemberId": 69, "memberNameEn": "Other expenditures", "memberNameFr": "Autres d\u00e9penses", "classificationCode": null, "classificationTypeCode": null, "geoLevel": null, "vintage": null, "terminated": 0, "memberUomCode": 81}, {"memberId": 118, "parentMemberId": null, "memberNameEn": "Surplus (+) / deficit (-)", "memberNameFr": "Surplus (+) / d\u00e9ficit (-)", "classificationCode": null, "classificationTypeCode": null, "geoLevel": null, "vintage": null, "terminated": 0, "memberUomCode": 81}]}]