[{"dimensionPositionId": 1, "dimensionNameEn": "Geography", "dimensionNameFr": "G\u00e9ographie", "hasUom": false, "member": [{"memberId": 1, "parentMemberId": null, "memberNameEn": "Canada", "memberNameFr": "Canada", "classificationCode": "11124", "classificationTypeCode": "1", "geoLevel": 0, "vintage": 2016, "terminated": 0, "memberUomCode": null}]}, {"dimensionPositionId": 2, "dimensionNameEn": "Claims and deposits", "dimensionNameFr": "Cr\u00e9ances et d\u00e9p\u00f4ts", "hasUom": false, "member": [{"memberId": 1, "parentMemberId": null, "memberNameEn": "Claims", "memberNameFr": "Cr\u00e9ances", "classificationCode": null, "classificationTypeCode": null, "geoLevel": null, "vintage": null, "terminated": 0, "memberUomCode": null}, {"memberId": 2, "parentMemberId": null, "memberNameEn": "Deposits", "memberNameFr": "D\u00e9p\u00f4ts", "classificationCode": null, "classificationTypeCode": null, "geoLevel": null, "vintage": null, "terminated": 0, "memberUomCode": null}]}, {"dimensionPositionId": 3, "dimensionNameEn": "Type of non-resident", "dimensionNameFr": "Genre du non-r\u00e9sident", "hasUom": false, "member": [{"memberId": 1, "parentMemberId": null, "memberNameEn": "Total, non-residents", "memberNameFr": "Total, non-r\u00e9sidents", "classificationCode": null, "classificationTypeCode": null, "geoLevel": null, "vintage": null, "terminated": 0, "memberUomCode": null}, {"memberId": 2, "parentMemberId": 1, "memberNameEn": "Non-residents of which: banks", "memberNameFr": "Non-r\u00e9sidents dont: banques", "classificationCode": null, "classificationTypeCode": null, "geoLevel": null, "vintage": null, "terminated": 0, "memberUomCode": null}, {"memberId": 3, "parentMemberId": 1, "memberNameEn": "Non-residents of which: non-local", "memberNameFr": "Non-r\u00e9sidents dont: ext\u00e9rieures", "classificationCode": null, "classificationTypeCode": null, "geoLevel": null, "vintage": null, "terminated": 0, "memberUomCode": null}]}, {"dimensionPositionId": 4, "dimensionNameEn": "Country of non-resident", "dimensionNameFr": "Pays du non-r\u00e9sident", "hasUom": true, "member": [{"memberId": 1, "parentMemberId": null, "memberNameEn": "Total, booked", "memberNameFr": "Total, comptabilis\u00e9es", "classificationCode": null, "classificationTypeCode": null, "geoLevel": null, "vintage": null, "terminated": 0, "memberUomCode": 81}, {"memberId": 2, "parentMemberId": 1, "memberNameEn": "United States", "memberNameFr": "\u00c9tats-Unis", "classificationCode": null, "classificationTypeCode": null, "geoLevel": null, "vintage": null, "terminated": 0, "memberUomCode": 81}, {"memberId": 3, "parentMemberId": 1, "memberNameEn": "Austria", "memberNameFr": "Autriche", "classificationCode": null, "classificationTypeCode": null, "geoLevel": null, "vintage": null, "terminated": 0, "memberUomCode": 81}, {"memberId": 4, "parentMemberId": 1, "memberNameEn": "Belgium", "memberNameFr": "Belgique", "classificationCode": null, "classificationTypeCode": null, "geoLevel": null, "vintage": null, "terminated": 0, "memberUomCode": 81}, {"memberId": 5, "parentMemberId": 1, "memberNameEn": "France", "memberNameFr": "France", "classificationCode": null, "classificationTypeCode": null, "geoLevel": null, "vintage": null, "terminated": 0, "memberUomCode": 81}, {"memberId": 6, "parentMemberId": 1, "memberNameEn": "Germany", "memberNameFr": "Allemagne", "classificationCode": null, "classificationTypeCode": null, "geoLevel": null, "vintage": null, "terminated": 0, "memberUomCode": 81}, {"memberId": 7, "parentMemberId": 1, "memberNameEn": "Italy", "memberNameFr": "Italie", "classificationCode": null, "classificationTypeCode": null, "geoLevel": null, "vintage": null, "terminated": 0, "memberUomCode": 81}, {"memberId": 8, "parentMemberId": 1, "memberNameEn": "Netherlands", "memberNameFr": "Pays-Bas", "classificationCode": null, "classificationTypeCode": null, "geoLevel": null, "vintage": null, "terminated": 0, "memberUomCode": 81}, {"memberId": 9, "parentMemberId": 1, "memberNameEn": "Spain", "memberNameFr": "Espagne", "classificationCode": null, "classificationTypeCode": null, "geoLevel": null, "vintage": null, "terminated": 0, "memberUomCode": 81}, {"memberId": 10, "parentMemberId": 1, "memberNameEn": "Sweden", "memberNameFr": "Su\u00e8de", "classificationCode": null, "classificationTypeCode": null, "geoLevel": null, "vintage": null, "terminated": 0, "memberUomCode": 81}, {"memberId": 11, "parentMemberId": 1, "memberNameEn": "Switzerland", "memberNameFr": "Suisse", "classificationCode": null, "classificationTypeCode": null, "geoLevel": null, "vintage": null, "terminated": 0, "memberUomCode": 81}, {"memberId": 12, "parentMemberId": 1, "memberNameEn": "United Kingdom", "memberNameFr": "Royaume-Uni", "classificationCode": null, "classificationTypeCode": null, "geoLevel": null, "vintage": null, "terminated": 0, "memberUomCode": 81}, {"memberId": 13, "parentMemberId": 1, "memberNameEn": "Other Europe", "memberNameFr": "Autres pays d'Europe", "classificationCode": null, "classificationTypeCode": null, "geoLevel": null, "vintage": null, "terminated": 0, "memberUomCode": 81}, {"memberId": 14, "parentMemberId": 1, "memberNameEn": "Poland", "memberNameFr": "Pologne", "classificationCode": null, "classificationTypeCode": null, "geoLevel": null, "vintage": null, "terminated": 0, "memberUomCode": 81}, {"memberId": 15, "parentMemberId": 1, "memberNameEn": "Russia", "memberNameFr": "Russie", "classificationCode": null, "classificationTypeCode": null, "geoLevel": null, "vintage": null, "terminated": 0, "memberUomCode": 81}, {"memberId": 16, "parentMemberId": 1, "memberNameEn": "Other Central Europe and Central Asia", "memberNameFr": "Autres Europe Centrale et Asie Centrale", "classificationCode": null, "classificationTypeCode": null, "geoLevel": null, "vintage": null, "terminated": 0, "memberUomCode": 81}, {"memberId": 17, "parentMemberId": 1, "memberNameEn": "Australia", "memberNameFr": "Australie", "classificationCode": null, "classificationTypeCode": null, "geoLevel": null, "vintage": null, "terminated": 0, "memberUomCode": 81}, {"memberId": 18, "parentMemberId": 1, "memberNameEn": "People's Republic Of China", "memberNameFr": "R\u00e9publique Populaire de Chine", "classificationCode": null, "classificationTypeCode": null, "geoLevel": null, "vintage": null, "terminated": 0, "memberUomCode": 81}, {"memberId": 19, "parentMemberId": 1, "memberNameEn": "India", "memberNameFr": "Inde", "classificationCode": null, "classificationTypeCode": null, "geoLevel": null, "vintage": null, "terminated": 0, "memberUomCode": 81}, {"memberId": 20, "parentMemberId": 1, "memberNameEn": "Japan", "memberNameFr": "Japon", "classificationCode": null, "classificationTypeCode": null, "geoLevel": null, "vintage": null, "terminated": 0, "memberUomCode": 81}, {"memberId": 21, "parentMemberId": 1, "memberNameEn": "Republic Of South Korea", "memberNameFr": "R\u00e9publique de Cor\u00e9e du Sud", "classificationCode": null, "classificationTypeCode": null, "geoLevel": null, "vintage": null, "terminated": 0, "memberUomCode": 81}, {"memberId": 22, "parentMemberId": 1, "memberNameEn": "Malaysia", "memberNameFr": "Malaysia", "classificationCode": null, "classificationTypeCode": null, "geoLevel": null, "vintage": null, "terminated": 0, "memberUomCode": 81}, {"memberId": 23, "parentMemberId": 1, "memberNameEn": "New Zealand", "memberNameFr": "Nouvelle-Z\u00e9lande", "classificationCode": null, "classificationTypeCode": null, "geoLevel": null, "vintage": null, "terminated": 0, "memberUomCode": 81}, {"memberId": 24, "parentMemberId": 1, "memberNameEn": "Philippines", "memberNameFr": "Philippines", "classificationCode": null, "classificationTypeCode": null, "geoLevel": null, "vintage": null, "terminated": 0, "memberUomCode": 81}, {"memberId": 25, "parentMemberId": 1, "memberNameEn": "Taiwan", "memberNameFr": "Taiwan", "classificationCode": null, "classificationTypeCode": null, "geoLevel": null, "vintage": null, "terminated": 0, "memberUomCode": 81}, {"memberId": 26, "parentMemberId": 1, "memberNameEn": "Thailand", "memberNameFr": "Thailande", "classificationCode": null, "classificationTypeCode": null, "geoLevel": null, "vintage": null, "terminated": 0, "memberUomCode": 81}, {"memberId": 27, "parentMemberId": 1, "memberNameEn": "Other East Asia and the Pacific", "memberNameFr": "Autres Asie Est et Pacifique", "classificationCode": null, "classificationTypeCode": null, "geoLevel": null, "vintage": null, "terminated": 0, "memberUomCode": 81}, {"memberId": 28, "parentMemberId": 1, "memberNameEn": "Argentina", "memberNameFr": "Argentine", "classificationCode": null, "classificationTypeCode": null, "geoLevel": null, "vintage": null, "terminated": 0, "memberUomCode": 81}, {"memberId": 29, "parentMemberId": 1, "memberNameEn": "Bolivia", "memberNameFr": "Bolivie", "classificationCode": null, "classificationTypeCode": null, "geoLevel": null, "vintage": null, "terminated": 0, "memberUomCode": 81}, {"memberId": 30, "parentMemberId": 1, "memberNameEn": "Brazil", "memberNameFr": "Br\u00e9sil", "classificationCode": null, "classificationTypeCode": null, "geoLevel": null, "vintage": null, "terminated": 0, "memberUomCode": 81}, {"memberId": 31, "parentMemberId": 1, "memberNameEn": "Chile", "memberNameFr": "Chili", "classificationCode": null, "classificationTypeCode": null, "geoLevel": null, "vintage": null, "terminated": 0, "memberUomCode": 81}, {"memberId": 32, "parentMemberId": 1, "memberNameEn": "Mexico", "memberNameFr": "Mexique", "classificationCode": null, "classificationTypeCode": null, "geoLevel": null, "vintage": null, "terminated": 0, "memberUomCode": 81}, {"memberId": 33, "parentMemberId": 1, "memberNameEn": "Peru", "memberNameFr": "P\u00e9rou", "classificationCode": null, "classificationTypeCode": null, "geoLevel": null, "vintage": null, "terminated": 0, "memberUomCode": 81}, {"memberId": 34, "parentMemberId": 1, "memberNameEn": "Trinidad and Tobago", "memberNameFr": "Trinit\u00e9 et Tobago", "classificationCode": null, "classificationTypeCode": null, "geoLevel": null, "vintage": null, "terminated": 0, "memberUomCode": 81}, {"memberId": 35, "parentMemberId": 1, "memberNameEn": "Venezuela", "memberNameFr": "Venezuela", "classificationCode": null, "classificationTypeCode": null, "geoLevel": null, "vintage": null, "terminated": 0, "memberUomCode": 81}, {"memberId": 36, "parentMemberId": 1, "memberNameEn": "Other Latin America and Caribbean", "memberNameFr": "Autres Am\u00e9rique latine et Antilles", "classificationCode": null, "classificationTypeCode": null, "geoLevel": null, "vintage": null, "terminated": 0, "memberUomCode": 81}, {"memberId": 37, "parentMemberId": 1, "memberNameEn": "Algeria", "memberNameFr": "Alg\u00e9rie", "classificationCode": null, "classificationTypeCode": null, "geoLevel": null, "vintage": null, "terminated": 0, "memberUomCode": 81}, {"memberId": 38, "parentMemberId": 1, "memberNameEn": "Kuwait", "memberNameFr": "Kowe\u00eft", "classificationCode": null, "classificationTypeCode": null, "geoLevel": null, "vintage": null, "terminated": 0, "memberUomCode": 81}, {"memberId": 39, "parentMemberId": 1, "memberNameEn": "Saudi Arabia", "memberNameFr": "Arabie Saoudite", "classificationCode": null, "classificationTypeCode": null, "geoLevel": null, "vintage": null, "terminated": 0, "memberUomCode": 81}, {"memberId": 40, "parentMemberId": 1, "memberNameEn": "Other North Africa and Middle East", "memberNameFr": "Autres Afrique Nord et Moyen-Orient", "classificationCode": null, "classificationTypeCode": null, "geoLevel": null, "vintage": null, "terminated": 0, "memberUomCode": 81}, {"memberId": 41, "parentMemberId": 1, "memberNameEn": "Republic Of South Africa", "memberNameFr": "R\u00e9publique d'Afrique du Sud", "classificationCode": null, "classificationTypeCode": null, "geoLevel": null, "vintage": null, "terminated": 0, "memberUomCode": 81}, {"memberId": 42, "parentMemberId": 1, "memberNameEn": "Other Sub-Saharan Africa", "memberNameFr": "Autres Afrique Subsaharienne", "classificationCode": null, "classificationTypeCode": null, "geoLevel": null, "vintage": null, "terminated": 0, "memberUomCode": 81}, {"memberId": 43, "parentMemberId": 1, "memberNameEn": "Unallocated", "memberNameFr": "Non r\u00e9partis", "classificationCode": null, "classificationTypeCode": null, "geoLevel": null, "vintage": null, "terminated": 0, "memberUomCode": 81}, {"memberId": 44, "parentMemberId": 1, "memberNameEn": "Bahamas", "memberNameFr": "Bahamas", "classificationCode": null, "classificationTypeCode": null, "geoLevel": null, "vintage": null, "terminated": 0, "memberUomCode": 81}, {"memberId": 45, "parentMemberId": 1, "memberNameEn": "Barbados", "memberNameFr": "Barbade", "classificationCode": null, "classificationTypeCode": null, "geoLevel": null, "vintage": null, "terminated": 0, "memberUomCode": 81}, {"memberId": 46, "parentMemberId": 1, "memberNameEn": "Bermuda", "memberNameFr": "Bermudes", "classificationCode": null, "classificationTypeCode": null, "geoLevel": null, "vintage": null, "terminated": 0, "memberUomCode": 81}, {"memberId": 47, "parentMemberId": 1, "memberNameEn": "Cayman Islands", "memberNameFr": "\u00celes Ca\u00efmans", "classificationCode": null, "classificationTypeCode": null, "geoLevel": null, "vintage": null, "terminated": 0, "memberUomCode": 81}, {"memberId": 48, "parentMemberId": 1, "memberNameEn": "Hong Kong", "memberNameFr": "Hong Kong", "classificationCode": null, "classificationTypeCode": null, "geoLevel": null, "vintage": null, "terminated": 0, "memberUomCode": 81}, {"memberId": 49, "parentMemberId": 1, "memberNameEn": "Panama", "memberNameFr": "Panama", "classificationCode": null, "classificationTypeCode": null, "geoLevel": null, "vintage": null, "terminated": 0, "memberUomCode": 81}, {"memberId": 50, "parentMemberId": 1, "memberNameEn": "Singapore", "memberNameFr": "Singapour", "classificationCode": null, "classificationTypeCode": null, "geoLevel": null, "vintage": null, "terminated": 0, "memberUomCode": 81}, {"memberId": 51, "parentMemberId": 1, "memberNameEn": "Other off-shore banking centers", "memberNameFr": "Autres places bancaires extraterritoriales", "classificationCode": null, "classificationTypeCode": null, "geoLevel": null, "vintage": null, "terminated": 0, "memberUomCode": 81}, {"memberId": 52, "parentMemberId": null, "memberNameEn": "Foreign currency on Canadian residents", "memberNameFr": "Monnaie \u00e9trang\u00e8re sur les r\u00e9sidents canadiens", "classificationCode": null, "classificationTypeCode": null, "geoLevel": null, "vintage": null, "terminated": 0, "memberUomCode": 81}, {"memberId": 53, "parentMemberId": null, "memberNameEn": "Total Europe", "memberNameFr": "Total Europe", "classificationCode": null, "classificationTypeCode": null, "geoLevel": null, "vintage": null, "terminated": 0, "memberUomCode": 81}, {"memberId": 54, "parentMemberId": null, "memberNameEn": "Total Central Europe and Central Asia", "memberNameFr": "Total Europe Centrale et Asie Centrale", "classificationCode": null, "classificationTypeCode": null, "geoLevel": null, "vintage": null, "terminated": 0, "memberUomCode": 81}, {"memberId": 55, "parentMemberId": null, "memberNameEn": "Total East Asia and the Pacific", "memberNameFr": "Total pays Asie Est et Pacifique", "classificationCode": null, "classificationTypeCode": null, "geoLevel": null, "vintage": null, "terminated": 0, "memberUomCode": 81}, {"memberId": 56, "parentMemberId": null, "memberNameEn": "Total Latin America and Caribbean", "memberNameFr": "Total Am\u00e9rique Latine et Antilles", "classificationCode": null, "classificationTypeCode": null, "geoLevel": null, "vintage": null, "terminated": 0, "memberUomCode": 81}, {"memberId": 57, "parentMemberId": null, "memberNameEn": "Total North Africa and Middle East", "memberNameFr": "Total Afrique Nord et Moyen-Orient", "classificationCode": null, "classificationTypeCode": null, "geoLevel": null, "vintage": null, "terminated": 0, "memberUomCode": 81}, {"memberId": 58, "parentMemberId": null, "memberNameEn": "Total Sub-Saharan Africa", "memberNameFr": "Total Afrique Subsaharienne", "classificationCode": null, "classificationTypeCode": null, "geoLevel": null, "vintage": null, "terminated": 0, "memberUomCode": 81}, {"memberId": 59, "parentMemberId": null, "memberNameEn": "Total off-shore banking centers", "memberNameFr": "Total des places bancaires extraterritoriales", "classificationCode": null, "classificationTypeCode": null, "geoLevel": null, "vintage": null, "terminated": 0, "memberUomCode": 81}]}]