[{"dimensionPositionId": 1, "dimensionNameEn": "Geography", "dimensionNameFr": "G\u00e9ographie", "hasUom": false, "member": [{"memberId": 1, "parentMemberId": null, "memberNameEn": "Canada, provinces and international", "memberNameFr": "Canada, provinces et international", "classificationCode": null, "classificationTypeCode": null, "geoLevel": null, "vintage": null, "terminated": 0, "memberUomCode": null}, {"memberId": 2, "parentMemberId": 1, "memberNameEn": "Newfoundland and Labrador", "memberNameFr": "Terre-Neuve-et-Labrador", "classificationCode": "10", "classificationTypeCode": "1", "geoLevel": 2, "vintage": 2016, "terminated": 0, "memberUomCode": null}, {"memberId": 3, "parentMemberId": 1, "memberNameEn": "Prince Edward Island", "memberNameFr": "\u00cele-du-Prince-\u00c9douard", "classificationCode": "11", "classificationTypeCode": "1", "geoLevel": 2, "vintage": 2016, "terminated": 0, "memberUomCode": null}, {"memberId": 4, "parentMemberId": 1, "memberNameEn": "Nova Scotia", "memberNameFr": "Nouvelle-\u00c9cosse", "classificationCode": "12", "classificationTypeCode": "1", "geoLevel": 2, "vintage": 2016, "terminated": 0, "memberUomCode": null}, {"memberId": 5, "parentMemberId": 1, "memberNameEn": "New Brunswick", "memberNameFr": "Nouveau-Brunswick", "classificationCode": "13", "classificationTypeCode": "1", "geoLevel": 2, "vintage": 2016, "terminated": 0, "memberUomCode": null}, {"memberId": 6, "parentMemberId": 1, "memberNameEn": "Quebec", "memberNameFr": "Qu\u00e9bec", "classificationCode": "24", "classificationTypeCode": "1", "geoLevel": 2, "vintage": 2016, "terminated": 0, "memberUomCode": null}, {"memberId": 7, "parentMemberId": 1, "memberNameEn": "Ontario", "memberNameFr": "Ontario", "classificationCode": "35", "classificationTypeCode": "1", "geoLevel": 2, "vintage": 2016, "terminated": 0, "memberUomCode": null}, {"memberId": 8, "parentMemberId": 1, "memberNameEn": "Manitoba", "memberNameFr": "Manitoba", "classificationCode": "46", "classificationTypeCode": "1", "geoLevel": 2, "vintage": 2016, "terminated": 0, "memberUomCode": null}, {"memberId": 9, "parentMemberId": 1, "memberNameEn": "Saskatchewan", "memberNameFr": "Saskatchewan", "classificationCode": "47", "classificationTypeCode": "1", "geoLevel": 2, "vintage": 2016, "terminated": 0, "memberUomCode": null}, {"memberId": 10, "parentMemberId": 1, "memberNameEn": "Alberta", "memberNameFr": "Alberta", "classificationCode": "48", "classificationTypeCode": "1", "geoLevel": 2, "vintage": 2016, "terminated": 0, "memberUomCode": null}, {"memberId": 11, "parentMemberId": 1, "memberNameEn": "British Columbia", "memberNameFr": "Colombie-Britannique", "classificationCode": "59", "classificationTypeCode": "1", "geoLevel": 2, "vintage": 2016, "terminated": 0, "memberUomCode": null}, {"memberId": 12, "parentMemberId": 1, "memberNameEn": "Yukon, Northwest Territories and Nunavut", "memberNameFr": "Yukon, Territoires du Nord-Ouest et Nunavut", "classificationCode": "6", "classificationTypeCode": "1", "geoLevel": 1, "vintage": 2016, "terminated": 0, "memberUomCode": null}, {"memberId": 13, "parentMemberId": 1, "memberNameEn": "Yukon", "memberNameFr": "Yukon", "classificationCode": "60", "classificationTypeCode": "1", "geoLevel": 2, "vintage": 2016, "terminated": 0, "memberUomCode": null}, {"memberId": 14, "parentMemberId": 1, "memberNameEn": "Northwest Territories including Nunavut", "memberNameFr": "Territoires du Nord-Ouest incluant Nunavut", "classificationCode": null, "classificationTypeCode": null, "geoLevel": null, "vintage": null, "terminated": 1, "memberUomCode": null}, {"memberId": 15, "parentMemberId": 1, "memberNameEn": "Northwest Territories", "memberNameFr": "Territoires du Nord-Ouest", "classificationCode": "61", "classificationTypeCode": "1", "geoLevel": 2, "vintage": 2016, "terminated": 0, "memberUomCode": null}, {"memberId": 16, "parentMemberId": 1, "memberNameEn": "Nunavut", "memberNameFr": "Nunavut", "classificationCode": "62", "classificationTypeCode": "1", "geoLevel": 2, "vintage": 2016, "terminated": 0, "memberUomCode": null}, {"memberId": 17, "parentMemberId": 1, "memberNameEn": "Unallocated in Canada and international", "memberNameFr": "Op\u00e9rations non r\u00e9parties au Canada et op\u00e9rations internationales", "classificationCode": null, "classificationTypeCode": null, "geoLevel": null, "vintage": null, "terminated": 0, "memberUomCode": null}, {"memberId": 18, "parentMemberId": 17, "memberNameEn": "Unallocated in Canada", "memberNameFr": "Op\u00e9rations non r\u00e9parties au Canada", "classificationCode": null, "classificationTypeCode": null, "geoLevel": null, "vintage": null, "terminated": 0, "memberUomCode": null}, {"memberId": 19, "parentMemberId": 17, "memberNameEn": "International", "memberNameFr": "International", "classificationCode": null, "classificationTypeCode": null, "geoLevel": null, "vintage": null, "terminated": 0, "memberUomCode": null}]}, {"dimensionPositionId": 2, "dimensionNameEn": "Assets and liabilities", "dimensionNameFr": "Actif et passif", "hasUom": true, "member": [{"memberId": 1, "parentMemberId": null, "memberNameEn": "Bank notes and coin other than gold and silver bullion", "memberNameFr": "Billets de banque et monnaie m\u00e9tallique \u00e0 l'exclusion des lingots d'or et d'argent", "classificationCode": null, "classificationTypeCode": null, "geoLevel": null, "vintage": null, "terminated": 0, "memberUomCode": 81}, {"memberId": 2, "parentMemberId": null, "memberNameEn": "Securities issued or guaranteed by a Canadian province", "memberNameFr": "Valeurs mobili\u00e8res \u00e9mises ou garanties par une province canadienne", "classificationCode": null, "classificationTypeCode": null, "geoLevel": null, "vintage": null, "terminated": 0, "memberUomCode": 81}, {"memberId": 3, "parentMemberId": null, "memberNameEn": "Securities issued or guaranteed by a Canadian municipal or school corporation", "memberNameFr": "Valeurs mobili\u00e8res \u00e9mises ou garanties par des corps municipaux ou scolaires du Canada", "classificationCode": null, "classificationTypeCode": null, "geoLevel": null, "vintage": null, "terminated": 0, "memberUomCode": 81}, {"memberId": 4, "parentMemberId": null, "memberNameEn": "Other securities", "memberNameFr": "Autres valeurs mobili\u00e8res", "classificationCode": null, "classificationTypeCode": null, "geoLevel": null, "vintage": null, "terminated": 0, "memberUomCode": 81}, {"memberId": 5, "parentMemberId": null, "memberNameEn": "Non-mortgage loans, call and other short loans to investment dealers and brokers", "memberNameFr": "Pr\u00eats non hypoth\u00e9caires, \u00e0 vue et \u00e0 court terme, accord\u00e9s \u00e0 des n\u00e9gociants en placements et des courtiers", "classificationCode": null, "classificationTypeCode": null, "geoLevel": null, "vintage": null, "terminated": 0, "memberUomCode": 81}, {"memberId": 6, "parentMemberId": null, "memberNameEn": "Non-mortgage loans, to Canadian federal government, provinces, municipalities, or school corporations", "memberNameFr": "Pr\u00eats non hypoth\u00e9caires accord\u00e9s au gouvernement f\u00e9d\u00e9ral, aux provinces et \u00e0 des corps municipaux ou scolaires du Canada", "classificationCode": null, "classificationTypeCode": null, "geoLevel": null, "vintage": null, "terminated": 0, "memberUomCode": 81}, {"memberId": 7, "parentMemberId": null, "memberNameEn": "Non-mortgage loans, lease receivables", "memberNameFr": "Pr\u00eats non hypoth\u00e9caires, cr\u00e9ances de cr\u00e9dit-bail", "classificationCode": null, "classificationTypeCode": null, "geoLevel": null, "vintage": null, "terminated": 0, "memberUomCode": 81}, {"memberId": 8, "parentMemberId": null, "memberNameEn": "Non-mortgage loans, to individuals for non-business purposes, total personal loans", "memberNameFr": "Pr\u00eats non hypoth\u00e9caires consentis \u00e0 des particuliers \u00e0 des fins non commerciales, total des pr\u00eats personnels", "classificationCode": null, "classificationTypeCode": null, "geoLevel": null, "vintage": null, "terminated": 0, "memberUomCode": 81}, {"memberId": 9, "parentMemberId": 8, "memberNameEn": "Non-mortgage loans, to individuals for non-business purposes, personal loan plans", "memberNameFr": "Pr\u00eats non hypoth\u00e9caires consentis \u00e0 des particuliers \u00e0 des fins non commerciales, programmes de pr\u00eats personnels", "classificationCode": null, "classificationTypeCode": null, "geoLevel": null, "vintage": null, "terminated": 0, "memberUomCode": 81}, {"memberId": 10, "parentMemberId": 8, "memberNameEn": "Non-mortgage loans, to individuals for non-business purposes, credit card", "memberNameFr": "Pr\u00eats non hypoth\u00e9caires consentis \u00e0 des particuliers \u00e0 des fins non commerciales, cartes de cr\u00e9dit", "classificationCode": null, "classificationTypeCode": null, "geoLevel": null, "vintage": null, "terminated": 0, "memberUomCode": 81}, {"memberId": 11, "parentMemberId": 8, "memberNameEn": "Non-mortgage loans, to individuals for non-business purposes, other", "memberNameFr": "Pr\u00eats non hypoth\u00e9caires consentis \u00e0 des particuliers \u00e0 des fins non commerciales, autres", "classificationCode": null, "classificationTypeCode": null, "geoLevel": null, "vintage": null, "terminated": 0, "memberUomCode": 81}, {"memberId": 12, "parentMemberId": null, "memberNameEn": "Non-mortgage loans, to individuals and others for business purposes, total loans to Canadian resident non-financial business", "memberNameFr": "Pr\u00eats non hypoth\u00e9caires consentis \u00e0 des particuliers et \u00e0 d'autres entit\u00e9s \u00e0 des fins commerciales, total des pr\u00eats accord\u00e9s \u00e0 des entreprises canadiennes r\u00e9sidentes non financi\u00e8res", "classificationCode": null, "classificationTypeCode": null, "geoLevel": null, "vintage": null, "terminated": 0, "memberUomCode": 81}, {"memberId": 13, "parentMemberId": 12, "memberNameEn": "Non-mortgage loans, to individuals and others for business purposes, loans to Canadian resident non-financial business with authorizations of: less than 0.5", "memberNameFr": "Pr\u00eats non hypoth\u00e9caires consentis \u00e0 des particuliers et \u00e0 d'autres entit\u00e9s \u00e0 des fins commerciales, pr\u00eats accord\u00e9s \u00e0 des entreprises canadiennes r\u00e9sidentes non financi\u00e8res pour des montants autoris\u00e9s de moins de 0,5", "classificationCode": null, "classificationTypeCode": null, "geoLevel": null, "vintage": null, "terminated": 0, "memberUomCode": 81}, {"memberId": 14, "parentMemberId": 12, "memberNameEn": "Non-mortgage loans, to individuals and others for business purposes, loans to Canadian resident non-financial business with authorizations of: 0.5 to 5", "memberNameFr": "Pr\u00eats non hypoth\u00e9caires consentis \u00e0 des particuliers et \u00e0 d'autres entit\u00e9s \u00e0 des fins commerciales, pr\u00eats accord\u00e9s \u00e0 des entreprises canadiennes r\u00e9sidentes non financi\u00e8res pour des montants autoris\u00e9s de 0,5 \u00e0 5", "classificationCode": null, "classificationTypeCode": null, "geoLevel": null, "vintage": null, "terminated": 0, "memberUomCode": 81}, {"memberId": 15, "parentMemberId": 12, "memberNameEn": "Non-mortgage loans, to individuals and others for business purposes, loans to Canadian resident non-financial business with authorizations of: over 5", "memberNameFr": "Pr\u00eats non hypoth\u00e9caires consentis \u00e0 des particuliers et \u00e0 d'autres entit\u00e9s \u00e0 des fins commerciales, pr\u00eats accord\u00e9s \u00e0 des entreprises canadiennes r\u00e9sidentes non financi\u00e8res pour des montants autoris\u00e9s de plus de 5", "classificationCode": null, "classificationTypeCode": null, "geoLevel": null, "vintage": null, "terminated": 0, "memberUomCode": 81}, {"memberId": 16, "parentMemberId": null, "memberNameEn": "Non-mortgage loans, to individuals and others for business purposes, Canadian agricultural loans", "memberNameFr": "Pr\u00eats non hypoth\u00e9caires consentis \u00e0 des particuliers et \u00e0 d'autres entit\u00e9s \u00e0 des fins commerciales, pr\u00eats aux agriculteurs canadiens", "classificationCode": null, "classificationTypeCode": null, "geoLevel": null, "vintage": null, "terminated": 0, "memberUomCode": 81}, {"memberId": 17, "parentMemberId": null, "memberNameEn": "Non-mortgage loans, to individuals and others for business purposes, other loans for business purposes and own acceptances purchased", "memberNameFr": "Pr\u00eats non hypoth\u00e9caires consentis \u00e0 des particuliers et \u00e0 d'autres entit\u00e9s \u00e0 des fins commerciales, autres pr\u00eats \u00e0 des fins commerciales et acquisition par la banque de ses propres acceptations", "classificationCode": null, "classificationTypeCode": null, "geoLevel": null, "vintage": null, "terminated": 0, "memberUomCode": 81}, {"memberId": 18, "parentMemberId": null, "memberNameEn": "Mortgages, residential", "memberNameFr": "Pr\u00eats hypoth\u00e9caires, immeubles r\u00e9sidentiels", "classificationCode": null, "classificationTypeCode": null, "geoLevel": null, "vintage": null, "terminated": 0, "memberUomCode": 81}, {"memberId": 19, "parentMemberId": null, "memberNameEn": "Mortgages, non-residential", "memberNameFr": "Pr\u00eats hypoth\u00e9caires, immeubles non r\u00e9sidentiels", "classificationCode": null, "classificationTypeCode": null, "geoLevel": null, "vintage": null, "terminated": 0, "memberUomCode": 81}, {"memberId": 20, "parentMemberId": null, "memberNameEn": "Customers' liability under acceptances", "memberNameFr": "Engagements de clients au titre d'acceptations", "classificationCode": null, "classificationTypeCode": null, "geoLevel": null, "vintage": null, "terminated": 0, "memberUomCode": 81}, {"memberId": 21, "parentMemberId": null, "memberNameEn": "Land, building and equipment less accumulated depreciation", "memberNameFr": "Terrains, b\u00e2timents et mat\u00e9riel, moins amortissement cumul\u00e9", "classificationCode": null, "classificationTypeCode": null, "geoLevel": null, "vintage": null, "terminated": 0, "memberUomCode": 81}, {"memberId": 22, "parentMemberId": null, "memberNameEn": "Personal deposits, total", "memberNameFr": "D\u00e9p\u00f4ts des particuliers, total", "classificationCode": null, "classificationTypeCode": null, "geoLevel": null, "vintage": null, "terminated": 0, "memberUomCode": 81}, {"memberId": 23, "parentMemberId": 22, "memberNameEn": "Personal deposits, demand and notice, total", "memberNameFr": "D\u00e9p\u00f4ts des particuliers, \u00e0 vue et \u00e0 pr\u00e9avis, total", "classificationCode": null, "classificationTypeCode": null, "geoLevel": null, "vintage": null, "terminated": 0, "memberUomCode": 81}, {"memberId": 24, "parentMemberId": 23, "memberNameEn": "Personal deposits, demand and notice, of which: tax-sheltered", "memberNameFr": "D\u00e9p\u00f4ts des particuliers, \u00e0 vue et \u00e0 pr\u00e9avis, dont: abris fiscaux", "classificationCode": null, "classificationTypeCode": null, "geoLevel": null, "vintage": null, "terminated": 0, "memberUomCode": 81}, {"memberId": 25, "parentMemberId": 22, "memberNameEn": "Personal deposits, fixed term, total", "memberNameFr": "D\u00e9p\u00f4ts des particuliers, \u00e0 terme fixe, total", "classificationCode": null, "classificationTypeCode": null, "geoLevel": null, "vintage": null, "terminated": 0, "memberUomCode": 81}, {"memberId": 26, "parentMemberId": 25, "memberNameEn": "Personal deposits, fixed term, of which: tax-sheltered", "memberNameFr": "D\u00e9p\u00f4ts des particuliers, \u00e0 terme fixe, dont: abris fiscaux", "classificationCode": null, "classificationTypeCode": null, "geoLevel": null, "vintage": null, "terminated": 0, "memberUomCode": 81}, {"memberId": 27, "parentMemberId": null, "memberNameEn": "Non-personal deposits (excluding deposits of banks), total", "memberNameFr": "D\u00e9p\u00f4ts autres que ceux des particuliers (d\u00e9p\u00f4ts interbancaires exclus), total", "classificationCode": null, "classificationTypeCode": null, "geoLevel": null, "vintage": null, "terminated": 0, "memberUomCode": 81}, {"memberId": 28, "parentMemberId": 27, "memberNameEn": "Non-personal deposits (excluding deposits of banks), demand and notice, provinces", "memberNameFr": "D\u00e9p\u00f4ts autres que ceux des particuliers (d\u00e9p\u00f4ts interbancaires exclus), \u00e0 vue et \u00e0 pr\u00e9avis, provinces", "classificationCode": null, "classificationTypeCode": null, "geoLevel": null, "vintage": null, "terminated": 0, "memberUomCode": 81}, {"memberId": 29, "parentMemberId": 27, "memberNameEn": "Non-personal deposits (excluding deposits of banks), demand and notice, municipalities", "memberNameFr": "D\u00e9p\u00f4ts autres que ceux des particuliers (d\u00e9p\u00f4ts interbancaires exclus), \u00e0 vue et \u00e0 pr\u00e9avis, municipalit\u00e9s", "classificationCode": null, "classificationTypeCode": null, "geoLevel": null, "vintage": null, "terminated": 0, "memberUomCode": 81}, {"memberId": 30, "parentMemberId": 27, "memberNameEn": "Non-personal deposits (excluding deposits of banks), demand and notice, other", "memberNameFr": "D\u00e9p\u00f4ts autres que ceux des particuliers (d\u00e9p\u00f4ts interbancaires exclus), \u00e0 vue et \u00e0 pr\u00e9avis, autres", "classificationCode": null, "classificationTypeCode": null, "geoLevel": null, "vintage": null, "terminated": 0, "memberUomCode": 81}, {"memberId": 31, "parentMemberId": 27, "memberNameEn": "Non-personal deposits (excluding deposits of banks), fixed term, provinces", "memberNameFr": "D\u00e9p\u00f4ts autres que ceux des particuliers (d\u00e9p\u00f4ts interbancaires exclus), \u00e0 terme fixe, provinces", "classificationCode": null, "classificationTypeCode": null, "geoLevel": null, "vintage": null, "terminated": 0, "memberUomCode": 81}, {"memberId": 32, "parentMemberId": 27, "memberNameEn": "Non-personal deposits (excluding deposits of banks), fixed term, municipalities", "memberNameFr": "D\u00e9p\u00f4ts autres que ceux des particuliers (d\u00e9p\u00f4ts interbancaires exclus), \u00e0 terme fixe, municipalit\u00e9s", "classificationCode": null, "classificationTypeCode": null, "geoLevel": null, "vintage": null, "terminated": 0, "memberUomCode": 81}, {"memberId": 33, "parentMemberId": 27, "memberNameEn": "Non-personal deposits (excluding deposits of banks), fixed term, other", "memberNameFr": "D\u00e9p\u00f4ts autres que ceux des particuliers (d\u00e9p\u00f4ts interbancaires exclus), \u00e0 terme fixe, autres", "classificationCode": null, "classificationTypeCode": null, "geoLevel": null, "vintage": null, "terminated": 0, "memberUomCode": 81}, {"memberId": 34, "parentMemberId": null, "memberNameEn": "Acceptances", "memberNameFr": "Acceptations", "classificationCode": null, "classificationTypeCode": null, "geoLevel": null, "vintage": null, "terminated": 0, "memberUomCode": 81}, {"memberId": 35, "parentMemberId": null, "memberNameEn": "Liabilities of subsidiaries, other than deposits", "memberNameFr": "Engagements de filiales, autres que des d\u00e9p\u00f4ts", "classificationCode": null, "classificationTypeCode": null, "geoLevel": null, "vintage": null, "terminated": 0, "memberUomCode": 81}, {"memberId": 36, "parentMemberId": null, "memberNameEn": "Non-controlling interests in subsidiaries", "memberNameFr": "Participations non majoritaires dans des filiales", "classificationCode": null, "classificationTypeCode": null, "geoLevel": null, "vintage": null, "terminated": 0, "memberUomCode": 81}]}]