[{"dimensionPositionId": 1, "dimensionNameEn": "Geography", "dimensionNameFr": "G\u00e9ographie", "hasUom": false, "member": [{"memberId": 1, "parentMemberId": null, "memberNameEn": "Canada", "memberNameFr": "Canada", "classificationCode": null, "classificationTypeCode": null, "geoLevel": null, "vintage": null, "terminated": 0, "memberUomCode": null}, {"memberId": 2, "parentMemberId": 1, "memberNameEn": "Newfoundland and Labrador", "memberNameFr": "Terre-Neuve-et-Labrador", "classificationCode": null, "classificationTypeCode": null, "geoLevel": null, "vintage": null, "terminated": 0, "memberUomCode": null}, {"memberId": 3, "parentMemberId": 1, "memberNameEn": "Prince Edward Island", "memberNameFr": "\u00cele-du-Prince-\u00c9douard", "classificationCode": null, "classificationTypeCode": null, "geoLevel": null, "vintage": null, "terminated": 0, "memberUomCode": null}, {"memberId": 4, "parentMemberId": 1, "memberNameEn": "Nova Scotia", "memberNameFr": "Nouvelle-\u00c9cosse", "classificationCode": null, "classificationTypeCode": null, "geoLevel": null, "vintage": null, "terminated": 0, "memberUomCode": null}, {"memberId": 5, "parentMemberId": 1, "memberNameEn": "New Brunswick", "memberNameFr": "Nouveau-Brunswick", "classificationCode": null, "classificationTypeCode": null, "geoLevel": null, "vintage": null, "terminated": 0, "memberUomCode": null}, {"memberId": 6, "parentMemberId": 1, "memberNameEn": "Quebec", "memberNameFr": "Qu\u00e9bec", "classificationCode": null, "classificationTypeCode": null, "geoLevel": null, "vintage": null, "terminated": 0, "memberUomCode": null}, {"memberId": 7, "parentMemberId": 1, "memberNameEn": "Ontario", "memberNameFr": "Ontario", "classificationCode": null, "classificationTypeCode": null, "geoLevel": null, "vintage": null, "terminated": 0, "memberUomCode": null}, {"memberId": 8, "parentMemberId": 1, "memberNameEn": "Manitoba", "memberNameFr": "Manitoba", "classificationCode": null, "classificationTypeCode": null, "geoLevel": null, "vintage": null, "terminated": 0, "memberUomCode": null}, {"memberId": 9, "parentMemberId": 1, "memberNameEn": "Saskatchewan", "memberNameFr": "Saskatchewan", "classificationCode": null, "classificationTypeCode": null, "geoLevel": null, "vintage": null, "terminated": 0, "memberUomCode": null}, {"memberId": 10, "parentMemberId": 1, "memberNameEn": "Alberta", "memberNameFr": "Alberta", "classificationCode": null, "classificationTypeCode": null, "geoLevel": null, "vintage": null, "terminated": 0, "memberUomCode": null}, {"memberId": 11, "parentMemberId": 1, "memberNameEn": "British Columbia", "memberNameFr": "Colombie-Britannique", "classificationCode": null, "classificationTypeCode": null, "geoLevel": null, "vintage": null, "terminated": 0, "memberUomCode": null}, {"memberId": 12, "parentMemberId": 1, "memberNameEn": "Yukon", "memberNameFr": "Yukon", "classificationCode": null, "classificationTypeCode": null, "geoLevel": null, "vintage": null, "terminated": 0, "memberUomCode": null}, {"memberId": 13, "parentMemberId": 1, "memberNameEn": "Northwest Territories", "memberNameFr": "Territoires du Nord-Ouest", "classificationCode": null, "classificationTypeCode": null, "geoLevel": null, "vintage": null, "terminated": 0, "memberUomCode": null}, {"memberId": 14, "parentMemberId": 1, "memberNameEn": "Nunavut", "memberNameFr": "Nunavut", "classificationCode": null, "classificationTypeCode": null, "geoLevel": null, "vintage": null, "terminated": 0, "memberUomCode": null}]}, {"dimensionPositionId": 2, "dimensionNameEn": "Household spending, household operation", "dimensionNameFr": "D\u00e9penses des m\u00e9nages, entretien m\u00e9nager", "hasUom": false, "member": [{"memberId": 1, "parentMemberId": null, "memberNameEn": "Total household operation", "memberNameFr": "Total, entretien m\u00e9nager", "classificationCode": null, "classificationTypeCode": null, "geoLevel": null, "vintage": null, "terminated": 0, "memberUomCode": null}, {"memberId": 2, "parentMemberId": 1, "memberNameEn": "Communications", "memberNameFr": "Communications", "classificationCode": null, "classificationTypeCode": null, "geoLevel": null, "vintage": null, "terminated": 0, "memberUomCode": null}, {"memberId": 3, "parentMemberId": 2, "memberNameEn": "Telephone", "memberNameFr": "T\u00e9l\u00e9phone", "classificationCode": null, "classificationTypeCode": null, "geoLevel": null, "vintage": null, "terminated": 0, "memberUomCode": null}, {"memberId": 4, "parentMemberId": 3, "memberNameEn": "Purchase of telephones and equipment", "memberNameFr": "Achats d'appareils t\u00e9l\u00e9phoniques et mat\u00e9riel", "classificationCode": null, "classificationTypeCode": null, "geoLevel": null, "vintage": null, "terminated": 0, "memberUomCode": null}, {"memberId": 5, "parentMemberId": 3, "memberNameEn": "Telephone services", "memberNameFr": "Services t\u00e9l\u00e9phoniques", "classificationCode": null, "classificationTypeCode": null, "geoLevel": null, "vintage": null, "terminated": 0, "memberUomCode": null}, {"memberId": 6, "parentMemberId": 5, "memberNameEn": "Telephone service (including long distance charges)", "memberNameFr": "Service t\u00e9l\u00e9phonique (y compris frais d'interurbain)", "classificationCode": null, "classificationTypeCode": null, "geoLevel": null, "vintage": null, "terminated": 0, "memberUomCode": null}, {"memberId": 7, "parentMemberId": 5, "memberNameEn": "Telephone installation and repairs", "memberNameFr": "Installations et r\u00e9parations de t\u00e9l\u00e9phones", "classificationCode": null, "classificationTypeCode": null, "geoLevel": null, "vintage": null, "terminated": 0, "memberUomCode": null}, {"memberId": 8, "parentMemberId": 2, "memberNameEn": "Cell phone, pager and handheld text messaging services", "memberNameFr": "Services de t\u00e9l\u00e9phones cellulaires, t\u00e9l\u00e9avertisseurs et appareils de messagerie textuelle portatifs", "classificationCode": null, "classificationTypeCode": null, "geoLevel": null, "vintage": null, "terminated": 0, "memberUomCode": null}, {"memberId": 9, "parentMemberId": 2, "memberNameEn": "Internet access services", "memberNameFr": "Services d'acc\u00e8s \u00e0 Internet", "classificationCode": null, "classificationTypeCode": null, "geoLevel": null, "vintage": null, "terminated": 0, "memberUomCode": null}, {"memberId": 32, "parentMemberId": 2, "memberNameEn": "On-line services", "memberNameFr": "Service en ligne", "classificationCode": null, "classificationTypeCode": null, "geoLevel": null, "vintage": null, "terminated": 0, "memberUomCode": null}, {"memberId": 10, "parentMemberId": 2, "memberNameEn": "Postal and other communication services (for example, fax services, parcel delivery)", "memberNameFr": "Services postaux et autres services de communication (par exemple, services de t\u00e9l\u00e9copieur, livraison de colis)", "classificationCode": null, "classificationTypeCode": null, "geoLevel": null, "vintage": null, "terminated": 0, "memberUomCode": null}, {"memberId": 11, "parentMemberId": 1, "memberNameEn": "Child care expenses", "memberNameFr": "Frais de garde d'enfants", "classificationCode": null, "classificationTypeCode": null, "geoLevel": null, "vintage": null, "terminated": 0, "memberUomCode": null}, {"memberId": 12, "parentMemberId": 11, "memberNameEn": "Child care outside the home", "memberNameFr": "Frais de garde d'enfants \u00e0 l'ext\u00e9rieur du foyer", "classificationCode": null, "classificationTypeCode": null, "geoLevel": null, "vintage": null, "terminated": 0, "memberUomCode": null}, {"memberId": 13, "parentMemberId": 12, "memberNameEn": "Day-care centres", "memberNameFr": "Garderies", "classificationCode": null, "classificationTypeCode": null, "geoLevel": null, "vintage": null, "terminated": 0, "memberUomCode": null}, {"memberId": 14, "parentMemberId": 12, "memberNameEn": "Child care outside the home (excluding day-care centres)", "memberNameFr": "Garde d'enfants \u00e0 l'ext\u00e9rieur du foyer (\u00e0 l'exclusion des garderies)", "classificationCode": null, "classificationTypeCode": null, "geoLevel": null, "vintage": null, "terminated": 0, "memberUomCode": null}, {"memberId": 15, "parentMemberId": 11, "memberNameEn": "Child care in the home", "memberNameFr": "Garde d'enfants au foyer", "classificationCode": null, "classificationTypeCode": null, "geoLevel": null, "vintage": null, "terminated": 0, "memberUomCode": null}, {"memberId": 16, "parentMemberId": 1, "memberNameEn": "Domestic and other custodial services (excluding child care)", "memberNameFr": "Aide domestique et autres services d'entretien (\u00e0 l'exclusion de la garde d'enfants)", "classificationCode": null, "classificationTypeCode": null, "geoLevel": null, "vintage": null, "terminated": 0, "memberUomCode": null}, {"memberId": 17, "parentMemberId": 1, "memberNameEn": "Pet expenses", "memberNameFr": "D\u00e9penses pour les animaux domestiques", "classificationCode": null, "classificationTypeCode": null, "geoLevel": null, "vintage": null, "terminated": 0, "memberUomCode": null}, {"memberId": 18, "parentMemberId": 17, "memberNameEn": "Pet food", "memberNameFr": "Nourriture pour animaux domestiques", "classificationCode": null, "classificationTypeCode": null, "geoLevel": null, "vintage": null, "terminated": 0, "memberUomCode": null}, {"memberId": 19, "parentMemberId": 17, "memberNameEn": "Purchase of pets", "memberNameFr": "Achats d'animaux domestiques", "classificationCode": null, "classificationTypeCode": null, "geoLevel": null, "vintage": null, "terminated": 1, "memberUomCode": null}, {"memberId": 20, "parentMemberId": 17, "memberNameEn": "Purchase of pet-related goods", "memberNameFr": "Achats d'articles pour animaux domestiques", "classificationCode": null, "classificationTypeCode": null, "geoLevel": null, "vintage": null, "terminated": 1, "memberUomCode": null}, {"memberId": 34, "parentMemberId": 17, "memberNameEn": "Purchase of pets and related pet goods", "memberNameFr": "Achats d'animaux domestiques et articles pour animaux domestiques", "classificationCode": null, "classificationTypeCode": null, "geoLevel": null, "vintage": null, "terminated": 0, "memberUomCode": null}, {"memberId": 21, "parentMemberId": 17, "memberNameEn": "Veterinarian and other services", "memberNameFr": "Soins v\u00e9t\u00e9rinaires et autres services", "classificationCode": null, "classificationTypeCode": null, "geoLevel": null, "vintage": null, "terminated": 0, "memberUomCode": null}, {"memberId": 22, "parentMemberId": 1, "memberNameEn": "Household cleaning supplies", "memberNameFr": "Produits de nettoyage m\u00e9nagers", "classificationCode": null, "classificationTypeCode": null, "geoLevel": null, "vintage": null, "terminated": 0, "memberUomCode": null}, {"memberId": 23, "parentMemberId": 1, "memberNameEn": "Paper, plastic and foil household supplies (for example, stationery supplies, paper towels, foil and plastic wraps)", "memberNameFr": "Articles en papier, emballages pour aliments (par exemple, papeterie, papier essuie-tout, emballages m\u00e9talliques et plastiques)", "classificationCode": null, "classificationTypeCode": null, "geoLevel": null, "vintage": null, "terminated": 0, "memberUomCode": null}, {"memberId": 24, "parentMemberId": 23, "memberNameEn": "Stationery supplies (excluding school supplies)", "memberNameFr": "Papeterie (\u00e0 l'exclusion des fournitures scolaires)", "classificationCode": null, "classificationTypeCode": null, "geoLevel": null, "vintage": null, "terminated": 0, "memberUomCode": null}, {"memberId": 25, "parentMemberId": 23, "memberNameEn": "Paper and plastic supplies (for example, paper towels, foil and plastic wraps)", "memberNameFr": "Autres articles en papier et en plastique (par exemple, papier essuie-tout, emballages m\u00e9talliques et plastiques)", "classificationCode": null, "classificationTypeCode": null, "geoLevel": null, "vintage": null, "terminated": 0, "memberUomCode": null}, {"memberId": 26, "parentMemberId": 1, "memberNameEn": "Garden supplies and services", "memberNameFr": "Fournitures de jardinage et autres services", "classificationCode": null, "classificationTypeCode": null, "geoLevel": null, "vintage": null, "terminated": 0, "memberUomCode": null}, {"memberId": 27, "parentMemberId": 26, "memberNameEn": "Nursery and greenhouse stock, cut flowers, and decorative plants", "memberNameFr": "Produits de serre et de p\u00e9pini\u00e8re, fleurs coup\u00e9es et plantes d\u00e9coratives", "classificationCode": null, "classificationTypeCode": null, "geoLevel": null, "vintage": null, "terminated": 0, "memberUomCode": null}, {"memberId": 28, "parentMemberId": 26, "memberNameEn": "Fertilizers, soil and soil conditioners", "memberNameFr": "Engrais, terreaux et ingr\u00e9dients pour traiter le sol", "classificationCode": null, "classificationTypeCode": null, "geoLevel": null, "vintage": null, "terminated": 1, "memberUomCode": null}, {"memberId": 29, "parentMemberId": 26, "memberNameEn": "Pesticides", "memberNameFr": "Pesticides", "classificationCode": null, "classificationTypeCode": null, "geoLevel": null, "vintage": null, "terminated": 1, "memberUomCode": null}, {"memberId": 33, "parentMemberId": 26, "memberNameEn": "Fertilizers, weed controls, herbicides, insecticides, pesticides, soil and soil conditioners", "memberNameFr": "Engrais, d\u00e9sherbage, poisons contre les mauvaises herbes, terreaux et ingr\u00e9dients pour traiter le sol", "classificationCode": null, "classificationTypeCode": null, "geoLevel": null, "vintage": null, "terminated": 0, "memberUomCode": null}, {"memberId": 30, "parentMemberId": 26, "memberNameEn": "Horticultural services and snow and garbage removal", "memberNameFr": "Services horticoles, d\u00e9neigement et enl\u00e8vement des d\u00e9chets", "classificationCode": null, "classificationTypeCode": null, "geoLevel": null, "vintage": null, "terminated": 0, "memberUomCode": null}, {"memberId": 31, "parentMemberId": 1, "memberNameEn": "Other household supplies (for example, light bulbs, batteries, string)", "memberNameFr": "Autres fournitures m\u00e9nag\u00e8res (par exemple, ampoules, piles, ficelle)", "classificationCode": null, "classificationTypeCode": null, "geoLevel": null, "vintage": null, "terminated": 0, "memberUomCode": null}]}, {"dimensionPositionId": 3, "dimensionNameEn": "Statistics", "dimensionNameFr": "Statistiques", "hasUom": true, "member": [{"memberId": 1, "parentMemberId": null, "memberNameEn": "Average expenditure", "memberNameFr": "D\u00e9penses moyennes", "classificationCode": null, "classificationTypeCode": null, "geoLevel": null, "vintage": null, "terminated": 0, "memberUomCode": 81}, {"memberId": 2, "parentMemberId": null, "memberNameEn": "Percent of households reporting", "memberNameFr": "Pourcentage des m\u00e9nages d\u00e9clarants", "classificationCode": null, "classificationTypeCode": null, "geoLevel": null, "vintage": null, "terminated": 0, "memberUomCode": 239}, {"memberId": 3, "parentMemberId": null, "memberNameEn": "Estimated number of households reporting", "memberNameFr": "Nombre estim\u00e9 des m\u00e9nages d\u00e9clarants", "classificationCode": null, "classificationTypeCode": null, "geoLevel": null, "vintage": null, "terminated": 0, "memberUomCode": 223}, {"memberId": 4, "parentMemberId": null, "memberNameEn": "Median expenditure per household reporting", "memberNameFr": "D\u00e9penses m\u00e9dianes par m\u00e9nage d\u00e9clarant", "classificationCode": null, "classificationTypeCode": null, "geoLevel": null, "vintage": null, "terminated": 0, "memberUomCode": 81}]}]