[{"dimensionPositionId": 1, "dimensionNameEn": "Geography", "dimensionNameFr": "G\u00e9ographie", "hasUom": false, "member": [{"memberId": 1, "parentMemberId": null, "memberNameEn": "Canada", "memberNameFr": "Canada", "classificationCode": "11124", "classificationTypeCode": "1", "geoLevel": 0, "vintage": 2016, "terminated": 0, "memberUomCode": null}]}, {"dimensionPositionId": 2, "dimensionNameEn": "Dollar concept", "dimensionNameFr": "Concept de dollar", "hasUom": true, "member": [{"memberId": 1, "parentMemberId": null, "memberNameEn": "2019 constant dollars\n", "memberNameFr": "Dollars constants de 2019\n", "classificationCode": null, "classificationTypeCode": null, "geoLevel": null, "vintage": null, "terminated": 0, "memberUomCode": 404}, {"memberId": 2, "parentMemberId": null, "memberNameEn": "Current dollars", "memberNameFr": "Dollars courants", "classificationCode": null, "classificationTypeCode": null, "geoLevel": null, "vintage": null, "terminated": 0, "memberUomCode": 75}]}, {"dimensionPositionId": 3, "dimensionNameEn": "Income source", "dimensionNameFr": "Source de revenu", "hasUom": false, "member": [{"memberId": 1, "parentMemberId": null, "memberNameEn": "Market income", "memberNameFr": "Revenu du march\u00e9", "classificationCode": null, "classificationTypeCode": null, "geoLevel": null, "vintage": null, "terminated": 0, "memberUomCode": null}, {"memberId": 2, "parentMemberId": null, "memberNameEn": "After-tax income", "memberNameFr": "Revenu apr\u00e8s imp\u00f4t", "classificationCode": null, "classificationTypeCode": null, "geoLevel": null, "vintage": null, "terminated": 0, "memberUomCode": null}, {"memberId": 3, "parentMemberId": null, "memberNameEn": "Total income", "memberNameFr": "Revenu total", "classificationCode": null, "classificationTypeCode": null, "geoLevel": null, "vintage": null, "terminated": 0, "memberUomCode": null}]}, {"dimensionPositionId": 4, "dimensionNameEn": "Household size", "dimensionNameFr": "Taille du m\u00e9nage", "hasUom": false, "member": [{"memberId": 1, "parentMemberId": null, "memberNameEn": "1 person", "memberNameFr": "1 personne", "classificationCode": null, "classificationTypeCode": null, "geoLevel": null, "vintage": null, "terminated": 0, "memberUomCode": null}, {"memberId": 2, "parentMemberId": null, "memberNameEn": "2 persons", "memberNameFr": "2 personnes", "classificationCode": null, "classificationTypeCode": null, "geoLevel": null, "vintage": null, "terminated": 0, "memberUomCode": null}, {"memberId": 3, "parentMemberId": null, "memberNameEn": "3 persons", "memberNameFr": "3 personnes", "classificationCode": null, "classificationTypeCode": null, "geoLevel": null, "vintage": null, "terminated": 0, "memberUomCode": null}, {"memberId": 4, "parentMemberId": null, "memberNameEn": "4 persons", "memberNameFr": "4 personnes", "classificationCode": null, "classificationTypeCode": null, "geoLevel": null, "vintage": null, "terminated": 0, "memberUomCode": null}, {"memberId": 5, "parentMemberId": null, "memberNameEn": "5 persons", "memberNameFr": "5 personnes", "classificationCode": null, "classificationTypeCode": null, "geoLevel": null, "vintage": null, "terminated": 0, "memberUomCode": null}, {"memberId": 6, "parentMemberId": null, "memberNameEn": "6 persons", "memberNameFr": "6 personnes", "classificationCode": null, "classificationTypeCode": null, "geoLevel": null, "vintage": null, "terminated": 0, "memberUomCode": null}, {"memberId": 7, "parentMemberId": null, "memberNameEn": "7 persons", "memberNameFr": "7 personnes", "classificationCode": null, "classificationTypeCode": null, "geoLevel": null, "vintage": null, "terminated": 0, "memberUomCode": null}, {"memberId": 8, "parentMemberId": null, "memberNameEn": "8 persons", "memberNameFr": "8 personnes", "classificationCode": null, "classificationTypeCode": null, "geoLevel": null, "vintage": null, "terminated": 0, "memberUomCode": null}, {"memberId": 9, "parentMemberId": null, "memberNameEn": "9 persons", "memberNameFr": "9 personnes", "classificationCode": null, "classificationTypeCode": null, "geoLevel": null, "vintage": null, "terminated": 0, "memberUomCode": null}, {"memberId": 10, "parentMemberId": null, "memberNameEn": "10 persons", "memberNameFr": "10 personnes", "classificationCode": null, "classificationTypeCode": null, "geoLevel": null, "vintage": null, "terminated": 0, "memberUomCode": null}]}]