[{"dimensionPositionId": 1, "dimensionNameEn": "Geography", "dimensionNameFr": "G\u00e9ographie", "hasUom": false, "member": [{"memberId": 1, "parentMemberId": null, "memberNameEn": "St. John's, Newfoundland and Labrador", "memberNameFr": "St. John's, Terre-Neuve-et-Labrador", "classificationCode": "10001", "classificationTypeCode": "1", "geoLevel": null, "vintage": null, "terminated": 0, "memberUomCode": null}, {"memberId": 2, "parentMemberId": null, "memberNameEn": "Bay Roberts, Newfoundland and Labrador", "memberNameFr": "Bay Roberts, Terre-Neuve-et-Labrador", "classificationCode": "10005", "classificationTypeCode": "1", "geoLevel": null, "vintage": null, "terminated": 0, "memberUomCode": null}, {"memberId": 3, "parentMemberId": null, "memberNameEn": "Grand Falls-Windsor, Newfoundland and Labrador", "memberNameFr": "Grand Falls-Windsor, Terre-Neuve-et-Labrador", "classificationCode": "10010", "classificationTypeCode": "1", "geoLevel": null, "vintage": null, "terminated": 0, "memberUomCode": null}, {"memberId": 4, "parentMemberId": null, "memberNameEn": "Corner Brook, Newfoundland and Labrador", "memberNameFr": "Corner Brook, Terre-Neuve-et-Labrador", "classificationCode": "10015", "classificationTypeCode": "1", "geoLevel": null, "vintage": null, "terminated": 0, "memberUomCode": null}, {"memberId": 5, "parentMemberId": null, "memberNameEn": "Charlottetown, Prince Edward Island", "memberNameFr": "Charlottetown, \u00cele-du-Prince-\u00c9douard", "classificationCode": "11105", "classificationTypeCode": "1", "geoLevel": null, "vintage": null, "terminated": 0, "memberUomCode": null}, {"memberId": 6, "parentMemberId": null, "memberNameEn": "Summerside, Prince Edward Island", "memberNameFr": "Summerside, \u00cele-du-Prince-\u00c9douard", "classificationCode": "11110", "classificationTypeCode": "1", "geoLevel": null, "vintage": null, "terminated": 0, "memberUomCode": null}, {"memberId": 7, "parentMemberId": null, "memberNameEn": "Halifax, Nova Scotia", "memberNameFr": "Halifax, Nouvelle-\u00c9cosse", "classificationCode": "12205", "classificationTypeCode": "1", "geoLevel": null, "vintage": null, "terminated": 0, "memberUomCode": null}, {"memberId": 8, "parentMemberId": null, "memberNameEn": "Kentville, Nova Scotia", "memberNameFr": "Kentville, Nouvelle-\u00c9cosse", "classificationCode": "12210", "classificationTypeCode": "1", "geoLevel": null, "vintage": null, "terminated": 0, "memberUomCode": null}, {"memberId": 9, "parentMemberId": null, "memberNameEn": "Truro, Nova Scotia", "memberNameFr": "Truro, Nouvelle-\u00c9cosse", "classificationCode": "12215", "classificationTypeCode": "1", "geoLevel": null, "vintage": null, "terminated": 0, "memberUomCode": null}, {"memberId": 10, "parentMemberId": null, "memberNameEn": "New Glasgow, Nova Scotia", "memberNameFr": "New Glasgow, Nouvelle-\u00c9cosse", "classificationCode": "12220", "classificationTypeCode": "1", "geoLevel": null, "vintage": null, "terminated": 0, "memberUomCode": null}, {"memberId": 11, "parentMemberId": null, "memberNameEn": "Cape Breton, Nova Scotia", "memberNameFr": "Cape Breton, Nouvelle-\u00c9cosse", "classificationCode": "12225", "classificationTypeCode": "1", "geoLevel": null, "vintage": null, "terminated": 0, "memberUomCode": null}, {"memberId": 12, "parentMemberId": null, "memberNameEn": "Moncton, New Brunswick", "memberNameFr": "Moncton, Nouveau-Brunswick", "classificationCode": "13305", "classificationTypeCode": "1", "geoLevel": null, "vintage": null, "terminated": 0, "memberUomCode": null}, {"memberId": 13, "parentMemberId": null, "memberNameEn": "Saint John, New Brunswick", "memberNameFr": "Saint John, Nouveau-Brunswick", "classificationCode": "13310", "classificationTypeCode": "1", "geoLevel": null, "vintage": null, "terminated": 0, "memberUomCode": null}, {"memberId": 14, "parentMemberId": null, "memberNameEn": "Fredericton, New Brunswick", "memberNameFr": "Fredericton, Nouveau-Brunswick", "classificationCode": "13320", "classificationTypeCode": "1", "geoLevel": null, "vintage": null, "terminated": 0, "memberUomCode": null}, {"memberId": 15, "parentMemberId": null, "memberNameEn": "Bathurst, New Brunswick", "memberNameFr": "Bathurst, Nouveau-Brunswick", "classificationCode": "13328", "classificationTypeCode": "1", "geoLevel": null, "vintage": null, "terminated": 0, "memberUomCode": null}, {"memberId": 16, "parentMemberId": null, "memberNameEn": "Miramichi, New Brunswick", "memberNameFr": "Miramichi, Nouveau-Brunswick", "classificationCode": "13329", "classificationTypeCode": "1", "geoLevel": null, "vintage": null, "terminated": 0, "memberUomCode": null}, {"memberId": 17, "parentMemberId": null, "memberNameEn": "Campbellton, New Brunswick", "memberNameFr": "Campbellton, Nouveau-Brunswick", "classificationCode": "13330", "classificationTypeCode": "1", "geoLevel": null, "vintage": null, "terminated": 0, "memberUomCode": null}, {"memberId": 18, "parentMemberId": null, "memberNameEn": "Edmundston, New Brunswick", "memberNameFr": "Edmundston, Nouveau-Brunswick", "classificationCode": "13335", "classificationTypeCode": "1", "geoLevel": null, "vintage": null, "terminated": 0, "memberUomCode": null}, {"memberId": 19, "parentMemberId": null, "memberNameEn": "Matane, Quebec", "memberNameFr": "Matane, Qu\u00e9bec", "classificationCode": "24403", "classificationTypeCode": "1", "geoLevel": null, "vintage": null, "terminated": 0, "memberUomCode": null}, {"memberId": 20, "parentMemberId": null, "memberNameEn": "Rimouski, Quebec", "memberNameFr": "Rimouski, Qu\u00e9bec", "classificationCode": "24404", "classificationTypeCode": "1", "geoLevel": null, "vintage": null, "terminated": 0, "memberUomCode": null}, {"memberId": 21, "parentMemberId": null, "memberNameEn": "Rivi\u00e8re-du-Loup, Quebec", "memberNameFr": "Rivi\u00e8re-du-Loup, Qu\u00e9bec", "classificationCode": "24405", "classificationTypeCode": "1", "geoLevel": null, "vintage": null, "terminated": 0, "memberUomCode": null}, {"memberId": 22, "parentMemberId": null, "memberNameEn": "Baie-Comeau, Quebec", "memberNameFr": "Baie-Comeau, Qu\u00e9bec", "classificationCode": "24406", "classificationTypeCode": "1", "geoLevel": null, "vintage": null, "terminated": 0, "memberUomCode": null}, {"memberId": 23, "parentMemberId": null, "memberNameEn": "Saguenay, Quebec", "memberNameFr": "Saguenay, Qu\u00e9bec", "classificationCode": "24408", "classificationTypeCode": "1", "geoLevel": null, "vintage": null, "terminated": 0, "memberUomCode": null}, {"memberId": 24, "parentMemberId": null, "memberNameEn": "Alma, Quebec", "memberNameFr": "Alma, Qu\u00e9bec", "classificationCode": "24410", "classificationTypeCode": "1", "geoLevel": null, "vintage": null, "terminated": 0, "memberUomCode": null}, {"memberId": 25, "parentMemberId": null, "memberNameEn": "Dolbeau-Mistassini, Quebec", "memberNameFr": "Dolbeau-Mistassini, Qu\u00e9bec", "classificationCode": "24411", "classificationTypeCode": "1", "geoLevel": null, "vintage": null, "terminated": 0, "memberUomCode": null}, {"memberId": 26, "parentMemberId": null, "memberNameEn": "Sept-\u00celes, Quebec", "memberNameFr": "Sept-\u00celes, Qu\u00e9bec", "classificationCode": "24412", "classificationTypeCode": "1", "geoLevel": null, "vintage": null, "terminated": 0, "memberUomCode": null}, {"memberId": 27, "parentMemberId": null, "memberNameEn": "Qu\u00e9bec, Quebec", "memberNameFr": "Quebec, Qu\u00e9bec", "classificationCode": "24421", "classificationTypeCode": "1", "geoLevel": null, "vintage": null, "terminated": 0, "memberUomCode": null}, {"memberId": 28, "parentMemberId": null, "memberNameEn": "Saint-Georges, Quebec", "memberNameFr": "Saint-Georges, Qu\u00e9bec", "classificationCode": "24428", "classificationTypeCode": "1", "geoLevel": null, "vintage": null, "terminated": 0, "memberUomCode": null}, {"memberId": 29, "parentMemberId": null, "memberNameEn": "Thetford Mines, Quebec", "memberNameFr": "Thetford Mines, Qu\u00e9bec", "classificationCode": "24430", "classificationTypeCode": "1", "geoLevel": null, "vintage": null, "terminated": 0, "memberUomCode": null}, {"memberId": 30, "parentMemberId": null, "memberNameEn": "Sherbrooke, Quebec", "memberNameFr": "Sherbrooke, Qu\u00e9bec", "classificationCode": "24433", "classificationTypeCode": "1", "geoLevel": null, "vintage": null, "terminated": 0, "memberUomCode": null}, {"memberId": 31, "parentMemberId": null, "memberNameEn": "Cowansville, Quebec", "memberNameFr": "Cowansville, Qu\u00e9bec", "classificationCode": "24437", "classificationTypeCode": "1", "geoLevel": null, "vintage": null, "terminated": 0, "memberUomCode": null}, {"memberId": 32, "parentMemberId": null, "memberNameEn": "Victoriaville, Quebec", "memberNameFr": "Victoriaville, Qu\u00e9bec", "classificationCode": "24440", "classificationTypeCode": "1", "geoLevel": null, "vintage": null, "terminated": 0, "memberUomCode": null}, {"memberId": 33, "parentMemberId": null, "memberNameEn": "Trois-Rivi\u00e8res, Quebec", "memberNameFr": "Trois-Rivi\u00e8res, Qu\u00e9bec", "classificationCode": "24442", "classificationTypeCode": "1", "geoLevel": null, "vintage": null, "terminated": 0, "memberUomCode": null}, {"memberId": 34, "parentMemberId": null, "memberNameEn": "Shawinigan, Quebec", "memberNameFr": "Shawinigan, Qu\u00e9bec", "classificationCode": "24444", "classificationTypeCode": "1", "geoLevel": null, "vintage": null, "terminated": 0, "memberUomCode": null}, {"memberId": 35, "parentMemberId": null, "memberNameEn": "Drummondville, Quebec", "memberNameFr": "Drummondville, Qu\u00e9bec", "classificationCode": "24447", "classificationTypeCode": "1", "geoLevel": null, "vintage": null, "terminated": 0, "memberUomCode": null}, {"memberId": 36, "parentMemberId": null, "memberNameEn": "Granby, Quebec", "memberNameFr": "Granby, Qu\u00e9bec", "classificationCode": "24450", "classificationTypeCode": "1", "geoLevel": null, "vintage": null, "terminated": 0, "memberUomCode": null}, {"memberId": 37, "parentMemberId": null, "memberNameEn": "Saint-Hyacinthe, Quebec", "memberNameFr": "Saint-Hyacinthe, Qu\u00e9bec", "classificationCode": "24452", "classificationTypeCode": "1", "geoLevel": null, "vintage": null, "terminated": 0, "memberUomCode": null}, {"memberId": 38, "parentMemberId": null, "memberNameEn": "Sorel-Tracy, Quebec", "memberNameFr": "Sorel-Tracy, Qu\u00e9bec", "classificationCode": "24454", "classificationTypeCode": "1", "geoLevel": null, "vintage": null, "terminated": 0, "memberUomCode": null}, {"memberId": 39, "parentMemberId": null, "memberNameEn": "Joliette, Quebec", "memberNameFr": "Joliette, Qu\u00e9bec", "classificationCode": "24456", "classificationTypeCode": "1", "geoLevel": null, "vintage": null, "terminated": 0, "memberUomCode": null}, {"memberId": 40, "parentMemberId": null, "memberNameEn": "Saint-Jean-sur-Richelieu, Quebec", "memberNameFr": "Saint-Jean-sur-Richelieu, Qu\u00e9bec", "classificationCode": "24459", "classificationTypeCode": "1", "geoLevel": null, "vintage": null, "terminated": 0, "memberUomCode": null}, {"memberId": 41, "parentMemberId": null, "memberNameEn": "Montr\u00e9al, Quebec", "memberNameFr": "Montreal, Qu\u00e9bec", "classificationCode": "24462", "classificationTypeCode": "1", "geoLevel": null, "vintage": null, "terminated": 0, "memberUomCode": null}, {"memberId": 42, "parentMemberId": null, "memberNameEn": "Salaberry-de-Valleyfield, Quebec", "memberNameFr": "Salaberry-de-Valleyfield, Qu\u00e9bec", "classificationCode": "24465", "classificationTypeCode": "1", "geoLevel": null, "vintage": null, "terminated": 0, "memberUomCode": null}, {"memberId": 43, "parentMemberId": null, "memberNameEn": "Lachute, Quebec", "memberNameFr": "Lachute, Qu\u00e9bec", "classificationCode": "24468", "classificationTypeCode": "1", "geoLevel": null, "vintage": null, "terminated": 0, "memberUomCode": null}, {"memberId": 44, "parentMemberId": null, "memberNameEn": "Val-d'Or, Quebec", "memberNameFr": "Val-d'Or, Qu\u00e9bec", "classificationCode": "24480", "classificationTypeCode": "1", "geoLevel": null, "vintage": null, "terminated": 0, "memberUomCode": null}, {"memberId": 45, "parentMemberId": null, "memberNameEn": "Amos, Quebec", "memberNameFr": "Amos, Qu\u00e9bec", "classificationCode": "24481", "classificationTypeCode": "1", "geoLevel": null, "vintage": null, "terminated": 0, "memberUomCode": null}, {"memberId": 46, "parentMemberId": null, "memberNameEn": "Rouyn-Noranda, Quebec", "memberNameFr": "Rouyn-Noranda, Qu\u00e9bec", "classificationCode": "24485", "classificationTypeCode": "1", "geoLevel": null, "vintage": null, "terminated": 0, "memberUomCode": null}, {"memberId": 47, "parentMemberId": null, "memberNameEn": "Cornwall, Ontario", "memberNameFr": "Cornwall, Ontario", "classificationCode": "35501", "classificationTypeCode": "1", "geoLevel": null, "vintage": null, "terminated": 0, "memberUomCode": null}, {"memberId": 48, "parentMemberId": null, "memberNameEn": "Hawkesbury, Ontario/Quebec", "memberNameFr": "Hawkesbury, Ontario/Qu\u00e9bec", "classificationCode": "35502, 24502", "classificationTypeCode": "1", "geoLevel": null, "vintage": null, "terminated": 0, "memberUomCode": null}, {"memberId": 49, "parentMemberId": null, "memberNameEn": "Ottawa-Gatineau, Ontario/Quebec", "memberNameFr": "Ottawa-Gatineau, Ontario/Qu\u00e9bec", "classificationCode": "24505, 35505", "classificationTypeCode": "1", "geoLevel": null, "vintage": null, "terminated": 0, "memberUomCode": null}, {"memberId": 50, "parentMemberId": null, "memberNameEn": "Brockville, Ontario", "memberNameFr": "Brockville, Ontario", "classificationCode": "35512", "classificationTypeCode": "1", "geoLevel": null, "vintage": null, "terminated": 0, "memberUomCode": null}, {"memberId": 51, "parentMemberId": null, "memberNameEn": "Pembroke, Ontario", "memberNameFr": "Pembroke, Ontario", "classificationCode": "35515", "classificationTypeCode": "1", "geoLevel": null, "vintage": null, "terminated": 0, "memberUomCode": null}, {"memberId": 52, "parentMemberId": null, "memberNameEn": "Petawawa, Ontario", "memberNameFr": "Petawawa, Ontario", "classificationCode": "35516", "classificationTypeCode": "1", "geoLevel": null, "vintage": null, "terminated": 0, "memberUomCode": null}, {"memberId": 53, "parentMemberId": null, "memberNameEn": "Kingston, Ontario", "memberNameFr": "Kingston, Ontario", "classificationCode": "35521", "classificationTypeCode": "1", "geoLevel": null, "vintage": null, "terminated": 0, "memberUomCode": null}, {"memberId": 54, "parentMemberId": null, "memberNameEn": "Belleville, Ontario", "memberNameFr": "Belleville, Ontario", "classificationCode": "35522", "classificationTypeCode": "1", "geoLevel": null, "vintage": null, "terminated": 0, "memberUomCode": null}, {"memberId": 55, "parentMemberId": null, "memberNameEn": "Cobourg, Ontario", "memberNameFr": "Cobourg, Ontario", "classificationCode": "35527", "classificationTypeCode": "1", "geoLevel": null, "vintage": null, "terminated": 0, "memberUomCode": null}, {"memberId": 56, "parentMemberId": null, "memberNameEn": "Port Hope, Ontario", "memberNameFr": "Port Hope, Ontario", "classificationCode": "35528", "classificationTypeCode": "1", "geoLevel": null, "vintage": null, "terminated": 0, "memberUomCode": null}, {"memberId": 57, "parentMemberId": null, "memberNameEn": "Peterborough, Ontario", "memberNameFr": "Peterborough, Ontario", "classificationCode": "35529", "classificationTypeCode": "1", "geoLevel": null, "vintage": null, "terminated": 0, "memberUomCode": null}, {"memberId": 58, "parentMemberId": null, "memberNameEn": "Kawartha Lakes, Ontario", "memberNameFr": "Kawartha Lakes, Ontario", "classificationCode": "35530", "classificationTypeCode": "1", "geoLevel": null, "vintage": null, "terminated": 0, "memberUomCode": null}, {"memberId": 59, "parentMemberId": null, "memberNameEn": "Centre Wellington, Ontario", "memberNameFr": "Centre Wellington, Ontario", "classificationCode": "35531", "classificationTypeCode": "1", "geoLevel": null, "vintage": null, "terminated": 0, "memberUomCode": null}, {"memberId": 60, "parentMemberId": null, "memberNameEn": "Oshawa, Ontario", "memberNameFr": "Oshawa, Ontario", "classificationCode": "35532", "classificationTypeCode": "1", "geoLevel": null, "vintage": null, "terminated": 0, "memberUomCode": null}, {"memberId": 61, "parentMemberId": null, "memberNameEn": "Ingersoll, Ontario", "memberNameFr": "Ingersoll, Ontario", "classificationCode": "35533", "classificationTypeCode": "1", "geoLevel": null, "vintage": null, "terminated": 0, "memberUomCode": null}, {"memberId": 62, "parentMemberId": null, "memberNameEn": "Toronto, Ontario", "memberNameFr": "Toronto, Ontario", "classificationCode": "35535", "classificationTypeCode": "1", "geoLevel": null, "vintage": null, "terminated": 0, "memberUomCode": null}, {"memberId": 63, "parentMemberId": null, "memberNameEn": "Hamilton, Ontario", "memberNameFr": "Hamilton, Ontario", "classificationCode": "35537", "classificationTypeCode": "1", "geoLevel": null, "vintage": null, "terminated": 0, "memberUomCode": null}, {"memberId": 64, "parentMemberId": null, "memberNameEn": "St. Catherines-Niagara, Ontario", "memberNameFr": "St. Catherines-Niagara, Ontario", "classificationCode": "35539", "classificationTypeCode": "1", "geoLevel": null, "vintage": null, "terminated": 0, "memberUomCode": null}, {"memberId": 65, "parentMemberId": null, "memberNameEn": "Kitchener-Cambridge-Waterloo, Ontario", "memberNameFr": "Kitchener-Cambridge-Waterloo, Ontario", "classificationCode": "35541", "classificationTypeCode": "1", "geoLevel": null, "vintage": null, "terminated": 0, "memberUomCode": null}, {"memberId": 66, "parentMemberId": null, "memberNameEn": "Brantford, Ontario", "memberNameFr": "Brantford, Ontario", "classificationCode": "35543", "classificationTypeCode": "1", "geoLevel": null, "vintage": null, "terminated": 0, "memberUomCode": null}, {"memberId": 67, "parentMemberId": null, "memberNameEn": "Woodstock, Ontario", "memberNameFr": "Woodstock, Ontario", "classificationCode": "35544", "classificationTypeCode": "1", "geoLevel": null, "vintage": null, "terminated": 0, "memberUomCode": null}, {"memberId": 68, "parentMemberId": null, "memberNameEn": "Tillsonburg, Ontario", "memberNameFr": "Tillsonburg, Ontario", "classificationCode": "35546", "classificationTypeCode": "1", "geoLevel": null, "vintage": null, "terminated": 0, "memberUomCode": null}, {"memberId": 69, "parentMemberId": null, "memberNameEn": "Norfolk, Ontario", "memberNameFr": "Norfolk, Ontario", "classificationCode": "35547", "classificationTypeCode": "1", "geoLevel": null, "vintage": null, "terminated": 0, "memberUomCode": null}, {"memberId": 70, "parentMemberId": null, "memberNameEn": "Guelph, Ontario", "memberNameFr": "Guelph, Ontario", "classificationCode": "35550", "classificationTypeCode": "1", "geoLevel": null, "vintage": null, "terminated": 0, "memberUomCode": null}, {"memberId": 71, "parentMemberId": null, "memberNameEn": "Stratford, Ontario", "memberNameFr": "Stratford, Ontario", "classificationCode": "35553", "classificationTypeCode": "1", "geoLevel": null, "vintage": null, "terminated": 0, "memberUomCode": null}, {"memberId": 72, "parentMemberId": null, "memberNameEn": "London, Ontario", "memberNameFr": "London, Ontario", "classificationCode": "35555", "classificationTypeCode": "1", "geoLevel": null, "vintage": null, "terminated": 0, "memberUomCode": null}, {"memberId": 73, "parentMemberId": null, "memberNameEn": "Chatham-Kent, Ontario", "memberNameFr": "Chatham-Kent, Ontario", "classificationCode": "35556", "classificationTypeCode": "1", "geoLevel": null, "vintage": null, "terminated": 0, "memberUomCode": null}, {"memberId": 74, "parentMemberId": null, "memberNameEn": "Leamington, Ontario", "memberNameFr": "Leamington, Ontario", "classificationCode": "35557", "classificationTypeCode": "1", "geoLevel": null, "vintage": null, "terminated": 0, "memberUomCode": null}, {"memberId": 75, "parentMemberId": null, "memberNameEn": "Windsor, Ontario", "memberNameFr": "Windsor, Ontario", "classificationCode": "35559", "classificationTypeCode": "1", "geoLevel": null, "vintage": null, "terminated": 0, "memberUomCode": null}, {"memberId": 76, "parentMemberId": null, "memberNameEn": "Sarnia, Ontario", "memberNameFr": "Sarnia, Ontario", "classificationCode": "35562", "classificationTypeCode": "1", "geoLevel": null, "vintage": null, "terminated": 0, "memberUomCode": null}, {"memberId": 77, "parentMemberId": null, "memberNameEn": "Owen Sound, Ontario", "memberNameFr": "Owen Sound, Ontario", "classificationCode": "35566", "classificationTypeCode": "1", "geoLevel": null, "vintage": null, "terminated": 0, "memberUomCode": null}, {"memberId": 78, "parentMemberId": null, "memberNameEn": "Collingwood, Ontario", "memberNameFr": "Collingwood, Ontario", "classificationCode": "35567", "classificationTypeCode": "1", "geoLevel": null, "vintage": null, "terminated": 0, "memberUomCode": null}, {"memberId": 79, "parentMemberId": null, "memberNameEn": "Barrie, Ontario", "memberNameFr": "Barrie, Ontario", "classificationCode": "35568", "classificationTypeCode": "1", "geoLevel": null, "vintage": null, "terminated": 0, "memberUomCode": null}, {"memberId": 80, "parentMemberId": null, "memberNameEn": "Orillia, Ontario", "memberNameFr": "Orillia, Ontario", "classificationCode": "35569", "classificationTypeCode": "1", "geoLevel": null, "vintage": null, "terminated": 0, "memberUomCode": null}, {"memberId": 81, "parentMemberId": null, "memberNameEn": "Midland, Ontario", "memberNameFr": "Midland, Ontario", "classificationCode": "35571", "classificationTypeCode": "1", "geoLevel": null, "vintage": null, "terminated": 0, "memberUomCode": null}, {"memberId": 82, "parentMemberId": null, "memberNameEn": "North Bay, Ontario", "memberNameFr": "North Bay, Ontario", "classificationCode": "35575", "classificationTypeCode": "1", "geoLevel": null, "vintage": null, "terminated": 0, "memberUomCode": null}, {"memberId": 83, "parentMemberId": null, "memberNameEn": "Greater Sudbury, Ontario", "memberNameFr": "Greater Sudbury, Ontario", "classificationCode": "35580", "classificationTypeCode": "1", "geoLevel": null, "vintage": null, "terminated": 0, "memberUomCode": null}, {"memberId": 84, "parentMemberId": null, "memberNameEn": "Elliot Lake, Ontario", "memberNameFr": "Elliot Lake, Ontario", "classificationCode": "35582", "classificationTypeCode": "1", "geoLevel": null, "vintage": null, "terminated": 0, "memberUomCode": null}, {"memberId": 85, "parentMemberId": null, "memberNameEn": "Temiskaming  Shores, Ontario", "memberNameFr": "Temiskaming  Shores, Ontario", "classificationCode": "35584", "classificationTypeCode": "1", "geoLevel": null, "vintage": null, "terminated": 0, "memberUomCode": null}, {"memberId": 86, "parentMemberId": null, "memberNameEn": "Timmins, Ontario", "memberNameFr": "Timmins, Ontario", "classificationCode": "35586", "classificationTypeCode": "1", "geoLevel": null, "vintage": null, "terminated": 0, "memberUomCode": null}, {"memberId": 87, "parentMemberId": null, "memberNameEn": "Sault Ste. Marie, Ontario", "memberNameFr": "Sault Ste. Marie, Ontario", "classificationCode": "35590", "classificationTypeCode": "1", "geoLevel": null, "vintage": null, "terminated": 0, "memberUomCode": null}, {"memberId": 88, "parentMemberId": null, "memberNameEn": "Thunder Bay, Ontario", "memberNameFr": "Thunder Bay, Ontario", "classificationCode": "35595", "classificationTypeCode": "1", "geoLevel": null, "vintage": null, "terminated": 0, "memberUomCode": null}, {"memberId": 89, "parentMemberId": null, "memberNameEn": "Kenora, Ontario", "memberNameFr": "Kenora, Ontario", "classificationCode": "35598", "classificationTypeCode": "1", "geoLevel": null, "vintage": null, "terminated": 0, "memberUomCode": null}, {"memberId": 90, "parentMemberId": null, "memberNameEn": "Winnipeg, Manitoba", "memberNameFr": "Winnipeg, Manitoba", "classificationCode": "46602", "classificationTypeCode": "1", "geoLevel": null, "vintage": null, "terminated": 0, "memberUomCode": null}, {"memberId": 91, "parentMemberId": null, "memberNameEn": "Steinbach, Manitoba", "memberNameFr": "Steinbach, Manitoba", "classificationCode": "46605", "classificationTypeCode": "1", "geoLevel": null, "vintage": null, "terminated": 0, "memberUomCode": null}, {"memberId": 92, "parentMemberId": null, "memberNameEn": "Portage la Prairie, Manitoba", "memberNameFr": "Portage la Prairie, Manitoba", "classificationCode": "46607", "classificationTypeCode": "1", "geoLevel": null, "vintage": null, "terminated": 0, "memberUomCode": null}, {"memberId": 93, "parentMemberId": null, "memberNameEn": "Brandon, Manitoba", "memberNameFr": "Brandon, Manitoba", "classificationCode": "46610", "classificationTypeCode": "1", "geoLevel": null, "vintage": null, "terminated": 0, "memberUomCode": null}, {"memberId": 94, "parentMemberId": null, "memberNameEn": "Thompson, Manitoba", "memberNameFr": "Thompson, Manitoba", "classificationCode": "46640", "classificationTypeCode": "1", "geoLevel": null, "vintage": null, "terminated": 0, "memberUomCode": null}, {"memberId": 95, "parentMemberId": null, "memberNameEn": "Regina, Saskatchewan", "memberNameFr": "Regina, Saskatchewan", "classificationCode": "47705", "classificationTypeCode": "1", "geoLevel": null, "vintage": null, "terminated": 0, "memberUomCode": null}, {"memberId": 96, "parentMemberId": null, "memberNameEn": "Yorkton, Saskatchewan", "memberNameFr": "Yorkton, Saskatchewan", "classificationCode": "47710", "classificationTypeCode": "1", "geoLevel": null, "vintage": null, "terminated": 0, "memberUomCode": null}, {"memberId": 97, "parentMemberId": null, "memberNameEn": "Moose Jaw, Saskatchewan", "memberNameFr": "Moose Jaw, Saskatchewan", "classificationCode": "47715", "classificationTypeCode": "1", "geoLevel": null, "vintage": null, "terminated": 0, "memberUomCode": null}, {"memberId": 98, "parentMemberId": null, "memberNameEn": "Swift Current, Saskatchewan", "memberNameFr": "Swift Current, Saskatchewan", "classificationCode": "47720", "classificationTypeCode": "1", "geoLevel": null, "vintage": null, "terminated": 0, "memberUomCode": null}, {"memberId": 99, "parentMemberId": null, "memberNameEn": "Saskatoon, Saskatchewan", "memberNameFr": "Saskatoon, Saskatchewan", "classificationCode": "47725", "classificationTypeCode": "1", "geoLevel": null, "vintage": null, "terminated": 0, "memberUomCode": null}, {"memberId": 100, "parentMemberId": null, "memberNameEn": "North Battleford, Saskatchewan", "memberNameFr": "North Battleford, Saskatchewan", "classificationCode": "47735", "classificationTypeCode": "1", "geoLevel": null, "vintage": null, "terminated": 0, "memberUomCode": null}, {"memberId": 101, "parentMemberId": null, "memberNameEn": "Prince Albert, Saskatchewan", "memberNameFr": "Prince Albert, Saskatchewan", "classificationCode": "47745", "classificationTypeCode": "1", "geoLevel": null, "vintage": null, "terminated": 0, "memberUomCode": null}, {"memberId": 102, "parentMemberId": null, "memberNameEn": "Estevan, Saskatchewan", "memberNameFr": "Estevan, Saskatchewan", "classificationCode": "47750", "classificationTypeCode": "1", "geoLevel": null, "vintage": null, "terminated": 0, "memberUomCode": null}, {"memberId": 103, "parentMemberId": null, "memberNameEn": "Medicine Hat, Alberta", "memberNameFr": "Medicine Hat, Alberta", "classificationCode": "48805", "classificationTypeCode": "1", "geoLevel": null, "vintage": null, "terminated": 0, "memberUomCode": null}, {"memberId": 104, "parentMemberId": null, "memberNameEn": "Brooks, Alberta", "memberNameFr": "Brooks, Alberta", "classificationCode": "48806", "classificationTypeCode": "1", "geoLevel": null, "vintage": null, "terminated": 0, "memberUomCode": null}, {"memberId": 105, "parentMemberId": null, "memberNameEn": "Lethbridge, Alberta", "memberNameFr": "Lethbridge, Alberta", "classificationCode": "48810", "classificationTypeCode": "1", "geoLevel": null, "vintage": null, "terminated": 0, "memberUomCode": null}, {"memberId": 106, "parentMemberId": null, "memberNameEn": "Okotoks, Alberta", "memberNameFr": "Okotoks, Alberta", "classificationCode": "48820", "classificationTypeCode": "1", "geoLevel": null, "vintage": null, "terminated": 0, "memberUomCode": null}, {"memberId": 107, "parentMemberId": null, "memberNameEn": "High River, Alberta", "memberNameFr": "High River, Alberta", "classificationCode": "48821", "classificationTypeCode": "1", "geoLevel": null, "vintage": null, "terminated": 0, "memberUomCode": null}, {"memberId": 108, "parentMemberId": null, "memberNameEn": "Calgary, Alberta", "memberNameFr": "Calgary, Alberta", "classificationCode": "48825", "classificationTypeCode": "1", "geoLevel": null, "vintage": null, "terminated": 0, "memberUomCode": null}, {"memberId": 109, "parentMemberId": null, "memberNameEn": "Strathmore, Alberta", "memberNameFr": "Strathmore, Alberta", "classificationCode": "48826", "classificationTypeCode": "1", "geoLevel": null, "vintage": null, "terminated": 0, "memberUomCode": null}, {"memberId": 110, "parentMemberId": null, "memberNameEn": "Canmore, Alberta", "memberNameFr": "Canmore, Alberta", "classificationCode": "48828", "classificationTypeCode": "1", "geoLevel": null, "vintage": null, "terminated": 0, "memberUomCode": null}, {"memberId": 111, "parentMemberId": null, "memberNameEn": "Red Deer, Alberta", "memberNameFr": "Red Deer, Alberta", "classificationCode": "48830", "classificationTypeCode": "1", "geoLevel": null, "vintage": null, "terminated": 0, "memberUomCode": null}, {"memberId": 112, "parentMemberId": null, "memberNameEn": "Sylvan Lake, Alberta", "memberNameFr": "Sylvan Lake, Alberta", "classificationCode": "48831", "classificationTypeCode": "1", "geoLevel": null, "vintage": null, "terminated": 0, "memberUomCode": null}, {"memberId": 113, "parentMemberId": null, "memberNameEn": "Lacombe, Alberta", "memberNameFr": "Lacombe, Alberta", "classificationCode": "48832", "classificationTypeCode": "1", "geoLevel": null, "vintage": null, "terminated": 0, "memberUomCode": null}, {"memberId": 114, "parentMemberId": null, "memberNameEn": "Camrose, Alberta", "memberNameFr": "Camrose, Alberta", "classificationCode": "48833", "classificationTypeCode": "1", "geoLevel": null, "vintage": null, "terminated": 0, "memberUomCode": null}, {"memberId": 115, "parentMemberId": null, "memberNameEn": "Edmonton, Alberta", "memberNameFr": "Edmonton, Alberta", "classificationCode": "48835", "classificationTypeCode": "1", "geoLevel": null, "vintage": null, "terminated": 0, "memberUomCode": null}, {"memberId": 116, "parentMemberId": null, "memberNameEn": "Lloydminster, Saskatchewan/Alberta", "memberNameFr": "Lloydminster, Saskatchewan/Alberta", "classificationCode": "47840, 48840", "classificationTypeCode": "1", "geoLevel": null, "vintage": null, "terminated": 0, "memberUomCode": null}, {"memberId": 117, "parentMemberId": null, "memberNameEn": "Cold Lake, Alberta", "memberNameFr": "Cold Lake, Alberta", "classificationCode": "48845", "classificationTypeCode": "1", "geoLevel": null, "vintage": null, "terminated": 0, "memberUomCode": null}, {"memberId": 118, "parentMemberId": null, "memberNameEn": "Grande Prairie, Alberta", "memberNameFr": "Grande Prairie, Alberta", "classificationCode": "48850", "classificationTypeCode": "1", "geoLevel": null, "vintage": null, "terminated": 0, "memberUomCode": null}, {"memberId": 119, "parentMemberId": null, "memberNameEn": "Wood Buffalo, Alberta", "memberNameFr": "Wood Buffalo, Alberta", "classificationCode": "48860", "classificationTypeCode": "1", "geoLevel": null, "vintage": null, "terminated": 0, "memberUomCode": null}, {"memberId": 120, "parentMemberId": null, "memberNameEn": "Wetaskiwin, Alberta", "memberNameFr": "Wetaskiwin, Alberta", "classificationCode": "48865", "classificationTypeCode": "1", "geoLevel": null, "vintage": null, "terminated": 0, "memberUomCode": null}, {"memberId": 121, "parentMemberId": null, "memberNameEn": "Cranbrook, British Columbia", "memberNameFr": "Cranbrook, Colombie-Britannique", "classificationCode": "59905", "classificationTypeCode": "1", "geoLevel": null, "vintage": null, "terminated": 0, "memberUomCode": null}, {"memberId": 122, "parentMemberId": null, "memberNameEn": "Penticton, British Columbia", "memberNameFr": "Penticton, Colombie-Britannique", "classificationCode": "59913", "classificationTypeCode": "1", "geoLevel": null, "vintage": null, "terminated": 0, "memberUomCode": null}, {"memberId": 123, "parentMemberId": null, "memberNameEn": "Kelowna, British Columbia", "memberNameFr": "Kelowna, Colombie-Britannique", "classificationCode": "59915", "classificationTypeCode": "1", "geoLevel": null, "vintage": null, "terminated": 0, "memberUomCode": null}, {"memberId": 124, "parentMemberId": null, "memberNameEn": "Vernon, British Columbia", "memberNameFr": "Vernon, Colombie-Britannique", "classificationCode": "59918", "classificationTypeCode": "1", "geoLevel": null, "vintage": null, "terminated": 0, "memberUomCode": null}, {"memberId": 125, "parentMemberId": null, "memberNameEn": "Salmon Arm, British Columbia", "memberNameFr": "Salmon Arm, Colombie-Britannique", "classificationCode": "59920", "classificationTypeCode": "1", "geoLevel": null, "vintage": null, "terminated": 0, "memberUomCode": null}, {"memberId": 126, "parentMemberId": null, "memberNameEn": "Kamloops, British Columbia", "memberNameFr": "Kamloops, Colombie-Britannique", "classificationCode": "59925", "classificationTypeCode": "1", "geoLevel": null, "vintage": null, "terminated": 0, "memberUomCode": null}, {"memberId": 127, "parentMemberId": null, "memberNameEn": "Chilliwack, British Columbia", "memberNameFr": "Chilliwack, Colombie-Britannique", "classificationCode": "59930", "classificationTypeCode": "1", "geoLevel": null, "vintage": null, "terminated": 0, "memberUomCode": null}, {"memberId": 128, "parentMemberId": null, "memberNameEn": "Abbotsford-Mission, British Columbia", "memberNameFr": "Abbotsford-Mission, Colombie-Britannique", "classificationCode": "59932", "classificationTypeCode": "1", "geoLevel": null, "vintage": null, "terminated": 0, "memberUomCode": null}, {"memberId": 129, "parentMemberId": null, "memberNameEn": "Vancouver, British Columbia", "memberNameFr": "Vancouver, Colombie-Britannique", "classificationCode": "59933", "classificationTypeCode": "1", "geoLevel": null, "vintage": null, "terminated": 0, "memberUomCode": null}, {"memberId": 130, "parentMemberId": null, "memberNameEn": "Squamish, British Columbia", "memberNameFr": "Squamish, Colombie-Britannique", "classificationCode": "59934", "classificationTypeCode": "1", "geoLevel": null, "vintage": null, "terminated": 0, "memberUomCode": null}, {"memberId": 131, "parentMemberId": null, "memberNameEn": "Victoria, British Columbia", "memberNameFr": "Victoria, Colombie-Britannique", "classificationCode": "59935", "classificationTypeCode": "1", "geoLevel": null, "vintage": null, "terminated": 0, "memberUomCode": null}, {"memberId": 132, "parentMemberId": null, "memberNameEn": "Duncan, British Columbia", "memberNameFr": "Duncan, Colombie-Britannique", "classificationCode": "59937", "classificationTypeCode": "1", "geoLevel": null, "vintage": null, "terminated": 0, "memberUomCode": null}, {"memberId": 133, "parentMemberId": null, "memberNameEn": "Nanaimo, British Columbia", "memberNameFr": "Nanaimo, Colombie-Britannique", "classificationCode": "59938", "classificationTypeCode": "1", "geoLevel": null, "vintage": null, "terminated": 0, "memberUomCode": null}, {"memberId": 134, "parentMemberId": null, "memberNameEn": "Parksville, British Columbia", "memberNameFr": "Parksville, Colombie-Britannique", "classificationCode": "59939", "classificationTypeCode": "1", "geoLevel": null, "vintage": null, "terminated": 0, "memberUomCode": null}, {"memberId": 135, "parentMemberId": null, "memberNameEn": "Port Alberni, British Columbia", "memberNameFr": "Port Alberni, Colombie-Britannique", "classificationCode": "59940", "classificationTypeCode": "1", "geoLevel": null, "vintage": null, "terminated": 0, "memberUomCode": null}, {"memberId": 136, "parentMemberId": null, "memberNameEn": "Courtenay, British Columbia", "memberNameFr": "Courtenay, Colombie-Britannique", "classificationCode": "59943", "classificationTypeCode": "1", "geoLevel": null, "vintage": null, "terminated": 0, "memberUomCode": null}, {"memberId": 137, "parentMemberId": null, "memberNameEn": "Campbell River, British Columbia", "memberNameFr": "Campbell River, Colombie-Britannique", "classificationCode": "59944", "classificationTypeCode": "1", "geoLevel": null, "vintage": null, "terminated": 0, "memberUomCode": null}, {"memberId": 138, "parentMemberId": null, "memberNameEn": "Powell River, British Columbia", "memberNameFr": "Powell River, Colombie-Britannique", "classificationCode": "59945", "classificationTypeCode": "1", "geoLevel": null, "vintage": null, "terminated": 0, "memberUomCode": null}, {"memberId": 139, "parentMemberId": null, "memberNameEn": "Williams Lake, British Columbia", "memberNameFr": "Williams Lake, Colombie-Britannique", "classificationCode": "59950", "classificationTypeCode": "1", "geoLevel": null, "vintage": null, "terminated": 0, "memberUomCode": null}, {"memberId": 140, "parentMemberId": null, "memberNameEn": "Quesnel, British Columbia", "memberNameFr": "Quesnel, Colombie-Britannique", "classificationCode": "59952", "classificationTypeCode": "1", "geoLevel": null, "vintage": null, "terminated": 0, "memberUomCode": null}, {"memberId": 141, "parentMemberId": null, "memberNameEn": "Prince Rupert, British Columbia", "memberNameFr": "Prince Rupert, Colombie-Britannique", "classificationCode": "59955", "classificationTypeCode": "1", "geoLevel": null, "vintage": null, "terminated": 0, "memberUomCode": null}, {"memberId": 142, "parentMemberId": null, "memberNameEn": "Terrace, British Columbia", "memberNameFr": "Terrace, Colombie-Britannique", "classificationCode": "59965", "classificationTypeCode": "1", "geoLevel": null, "vintage": null, "terminated": 0, "memberUomCode": null}, {"memberId": 143, "parentMemberId": null, "memberNameEn": "Prince George, British Columbia", "memberNameFr": "Prince George, Colombie-Britannique", "classificationCode": "59970", "classificationTypeCode": "1", "geoLevel": null, "vintage": null, "terminated": 0, "memberUomCode": null}, {"memberId": 144, "parentMemberId": null, "memberNameEn": "Dawson Creek, British Columbia", "memberNameFr": "Dawson Creek, Colombie-Britannique", "classificationCode": "59975", "classificationTypeCode": "1", "geoLevel": null, "vintage": null, "terminated": 0, "memberUomCode": null}, {"memberId": 145, "parentMemberId": null, "memberNameEn": "Fort St. John, British Columbia", "memberNameFr": "Fort St. John, Colombie-Britannique", "classificationCode": "59977", "classificationTypeCode": "1", "geoLevel": null, "vintage": null, "terminated": 0, "memberUomCode": null}, {"memberId": 146, "parentMemberId": null, "memberNameEn": "Whitehorse, Yukon", "memberNameFr": "Whitehorse, Yukon", "classificationCode": "60990", "classificationTypeCode": "1", "geoLevel": null, "vintage": null, "terminated": 0, "memberUomCode": null}, {"memberId": 147, "parentMemberId": null, "memberNameEn": "Yellowknife, Northwest Territories", "memberNameFr": "Yellowknife, Territoires du Nord-Ouest", "classificationCode": "61995", "classificationTypeCode": "1", "geoLevel": null, "vintage": null, "terminated": 0, "memberUomCode": null}, {"memberId": 148, "parentMemberId": null, "memberNameEn": "Other regions of Newfoundland and Labrador", "memberNameFr": "Autres r\u00e9gions de Terre-Neuve-et-Labrador", "classificationCode": null, "classificationTypeCode": null, "geoLevel": null, "vintage": null, "terminated": 0, "memberUomCode": null}, {"memberId": 149, "parentMemberId": null, "memberNameEn": "Other regions of Prince Edward Island", "memberNameFr": "Autres r\u00e9gions de l'\u00cele-du-Prince-\u00c9douard", "classificationCode": null, "classificationTypeCode": null, "geoLevel": null, "vintage": null, "terminated": 0, "memberUomCode": null}, {"memberId": 150, "parentMemberId": null, "memberNameEn": "Other regions of Nova Scotia", "memberNameFr": "Autres r\u00e9gions de la Nouvelle-\u00c9cosse", "classificationCode": null, "classificationTypeCode": null, "geoLevel": null, "vintage": null, "terminated": 0, "memberUomCode": null}, {"memberId": 151, "parentMemberId": null, "memberNameEn": "Other regions of New Brunswick", "memberNameFr": "Autres r\u00e9gions du Nouveau-Brunswick", "classificationCode": null, "classificationTypeCode": null, "geoLevel": null, "vintage": null, "terminated": 0, "memberUomCode": null}, {"memberId": 152, "parentMemberId": null, "memberNameEn": "Other regions of Qu\u00e9bec", "memberNameFr": "Autres r\u00e9gions du Qu\u00e9bec", "classificationCode": null, "classificationTypeCode": null, "geoLevel": null, "vintage": null, "terminated": 0, "memberUomCode": null}, {"memberId": 153, "parentMemberId": null, "memberNameEn": "Other regions of Ontario", "memberNameFr": "Autres r\u00e9gions de l'Ontario", "classificationCode": null, "classificationTypeCode": null, "geoLevel": null, "vintage": null, "terminated": 0, "memberUomCode": null}, {"memberId": 154, "parentMemberId": null, "memberNameEn": "Other regions of Manitoba", "memberNameFr": "Autres r\u00e9gions du Manitoba", "classificationCode": null, "classificationTypeCode": null, "geoLevel": null, "vintage": null, "terminated": 0, "memberUomCode": null}, {"memberId": 155, "parentMemberId": null, "memberNameEn": "Other regions of Saskatchewan", "memberNameFr": "Autres r\u00e9gions de la Saskatchewan", "classificationCode": null, "classificationTypeCode": null, "geoLevel": null, "vintage": null, "terminated": 0, "memberUomCode": null}, {"memberId": 156, "parentMemberId": null, "memberNameEn": "Other regions of Alberta", "memberNameFr": "Autres r\u00e9gions de l'Alberta", "classificationCode": null, "classificationTypeCode": null, "geoLevel": null, "vintage": null, "terminated": 0, "memberUomCode": null}, {"memberId": 157, "parentMemberId": null, "memberNameEn": "Other regions of British Columbia", "memberNameFr": "Autres r\u00e9gions de la Colombie-Britannique", "classificationCode": null, "classificationTypeCode": null, "geoLevel": null, "vintage": null, "terminated": 0, "memberUomCode": null}, {"memberId": 158, "parentMemberId": null, "memberNameEn": "Other regions of Northwest Territories", "memberNameFr": "Autres r\u00e9gions des Territoires-du-Nord-Ouest", "classificationCode": null, "classificationTypeCode": null, "geoLevel": null, "vintage": null, "terminated": 0, "memberUomCode": null}, {"memberId": 159, "parentMemberId": null, "memberNameEn": "Other regions of Yukon Territory", "memberNameFr": "Autres r\u00e9gions du Yukon", "classificationCode": null, "classificationTypeCode": null, "geoLevel": null, "vintage": null, "terminated": 0, "memberUomCode": null}, {"memberId": 160, "parentMemberId": null, "memberNameEn": "Other regions of Nunavut", "memberNameFr": "Autres r\u00e9gions du Nunavut", "classificationCode": null, "classificationTypeCode": null, "geoLevel": null, "vintage": null, "terminated": 0, "memberUomCode": null}, {"memberId": 161, "parentMemberId": null, "memberNameEn": "Other Non-Residents", "memberNameFr": "Autres Non-r\u00e9sidents", "classificationCode": null, "classificationTypeCode": null, "geoLevel": null, "vintage": null, "terminated": 0, "memberUomCode": null}]}, {"dimensionPositionId": 2, "dimensionNameEn": "Filing method", "dimensionNameFr": "M\u00e9thode de production", "hasUom": false, "member": [{"memberId": 1, "parentMemberId": null, "memberNameEn": "Paper", "memberNameFr": "Papier", "classificationCode": null, "classificationTypeCode": null, "geoLevel": null, "vintage": null, "terminated": 0, "memberUomCode": null}, {"memberId": 2, "parentMemberId": null, "memberNameEn": "Netfile", "memberNameFr": "Imp\u00f4tNet", "classificationCode": null, "classificationTypeCode": null, "geoLevel": null, "vintage": null, "terminated": 0, "memberUomCode": null}, {"memberId": 3, "parentMemberId": null, "memberNameEn": "Efile", "memberNameFr": "TED", "classificationCode": null, "classificationTypeCode": null, "geoLevel": null, "vintage": null, "terminated": 0, "memberUomCode": null}]}, {"dimensionPositionId": 3, "dimensionNameEn": "Major source of income", "dimensionNameFr": "Principale source de revenu", "hasUom": false, "member": [{"memberId": 1, "parentMemberId": null, "memberNameEn": "Employment", "memberNameFr": "Emploi", "classificationCode": null, "classificationTypeCode": null, "geoLevel": null, "vintage": null, "terminated": 0, "memberUomCode": null}, {"memberId": 2, "parentMemberId": null, "memberNameEn": "Investment", "memberNameFr": "Placements", "classificationCode": null, "classificationTypeCode": null, "geoLevel": null, "vintage": null, "terminated": 0, "memberUomCode": null}, {"memberId": 3, "parentMemberId": null, "memberNameEn": "Pension", "memberNameFr": "Pension", "classificationCode": null, "classificationTypeCode": null, "geoLevel": null, "vintage": null, "terminated": 0, "memberUomCode": null}, {"memberId": 4, "parentMemberId": null, "memberNameEn": "Self-employment", "memberNameFr": "Travail ind\u00e9pendant", "classificationCode": null, "classificationTypeCode": null, "geoLevel": null, "vintage": null, "terminated": 0, "memberUomCode": null}, {"memberId": 5, "parentMemberId": null, "memberNameEn": "Multiple sources of income", "memberNameFr": "Plusieurs sources de revenus", "classificationCode": null, "classificationTypeCode": null, "geoLevel": null, "vintage": null, "terminated": 0, "memberUomCode": null}, {"memberId": 6, "parentMemberId": null, "memberNameEn": "No income", "memberNameFr": "Aucun revenu", "classificationCode": null, "classificationTypeCode": null, "geoLevel": null, "vintage": null, "terminated": 0, "memberUomCode": null}, {"memberId": 7, "parentMemberId": null, "memberNameEn": "Other sources of income", "memberNameFr": "Autres sources de revenu", "classificationCode": null, "classificationTypeCode": null, "geoLevel": null, "vintage": null, "terminated": 0, "memberUomCode": null}]}, {"dimensionPositionId": 4, "dimensionNameEn": "Income range", "dimensionNameFr": "Palier de revenu total", "hasUom": false, "member": [{"memberId": 1, "parentMemberId": null, "memberNameEn": "Less than $25,000", "memberNameFr": "Moins de 25\u00a0000\u00a0$", "classificationCode": null, "classificationTypeCode": null, "geoLevel": null, "vintage": null, "terminated": 0, "memberUomCode": null}, {"memberId": 2, "parentMemberId": null, "memberNameEn": "Between $25,000 and $49,999", "memberNameFr": "Entre 25\u00a0000\u00a0$ et 49\u00a0999\u00a0$", "classificationCode": null, "classificationTypeCode": null, "geoLevel": null, "vintage": null, "terminated": 0, "memberUomCode": null}, {"memberId": 3, "parentMemberId": null, "memberNameEn": "Between $50,000 and $99,999", "memberNameFr": "Entre 50\u00a0000\u00a0$ et 99\u00a0999\u00a0$", "classificationCode": null, "classificationTypeCode": null, "geoLevel": null, "vintage": null, "terminated": 0, "memberUomCode": null}, {"memberId": 4, "parentMemberId": null, "memberNameEn": "$100,000 and Above", "memberNameFr": "100\u00a0000\u00a0$ et plus", "classificationCode": null, "classificationTypeCode": null, "geoLevel": null, "vintage": null, "terminated": 0, "memberUomCode": null}]}, {"dimensionPositionId": 5, "dimensionNameEn": "Complexity of T1 return", "dimensionNameFr": "Complexit\u00e9 de la d\u00e9claration T1", "hasUom": true, "member": [{"memberId": 1, "parentMemberId": null, "memberNameEn": "Simple", "memberNameFr": "Simple", "classificationCode": null, "classificationTypeCode": null, "geoLevel": null, "vintage": null, "terminated": 0, "memberUomCode": 223}, {"memberId": 2, "parentMemberId": null, "memberNameEn": "Complex", "memberNameFr": "Complexe", "classificationCode": null, "classificationTypeCode": null, "geoLevel": null, "vintage": null, "terminated": 0, "memberUomCode": 223}]}]