[{"dimensionPositionId": 1, "dimensionNameEn": "Geography", "dimensionNameFr": "G\u00e9ographie", "hasUom": false, "member": [{"memberId": 1, "parentMemberId": null, "memberNameEn": "Canada", "memberNameFr": "Canada", "classificationCode": null, "classificationTypeCode": null, "geoLevel": null, "vintage": null, "terminated": 0, "memberUomCode": null}, {"memberId": 2, "parentMemberId": 1, "memberNameEn": "Atlantic provinces", "memberNameFr": "Provinces de l'Atlantique", "classificationCode": null, "classificationTypeCode": null, "geoLevel": null, "vintage": null, "terminated": 0, "memberUomCode": null}, {"memberId": 3, "parentMemberId": 2, "memberNameEn": "Newfoundland and Labrador", "memberNameFr": "Terre-Neuve-et-Labrador", "classificationCode": null, "classificationTypeCode": null, "geoLevel": null, "vintage": null, "terminated": 0, "memberUomCode": null}, {"memberId": 4, "parentMemberId": 2, "memberNameEn": "Prince Edward Island", "memberNameFr": "\u00cele-du-Prince-\u00c9douard", "classificationCode": null, "classificationTypeCode": null, "geoLevel": null, "vintage": null, "terminated": 0, "memberUomCode": null}, {"memberId": 5, "parentMemberId": 2, "memberNameEn": "Nova Scotia", "memberNameFr": "Nouvelle-\u00c9cosse", "classificationCode": null, "classificationTypeCode": null, "geoLevel": null, "vintage": null, "terminated": 0, "memberUomCode": null}, {"memberId": 6, "parentMemberId": 2, "memberNameEn": "New Brunswick", "memberNameFr": "Nouveau-Brunswick", "classificationCode": null, "classificationTypeCode": null, "geoLevel": null, "vintage": null, "terminated": 0, "memberUomCode": null}, {"memberId": 7, "parentMemberId": 1, "memberNameEn": "Quebec", "memberNameFr": "Qu\u00e9bec", "classificationCode": null, "classificationTypeCode": null, "geoLevel": null, "vintage": null, "terminated": 0, "memberUomCode": null}, {"memberId": 8, "parentMemberId": 1, "memberNameEn": "Ontario", "memberNameFr": "Ontario", "classificationCode": null, "classificationTypeCode": null, "geoLevel": null, "vintage": null, "terminated": 0, "memberUomCode": null}, {"memberId": 9, "parentMemberId": 1, "memberNameEn": "Prairie provinces", "memberNameFr": "Provinces des Prairies", "classificationCode": null, "classificationTypeCode": null, "geoLevel": null, "vintage": null, "terminated": 0, "memberUomCode": null}, {"memberId": 10, "parentMemberId": 9, "memberNameEn": "Manitoba", "memberNameFr": "Manitoba", "classificationCode": null, "classificationTypeCode": null, "geoLevel": null, "vintage": null, "terminated": 0, "memberUomCode": null}, {"memberId": 11, "parentMemberId": 9, "memberNameEn": "Saskatchewan", "memberNameFr": "Saskatchewan", "classificationCode": null, "classificationTypeCode": null, "geoLevel": null, "vintage": null, "terminated": 0, "memberUomCode": null}, {"memberId": 12, "parentMemberId": 9, "memberNameEn": "Alberta", "memberNameFr": "Alberta", "classificationCode": null, "classificationTypeCode": null, "geoLevel": null, "vintage": null, "terminated": 0, "memberUomCode": null}, {"memberId": 13, "parentMemberId": 1, "memberNameEn": "British Columbia", "memberNameFr": "Colombie-Britannique", "classificationCode": null, "classificationTypeCode": null, "geoLevel": null, "vintage": null, "terminated": 0, "memberUomCode": null}]}, {"dimensionPositionId": 2, "dimensionNameEn": "Low income lines", "dimensionNameFr": "Les lignes de faible revenu", "hasUom": false, "member": [{"memberId": 1, "parentMemberId": null, "memberNameEn": "Low income cut-offs after tax, 1992 base", "memberNameFr": "Seuils de faible revenu apr\u00e8s imp\u00f4t, base de 1992", "classificationCode": null, "classificationTypeCode": null, "geoLevel": null, "vintage": null, "terminated": 0, "memberUomCode": null}, {"memberId": 2, "parentMemberId": null, "memberNameEn": "Low income cut-offs before tax, 1992 base", "memberNameFr": "Seuils de faible revenu avant imp\u00f4t, base de 1992", "classificationCode": null, "classificationTypeCode": null, "geoLevel": null, "vintage": null, "terminated": 0, "memberUomCode": null}, {"memberId": 3, "parentMemberId": null, "memberNameEn": "Low income measure after tax", "memberNameFr": "Mesure de faible revenu apr\u00e8s imp\u00f4t", "classificationCode": null, "classificationTypeCode": null, "geoLevel": null, "vintage": null, "terminated": 0, "memberUomCode": null}, {"memberId": 4, "parentMemberId": null, "memberNameEn": "Market basket measure, 2011 base", "memberNameFr": "Mesure du panier de consommation, base de 2011", "classificationCode": null, "classificationTypeCode": null, "geoLevel": null, "vintage": null, "terminated": 0, "memberUomCode": null}]}, {"dimensionPositionId": 3, "dimensionNameEn": "Years in low income", "dimensionNameFr": "Ann\u00e9es \u00e0 faible revenu", "hasUom": false, "member": [{"memberId": 1, "parentMemberId": null, "memberNameEn": "0 years in low income", "memberNameFr": "0 ann\u00e9e \u00e0 faible revenu", "classificationCode": null, "classificationTypeCode": null, "geoLevel": null, "vintage": null, "terminated": 0, "memberUomCode": null}, {"memberId": 2, "parentMemberId": null, "memberNameEn": "1 year in low income", "memberNameFr": "1 ann\u00e9e \u00e0 faible revenu", "classificationCode": null, "classificationTypeCode": null, "geoLevel": null, "vintage": null, "terminated": 0, "memberUomCode": null}, {"memberId": 3, "parentMemberId": null, "memberNameEn": "2 years in low income", "memberNameFr": "2 ann\u00e9es \u00e0 faible revenu", "classificationCode": null, "classificationTypeCode": null, "geoLevel": null, "vintage": null, "terminated": 0, "memberUomCode": null}, {"memberId": 4, "parentMemberId": null, "memberNameEn": "3 years in low income", "memberNameFr": "3 ann\u00e9es \u00e0 faible revenu", "classificationCode": null, "classificationTypeCode": null, "geoLevel": null, "vintage": null, "terminated": 0, "memberUomCode": null}, {"memberId": 5, "parentMemberId": null, "memberNameEn": "4 years in low income", "memberNameFr": "4 ann\u00e9es \u00e0 faible revenu", "classificationCode": null, "classificationTypeCode": null, "geoLevel": null, "vintage": null, "terminated": 0, "memberUomCode": null}, {"memberId": 6, "parentMemberId": null, "memberNameEn": "5 years in low income", "memberNameFr": "5 ann\u00e9es \u00e0 faible revenu", "classificationCode": null, "classificationTypeCode": null, "geoLevel": null, "vintage": null, "terminated": 0, "memberUomCode": null}, {"memberId": 7, "parentMemberId": null, "memberNameEn": "6 years in low income", "memberNameFr": "6 ann\u00e9es \u00e0 faible revenu", "classificationCode": null, "classificationTypeCode": null, "geoLevel": null, "vintage": null, "terminated": 0, "memberUomCode": null}]}, {"dimensionPositionId": 4, "dimensionNameEn": "Statistics", "dimensionNameFr": "Statistiques", "hasUom": true, "member": [{"memberId": 1, "parentMemberId": null, "memberNameEn": "Percentage of persons in low income", "memberNameFr": "Pourcentage de personnes \u00e0 faible revenu", "classificationCode": null, "classificationTypeCode": null, "geoLevel": null, "vintage": null, "terminated": 0, "memberUomCode": 242}, {"memberId": 2, "parentMemberId": null, "memberNameEn": "Number of persons in low income", "memberNameFr": "Nombre de personnes \u00e0 faible revenu", "classificationCode": null, "classificationTypeCode": null, "geoLevel": null, "vintage": null, "terminated": 0, "memberUomCode": 249}]}, {"dimensionPositionId": 5, "dimensionNameEn": "Selected characteristics", "dimensionNameFr": "Certaines caract\u00e9ristiques", "hasUom": false, "member": [{"memberId": 1, "parentMemberId": null, "memberNameEn": "All age groups", "memberNameFr": "Tous les groupes d'\u00e2ge", "classificationCode": null, "classificationTypeCode": null, "geoLevel": null, "vintage": null, "terminated": 0, "memberUomCode": null}, {"memberId": 2, "parentMemberId": 1, "memberNameEn": "Under 18 years", "memberNameFr": "Moins de 18 ans", "classificationCode": null, "classificationTypeCode": null, "geoLevel": null, "vintage": null, "terminated": 0, "memberUomCode": null}, {"memberId": 3, "parentMemberId": 1, "memberNameEn": "18 to 24 years", "memberNameFr": "18 \u00e0 24 ans", "classificationCode": null, "classificationTypeCode": null, "geoLevel": null, "vintage": null, "terminated": 0, "memberUomCode": null}, {"memberId": 4, "parentMemberId": 1, "memberNameEn": "25 to 54 years", "memberNameFr": "25 \u00e0 54 ans", "classificationCode": null, "classificationTypeCode": null, "geoLevel": null, "vintage": null, "terminated": 0, "memberUomCode": null}, {"memberId": 5, "parentMemberId": 1, "memberNameEn": "55 to 64 years", "memberNameFr": "55 \u00e0 64 ans", "classificationCode": null, "classificationTypeCode": null, "geoLevel": null, "vintage": null, "terminated": 0, "memberUomCode": null}, {"memberId": 6, "parentMemberId": 1, "memberNameEn": "65 years and over", "memberNameFr": "65 ans et plus", "classificationCode": null, "classificationTypeCode": null, "geoLevel": null, "vintage": null, "terminated": 0, "memberUomCode": null}, {"memberId": 7, "parentMemberId": null, "memberNameEn": "Both sexes", "memberNameFr": "Les deux sexes", "classificationCode": null, "classificationTypeCode": null, "geoLevel": null, "vintage": null, "terminated": 0, "memberUomCode": null}, {"memberId": 8, "parentMemberId": 7, "memberNameEn": "Males", "memberNameFr": "Hommes", "classificationCode": null, "classificationTypeCode": null, "geoLevel": null, "vintage": null, "terminated": 0, "memberUomCode": null}, {"memberId": 9, "parentMemberId": 7, "memberNameEn": "Females", "memberNameFr": "Femmes", "classificationCode": null, "classificationTypeCode": null, "geoLevel": null, "vintage": null, "terminated": 0, "memberUomCode": null}, {"memberId": 10, "parentMemberId": null, "memberNameEn": "All education levels", "memberNameFr": "Tous les niveaux d'instruction", "classificationCode": null, "classificationTypeCode": null, "geoLevel": null, "vintage": null, "terminated": 0, "memberUomCode": null}, {"memberId": 11, "parentMemberId": 10, "memberNameEn": "Less than high school", "memberNameFr": "Moins qu'un dipl\u00f4me d'\u00e9tudes secondaires", "classificationCode": null, "classificationTypeCode": null, "geoLevel": null, "vintage": null, "terminated": 0, "memberUomCode": null}, {"memberId": 12, "parentMemberId": 10, "memberNameEn": "Graduated high school", "memberNameFr": "\u00c9tudes secondaires compl\u00e9t\u00e9es", "classificationCode": null, "classificationTypeCode": null, "geoLevel": null, "vintage": null, "terminated": 0, "memberUomCode": null}, {"memberId": 13, "parentMemberId": 10, "memberNameEn": "Some postsecondary without degree, certificate or diploma", "memberNameFr": "\u00c9tudes postsecondaires partielles (sans certificat ou dipl\u00f4me)", "classificationCode": null, "classificationTypeCode": null, "geoLevel": null, "vintage": null, "terminated": 0, "memberUomCode": null}, {"memberId": 14, "parentMemberId": 10, "memberNameEn": "Non-university with certificate or diploma", "memberNameFr": "Certificat ou dipl\u00f4me postsecondaire non universitaire", "classificationCode": null, "classificationTypeCode": null, "geoLevel": null, "vintage": null, "terminated": 0, "memberUomCode": null}, {"memberId": 15, "parentMemberId": 10, "memberNameEn": "University degree", "memberNameFr": "Dipl\u00f4me universitaire", "classificationCode": null, "classificationTypeCode": null, "geoLevel": null, "vintage": null, "terminated": 0, "memberUomCode": null}, {"memberId": 16, "parentMemberId": 10, "memberNameEn": "Education level unknown", "memberNameFr": "Niveau d'instruction inconnu", "classificationCode": null, "classificationTypeCode": null, "geoLevel": null, "vintage": null, "terminated": 0, "memberUomCode": null}]}]