[{"dimensionPositionId": 1, "dimensionNameEn": "Geography", "dimensionNameFr": "G\u00e9ographie", "hasUom": false, "member": [{"memberId": 1, "parentMemberId": null, "memberNameEn": "Canada", "memberNameFr": "Canada", "classificationCode": null, "classificationTypeCode": null, "geoLevel": null, "vintage": null, "terminated": 0, "memberUomCode": null}, {"memberId": 2, "parentMemberId": 1, "memberNameEn": "Newfoundland and Labrador", "memberNameFr": "Terre-Neuve-et-Labrador", "classificationCode": null, "classificationTypeCode": null, "geoLevel": null, "vintage": null, "terminated": 0, "memberUomCode": null}, {"memberId": 3, "parentMemberId": 1, "memberNameEn": "Prince Edward Island", "memberNameFr": "\u00cele-du-Prince-\u00c9douard", "classificationCode": null, "classificationTypeCode": null, "geoLevel": null, "vintage": null, "terminated": 0, "memberUomCode": null}, {"memberId": 4, "parentMemberId": 1, "memberNameEn": "Nova Scotia", "memberNameFr": "Nouvelle-\u00c9cosse", "classificationCode": null, "classificationTypeCode": null, "geoLevel": null, "vintage": null, "terminated": 0, "memberUomCode": null}, {"memberId": 5, "parentMemberId": 1, "memberNameEn": "New Brunswick", "memberNameFr": "Nouveau-Brunswick", "classificationCode": null, "classificationTypeCode": null, "geoLevel": null, "vintage": null, "terminated": 0, "memberUomCode": null}, {"memberId": 6, "parentMemberId": 1, "memberNameEn": "Quebec", "memberNameFr": "Qu\u00e9bec", "classificationCode": null, "classificationTypeCode": null, "geoLevel": null, "vintage": null, "terminated": 0, "memberUomCode": null}, {"memberId": 7, "parentMemberId": 1, "memberNameEn": "Ontario", "memberNameFr": "Ontario", "classificationCode": null, "classificationTypeCode": null, "geoLevel": null, "vintage": null, "terminated": 0, "memberUomCode": null}, {"memberId": 8, "parentMemberId": 1, "memberNameEn": "Manitoba", "memberNameFr": "Manitoba", "classificationCode": null, "classificationTypeCode": null, "geoLevel": null, "vintage": null, "terminated": 0, "memberUomCode": null}, {"memberId": 9, "parentMemberId": 1, "memberNameEn": "Saskatchewan", "memberNameFr": "Saskatchewan", "classificationCode": null, "classificationTypeCode": null, "geoLevel": null, "vintage": null, "terminated": 0, "memberUomCode": null}, {"memberId": 10, "parentMemberId": 1, "memberNameEn": "Alberta", "memberNameFr": "Alberta", "classificationCode": null, "classificationTypeCode": null, "geoLevel": null, "vintage": null, "terminated": 0, "memberUomCode": null}, {"memberId": 11, "parentMemberId": 1, "memberNameEn": "British Columbia", "memberNameFr": "Colombie-Britannique", "classificationCode": null, "classificationTypeCode": null, "geoLevel": null, "vintage": null, "terminated": 0, "memberUomCode": null}, {"memberId": 12, "parentMemberId": 1, "memberNameEn": "Yukon", "memberNameFr": "Yukon", "classificationCode": null, "classificationTypeCode": null, "geoLevel": null, "vintage": null, "terminated": 0, "memberUomCode": null}, {"memberId": 13, "parentMemberId": 1, "memberNameEn": "Northwest Territories", "memberNameFr": "Territoires du Nord-Ouest", "classificationCode": null, "classificationTypeCode": null, "geoLevel": null, "vintage": null, "terminated": 0, "memberUomCode": null}, {"memberId": 14, "parentMemberId": 1, "memberNameEn": "Nunavut", "memberNameFr": "Nunavut", "classificationCode": null, "classificationTypeCode": null, "geoLevel": null, "vintage": null, "terminated": 0, "memberUomCode": null}]}, {"dimensionPositionId": 2, "dimensionNameEn": "Household spending, transportation", "dimensionNameFr": "D\u00e9penses des m\u00e9nages, transport", "hasUom": false, "member": [{"memberId": 1, "parentMemberId": null, "memberNameEn": "Total transportation", "memberNameFr": "Total, transport", "classificationCode": null, "classificationTypeCode": null, "geoLevel": null, "vintage": null, "terminated": 0, "memberUomCode": null}, {"memberId": 2, "parentMemberId": 1, "memberNameEn": "Private transportation", "memberNameFr": "Transport priv\u00e9", "classificationCode": null, "classificationTypeCode": null, "geoLevel": null, "vintage": null, "terminated": 0, "memberUomCode": null}, {"memberId": 3, "parentMemberId": 2, "memberNameEn": "Purchase of automobiles and trucks/vans", "memberNameFr": "Achat d'automobiles et de camions/fourgonnettes", "classificationCode": null, "classificationTypeCode": null, "geoLevel": null, "vintage": null, "terminated": 0, "memberUomCode": null}, {"memberId": 4, "parentMemberId": 3, "memberNameEn": "Purchase of automobiles", "memberNameFr": "Achat d'automobiles", "classificationCode": null, "classificationTypeCode": null, "geoLevel": null, "vintage": null, "terminated": 0, "memberUomCode": null}, {"memberId": 5, "parentMemberId": 3, "memberNameEn": "Purchase of trucks/vans", "memberNameFr": "Achat de camions/fourgonnettes", "classificationCode": null, "classificationTypeCode": null, "geoLevel": null, "vintage": null, "terminated": 0, "memberUomCode": null}, {"memberId": 6, "parentMemberId": 3, "memberNameEn": "Separate sale of automobiles and trucks/vans", "memberNameFr": "Vente s\u00e9par\u00e9e d'automobiles et camions/fourgonnettes", "classificationCode": null, "classificationTypeCode": null, "geoLevel": null, "vintage": null, "terminated": 0, "memberUomCode": null}, {"memberId": 7, "parentMemberId": 2, "memberNameEn": "Purchase of automotive accessories", "memberNameFr": "Achat d'accessoires automobiles", "classificationCode": null, "classificationTypeCode": null, "geoLevel": null, "vintage": null, "terminated": 0, "memberUomCode": null}, {"memberId": 8, "parentMemberId": 2, "memberNameEn": "Rented and leased automobiles and trucks/vans", "memberNameFr": "Location \u00e0 court et \u00e0 long terme d'automobiles et de camions/fourgonnettes", "classificationCode": null, "classificationTypeCode": null, "geoLevel": null, "vintage": null, "terminated": 0, "memberUomCode": null}, {"memberId": 9, "parentMemberId": 8, "memberNameEn": "Rented automobiles and trucks/vans", "memberNameFr": "Location \u00e0 court terme d'automobiles et de camions/fourgonnettes", "classificationCode": null, "classificationTypeCode": null, "geoLevel": null, "vintage": null, "terminated": 0, "memberUomCode": null}, {"memberId": 10, "parentMemberId": 9, "memberNameEn": "Expenses for rented automobiles", "memberNameFr": "D\u00e9penses pour les automobiles lou\u00e9es \u00e0 court terme", "classificationCode": null, "classificationTypeCode": null, "geoLevel": null, "vintage": null, "terminated": 1, "memberUomCode": null}, {"memberId": 11, "parentMemberId": 10, "memberNameEn": "Automobile rental fees (including mileage, insurance charges, taxes and drop-off fees)", "memberNameFr": "Frais de location \u00e0 court terme d'automobiles (y compris kilom\u00e9trage, frais d'assurance, taxes et frais de remise)", "classificationCode": null, "classificationTypeCode": null, "geoLevel": null, "vintage": null, "terminated": 1, "memberUomCode": null}, {"memberId": 12, "parentMemberId": 10, "memberNameEn": "Gas and other fuels for rented automobiles", "memberNameFr": "Essence et autres carburants pour les automobiles lou\u00e9es \u00e0 court terme", "classificationCode": null, "classificationTypeCode": null, "geoLevel": null, "vintage": null, "terminated": 1, "memberUomCode": null}, {"memberId": 13, "parentMemberId": 10, "memberNameEn": "Other expenses for rented automobiles (for example, toll fees, parking, repairs)", "memberNameFr": "Autres frais pour les automobiles lou\u00e9es \u00e0 court terme (par exemple, p\u00e9ages, stationnement, r\u00e9parations)", "classificationCode": null, "classificationTypeCode": null, "geoLevel": null, "vintage": null, "terminated": 1, "memberUomCode": null}, {"memberId": 14, "parentMemberId": 9, "memberNameEn": "Expenses for rented trucks/vans", "memberNameFr": "D\u00e9penses pour les camions/fourgonnettes lou\u00e9s \u00e0 court terme", "classificationCode": null, "classificationTypeCode": null, "geoLevel": null, "vintage": null, "terminated": 1, "memberUomCode": null}, {"memberId": 15, "parentMemberId": 14, "memberNameEn": "Truck/van rental fees (including mileage, insurance charges, taxes, drop-off fees)", "memberNameFr": "Frais de location \u00e0 court terme de camions/fourgonnettes (y compris kilom\u00e9trage, frais d'assurance, taxes, frais de remise)", "classificationCode": null, "classificationTypeCode": null, "geoLevel": null, "vintage": null, "terminated": 1, "memberUomCode": null}, {"memberId": 16, "parentMemberId": 14, "memberNameEn": "Gas and other fuels for rented trucks/vans", "memberNameFr": "Essence et autres carburants pour les camions/fourgonnettes lou\u00e9s \u00e0 court terme", "classificationCode": null, "classificationTypeCode": null, "geoLevel": null, "vintage": null, "terminated": 1, "memberUomCode": null}, {"memberId": 17, "parentMemberId": 14, "memberNameEn": "Other expenses for rented trucks/vans (for example, toll fees, parking and repairs)", "memberNameFr": "Autres frais pour les camions/fourgonnettes lou\u00e9s \u00e0 court terme (par exemple, p\u00e9ages, stationnement, r\u00e9parations)", "classificationCode": null, "classificationTypeCode": null, "geoLevel": null, "vintage": null, "terminated": 1, "memberUomCode": null}, {"memberId": 39, "parentMemberId": 9, "memberNameEn": "Automobile/truck/van rental fees (including mileage, insurance charges, taxes, drop-off fees)", "memberNameFr": "Frais de location \u00e0 court terme d'automobiles/camions/fourgonnettes (y compris kilom\u00e9trage, frais d'assurance, taxes, frais de remise)", "classificationCode": null, "classificationTypeCode": null, "geoLevel": null, "vintage": null, "terminated": 0, "memberUomCode": null}, {"memberId": 40, "parentMemberId": 9, "memberNameEn": "Gas and other fuels for rented automobiles/trucks/vans", "memberNameFr": "Essence et autres carburants pour les automobiles/camions/fourgonnettes lou\u00e9s \u00e0 court terme", "classificationCode": null, "classificationTypeCode": null, "geoLevel": null, "vintage": null, "terminated": 0, "memberUomCode": null}, {"memberId": 41, "parentMemberId": 9, "memberNameEn": "Other expenses for rented automobiles/trucks/vans (for example, toll fees, parking and repairs)", "memberNameFr": "Autres frais pour les automobiles/camions/fourgonnettes lou\u00e9s \u00e0 court terme (par exemple, p\u00e9ages, stationnement, r\u00e9parations)", "classificationCode": null, "classificationTypeCode": null, "geoLevel": null, "vintage": null, "terminated": 0, "memberUomCode": null}, {"memberId": 18, "parentMemberId": 8, "memberNameEn": "Leasing fees for automobiles and trucks/vans", "memberNameFr": "Frais de location \u00e0 long terme d'automobiles et de camions/fourgonnettes", "classificationCode": null, "classificationTypeCode": null, "geoLevel": null, "vintage": null, "terminated": 0, "memberUomCode": null}, {"memberId": 19, "parentMemberId": 2, "memberNameEn": "Operation of owned and leased automobiles and trucks/vans", "memberNameFr": "Utilisation d'automobiles et de camions/fourgonnettes poss\u00e9d\u00e9s ou lou\u00e9s \u00e0 long terme", "classificationCode": null, "classificationTypeCode": null, "geoLevel": null, "vintage": null, "terminated": 0, "memberUomCode": null}, {"memberId": 20, "parentMemberId": 19, "memberNameEn": "Gasoline and other fuels for owned and leased automobiles and trucks/vans", "memberNameFr": "Essence et autres carburants pour les automobiles et les camions/fourgonnettes poss\u00e9d\u00e9s ou lou\u00e9s \u00e0 long terme", "classificationCode": null, "classificationTypeCode": null, "geoLevel": null, "vintage": null, "terminated": 0, "memberUomCode": null}, {"memberId": 21, "parentMemberId": 19, "memberNameEn": "Tires, batteries, and other automotive parts and supplies for owned and leased automobiles and trucks/vans", "memberNameFr": "Pneus, batteries et autres pi\u00e8ces et fournitures pour les automobiles et les camions/fourgonnettes poss\u00e9d\u00e9s ou lou\u00e9s \u00e0 long terme", "classificationCode": null, "classificationTypeCode": null, "geoLevel": null, "vintage": null, "terminated": 0, "memberUomCode": null}, {"memberId": 22, "parentMemberId": 19, "memberNameEn": "Maintenance and repair for owned and leased automobiles and trucks/vans", "memberNameFr": "R\u00e9parations et entretien d'automobiles et de camions/fourgonnettes poss\u00e9d\u00e9s ou lou\u00e9s \u00e0 long terme", "classificationCode": null, "classificationTypeCode": null, "geoLevel": null, "vintage": null, "terminated": 0, "memberUomCode": null}, {"memberId": 23, "parentMemberId": 19, "memberNameEn": "Garage rent and parking", "memberNameFr": "Stationnement et location de garage", "classificationCode": null, "classificationTypeCode": null, "geoLevel": null, "vintage": null, "terminated": 0, "memberUomCode": null}, {"memberId": 24, "parentMemberId": 23, "memberNameEn": "Garage rent and parking at dwelling (not included in rent)", "memberNameFr": "Stationnement et location de garage au domicile (non compris dans le loyer)", "classificationCode": null, "classificationTypeCode": null, "geoLevel": null, "vintage": null, "terminated": 0, "memberUomCode": null}, {"memberId": 25, "parentMemberId": 23, "memberNameEn": "Parking away from home", "memberNameFr": "Stationnement hors du domicile", "classificationCode": null, "classificationTypeCode": null, "geoLevel": null, "vintage": null, "terminated": 0, "memberUomCode": null}, {"memberId": 26, "parentMemberId": 19, "memberNameEn": "Driving lessons", "memberNameFr": "Cours de conduite", "classificationCode": null, "classificationTypeCode": null, "geoLevel": null, "vintage": null, "terminated": 0, "memberUomCode": null}, {"memberId": 27, "parentMemberId": 19, "memberNameEn": "Drivers' licences and tests", "memberNameFr": "Permis de conduire et examens", "classificationCode": null, "classificationTypeCode": null, "geoLevel": null, "vintage": null, "terminated": 0, "memberUomCode": null}, {"memberId": 28, "parentMemberId": 19, "memberNameEn": "Private and public vehicle insurance premiums", "memberNameFr": "Primes d'assurance publique et priv\u00e9e pour v\u00e9hicules", "classificationCode": null, "classificationTypeCode": null, "geoLevel": null, "vintage": null, "terminated": 0, "memberUomCode": null}, {"memberId": 29, "parentMemberId": 19, "memberNameEn": "Registration fees (including insurance if part of registration)", "memberNameFr": "Frais d'immatriculation (y compris les primes d'assurance vers\u00e9es avec les frais d'immatriculation)", "classificationCode": null, "classificationTypeCode": null, "geoLevel": null, "vintage": null, "terminated": 0, "memberUomCode": null}, {"memberId": 42, "parentMemberId": 19, "memberNameEn": "Vehicle security and communication services", "memberNameFr": "Services de s\u00e9curit\u00e9 et de communication pour v\u00e9hicules", "classificationCode": null, "classificationTypeCode": null, "geoLevel": null, "vintage": null, "terminated": 0, "memberUomCode": null}, {"memberId": 30, "parentMemberId": 19, "memberNameEn": "Other automobile and truck/van operation services (for example auto association fees, towing, toll fees)", "memberNameFr": "Autres frais d'utilisation d'automobiles et de camions/fourgonnettes (par exemple, cotisations \u00e0 des associations d'automobilistes, remorquage, p\u00e9age)", "classificationCode": null, "classificationTypeCode": null, "geoLevel": null, "vintage": null, "terminated": 0, "memberUomCode": null}, {"memberId": 31, "parentMemberId": 1, "memberNameEn": "Public transportation", "memberNameFr": "Transport public", "classificationCode": null, "classificationTypeCode": null, "geoLevel": null, "vintage": null, "terminated": 0, "memberUomCode": null}, {"memberId": 32, "parentMemberId": 31, "memberNameEn": "City or commuter bus, subway, street car and commuter train", "memberNameFr": "Autobus, m\u00e9tro, tramway et train de ville ou de banlieue", "classificationCode": null, "classificationTypeCode": null, "geoLevel": null, "vintage": null, "terminated": 0, "memberUomCode": null}, {"memberId": 33, "parentMemberId": 31, "memberNameEn": "Taxi", "memberNameFr": "Taxi", "classificationCode": null, "classificationTypeCode": null, "geoLevel": null, "vintage": null, "terminated": 0, "memberUomCode": null}, {"memberId": 34, "parentMemberId": 31, "memberNameEn": "Airplane", "memberNameFr": "Avion", "classificationCode": null, "classificationTypeCode": null, "geoLevel": null, "vintage": null, "terminated": 0, "memberUomCode": null}, {"memberId": 35, "parentMemberId": 31, "memberNameEn": "Train", "memberNameFr": "Train", "classificationCode": null, "classificationTypeCode": null, "geoLevel": null, "vintage": null, "terminated": 0, "memberUomCode": null}, {"memberId": 36, "parentMemberId": 31, "memberNameEn": "Highway bus", "memberNameFr": "Autocars interurbains", "classificationCode": null, "classificationTypeCode": null, "geoLevel": null, "vintage": null, "terminated": 0, "memberUomCode": null}, {"memberId": 37, "parentMemberId": 31, "memberNameEn": "Other passenger transportation (for example, airport limousine service, travel insurance)", "memberNameFr": "Autres moyens de transport (par exemple, service de limousine a\u00e9roportuaire, assurance voyage)", "classificationCode": null, "classificationTypeCode": null, "geoLevel": null, "vintage": null, "terminated": 0, "memberUomCode": null}, {"memberId": 38, "parentMemberId": 31, "memberNameEn": "Household moving, storage and delivery services", "memberNameFr": "Services de d\u00e9m\u00e9nagement, d'entreposage et de livraison", "classificationCode": null, "classificationTypeCode": null, "geoLevel": null, "vintage": null, "terminated": 0, "memberUomCode": null}]}, {"dimensionPositionId": 3, "dimensionNameEn": "Statistics", "dimensionNameFr": "Statistiques", "hasUom": true, "member": [{"memberId": 1, "parentMemberId": null, "memberNameEn": "Average expenditure", "memberNameFr": "D\u00e9penses moyennes", "classificationCode": null, "classificationTypeCode": null, "geoLevel": null, "vintage": null, "terminated": 0, "memberUomCode": 81}, {"memberId": 2, "parentMemberId": null, "memberNameEn": "Percent of households reporting", "memberNameFr": "Pourcentage des m\u00e9nages d\u00e9clarants", "classificationCode": null, "classificationTypeCode": null, "geoLevel": null, "vintage": null, "terminated": 0, "memberUomCode": 239}, {"memberId": 3, "parentMemberId": null, "memberNameEn": "Estimated number of households reporting", "memberNameFr": "Nombre estim\u00e9 des m\u00e9nages d\u00e9clarants", "classificationCode": null, "classificationTypeCode": null, "geoLevel": null, "vintage": null, "terminated": 0, "memberUomCode": 223}, {"memberId": 4, "parentMemberId": null, "memberNameEn": "Median expenditure per household reporting", "memberNameFr": "D\u00e9penses m\u00e9dianes par m\u00e9nage d\u00e9clarant", "classificationCode": null, "classificationTypeCode": null, "geoLevel": null, "vintage": null, "terminated": 0, "memberUomCode": 81}]}]