[{"dimensionPositionId": 1, "dimensionNameEn": "Geography", "dimensionNameFr": "G\u00e9ographie", "hasUom": false, "member": [{"memberId": 1, "parentMemberId": null, "memberNameEn": "Canada", "memberNameFr": "Canada", "classificationCode": "11124", "classificationTypeCode": "1", "geoLevel": 0, "vintage": 2016, "terminated": 0, "memberUomCode": null}]}, {"dimensionPositionId": 2, "dimensionNameEn": "Trusteed pension funds", "dimensionNameFr": "Caisses de retraite en fiducie", "hasUom": false, "member": [{"memberId": 1, "parentMemberId": null, "memberNameEn": "Total, trusteed pension funds", "memberNameFr": "Total, caisses de retraite en fiducie", "classificationCode": null, "classificationTypeCode": null, "geoLevel": null, "vintage": null, "terminated": 0, "memberUomCode": null}, {"memberId": 2, "parentMemberId": 1, "memberNameEn": "Public sector trusteed pension fund", "memberNameFr": "Secteur public, caisse de retraite en fiducie", "classificationCode": null, "classificationTypeCode": null, "geoLevel": null, "vintage": null, "terminated": 0, "memberUomCode": null}, {"memberId": 3, "parentMemberId": 1, "memberNameEn": "Private sector trusteed pension fund", "memberNameFr": "Secteur priv\u00e9, caisse de retraite en fiducie", "classificationCode": null, "classificationTypeCode": null, "geoLevel": null, "vintage": null, "terminated": 0, "memberUomCode": null}, {"memberId": 4, "parentMemberId": 1, "memberNameEn": "Defined benefit trusteed pension fund", "memberNameFr": "R\u00e9gimes \u00e0 prestations, caisse de retraite en fiducie", "classificationCode": null, "classificationTypeCode": null, "geoLevel": null, "vintage": null, "terminated": 0, "memberUomCode": null}, {"memberId": 5, "parentMemberId": 1, "memberNameEn": "Defined contribution trusteed pension fund", "memberNameFr": "R\u00e9gimes \u00e0 cotisations, caisse de retraite en fiducie", "classificationCode": null, "classificationTypeCode": null, "geoLevel": null, "vintage": null, "terminated": 0, "memberUomCode": null}, {"memberId": 6, "parentMemberId": 1, "memberNameEn": "Contributory trusteed pension fund", "memberNameFr": "Contributives, caisse de retraite en fiducie", "classificationCode": null, "classificationTypeCode": null, "geoLevel": null, "vintage": null, "terminated": 0, "memberUomCode": null}, {"memberId": 7, "parentMemberId": 1, "memberNameEn": "Non-contributory trusteed pension fund", "memberNameFr": "Non-contributives, caisse de retraite en fiducie", "classificationCode": null, "classificationTypeCode": null, "geoLevel": null, "vintage": null, "terminated": 0, "memberUomCode": null}]}, {"dimensionPositionId": 3, "dimensionNameEn": "Assets", "dimensionNameFr": "\u00c9l\u00e9ments d'actifs", "hasUom": false, "member": [{"memberId": 1, "parentMemberId": null, "memberNameEn": "Total, gross assets of all funds", "memberNameFr": "Total, actif brut toutes les caisses", "classificationCode": null, "classificationTypeCode": null, "geoLevel": null, "vintage": null, "terminated": 0, "memberUomCode": null}, {"memberId": 2, "parentMemberId": 1, "memberNameEn": "Pooled, mutual and investments funds", "memberNameFr": "Caisses communes, mutuelles et de placements", "classificationCode": null, "classificationTypeCode": null, "geoLevel": null, "vintage": null, "terminated": 0, "memberUomCode": null}, {"memberId": 3, "parentMemberId": 2, "memberNameEn": "Equity funds (Canadian)", "memberNameFr": "Actions (canadiennes)", "classificationCode": null, "classificationTypeCode": null, "geoLevel": null, "vintage": null, "terminated": 0, "memberUomCode": null}, {"memberId": 4, "parentMemberId": 2, "memberNameEn": "Bond fund (fixed income)", "memberNameFr": "Obligations (fonds de revenu fixe)", "classificationCode": null, "classificationTypeCode": null, "geoLevel": null, "vintage": null, "terminated": 0, "memberUomCode": null}, {"memberId": 5, "parentMemberId": 2, "memberNameEn": "Mortgage fund", "memberNameFr": "Fonds hypoth\u00e9caires", "classificationCode": null, "classificationTypeCode": null, "geoLevel": null, "vintage": null, "terminated": 0, "memberUomCode": null}, {"memberId": 6, "parentMemberId": 2, "memberNameEn": "Real estate fund", "memberNameFr": "Fonds immobiliers", "classificationCode": null, "classificationTypeCode": null, "geoLevel": null, "vintage": null, "terminated": 0, "memberUomCode": null}, {"memberId": 7, "parentMemberId": 2, "memberNameEn": "Money market fund", "memberNameFr": "Fonds de march\u00e9 mon\u00e9taire", "classificationCode": null, "classificationTypeCode": null, "geoLevel": null, "vintage": null, "terminated": 0, "memberUomCode": null}, {"memberId": 8, "parentMemberId": 2, "memberNameEn": "Foreign fund", "memberNameFr": "Caisses \u00e9trang\u00e8res", "classificationCode": null, "classificationTypeCode": null, "geoLevel": null, "vintage": null, "terminated": 0, "memberUomCode": null}, {"memberId": 9, "parentMemberId": 2, "memberNameEn": "Other pooled, mutual and investments funds", "memberNameFr": "Autres caisses communes, mutuelles et de placements", "classificationCode": null, "classificationTypeCode": null, "geoLevel": null, "vintage": null, "terminated": 0, "memberUomCode": null}, {"memberId": 10, "parentMemberId": 1, "memberNameEn": "Equities", "memberNameFr": "Actions", "classificationCode": null, "classificationTypeCode": null, "geoLevel": null, "vintage": null, "terminated": 0, "memberUomCode": null}, {"memberId": 11, "parentMemberId": 10, "memberNameEn": "Canadian common and preferred equity", "memberNameFr": "Actions ordinaires et privil\u00e9gi\u00e9es canadiennes", "classificationCode": null, "classificationTypeCode": null, "geoLevel": null, "vintage": null, "terminated": 0, "memberUomCode": null}, {"memberId": 12, "parentMemberId": 10, "memberNameEn": "Foreign common and preferred equity", "memberNameFr": "Actions ordinaires et privil\u00e9gi\u00e9es \u00e9trang\u00e8res", "classificationCode": null, "classificationTypeCode": null, "geoLevel": null, "vintage": null, "terminated": 0, "memberUomCode": null}, {"memberId": 13, "parentMemberId": 1, "memberNameEn": "Bonds", "memberNameFr": "Obligations", "classificationCode": null, "classificationTypeCode": null, "geoLevel": null, "vintage": null, "terminated": 0, "memberUomCode": null}, {"memberId": 14, "parentMemberId": 13, "memberNameEn": "Federal bonds", "memberNameFr": "Obligations f\u00e9d\u00e9rales", "classificationCode": null, "classificationTypeCode": null, "geoLevel": null, "vintage": null, "terminated": 0, "memberUomCode": null}, {"memberId": 15, "parentMemberId": 13, "memberNameEn": "Provincial bonds", "memberNameFr": "Obligations provinciales", "classificationCode": null, "classificationTypeCode": null, "geoLevel": null, "vintage": null, "terminated": 0, "memberUomCode": null}, {"memberId": 16, "parentMemberId": 13, "memberNameEn": "Municipal bonds", "memberNameFr": "Obligations municipales", "classificationCode": null, "classificationTypeCode": null, "geoLevel": null, "vintage": null, "terminated": 0, "memberUomCode": null}, {"memberId": 17, "parentMemberId": 13, "memberNameEn": "Other Canadian bonds (corporate)", "memberNameFr": "Autres obligations d'organismes canadiens", "classificationCode": null, "classificationTypeCode": null, "geoLevel": null, "vintage": null, "terminated": 0, "memberUomCode": null}, {"memberId": 18, "parentMemberId": 13, "memberNameEn": "Foreign bonds", "memberNameFr": "Obligations d'organismes non canadiens", "classificationCode": null, "classificationTypeCode": null, "geoLevel": null, "vintage": null, "terminated": 0, "memberUomCode": null}, {"memberId": 19, "parentMemberId": 1, "memberNameEn": "Mortgages", "memberNameFr": "Hypoth\u00e8ques", "classificationCode": null, "classificationTypeCode": null, "geoLevel": null, "vintage": null, "terminated": 0, "memberUomCode": null}, {"memberId": 20, "parentMemberId": 19, "memberNameEn": "Residential mortgage", "memberNameFr": "Hypoth\u00e8ques r\u00e9sidentielles", "classificationCode": null, "classificationTypeCode": null, "geoLevel": null, "vintage": null, "terminated": 0, "memberUomCode": null}, {"memberId": 21, "parentMemberId": 19, "memberNameEn": "Non-residential mortgage", "memberNameFr": "Hypoth\u00e8ques non-r\u00e9sidentielles", "classificationCode": null, "classificationTypeCode": null, "geoLevel": null, "vintage": null, "terminated": 0, "memberUomCode": null}, {"memberId": 22, "parentMemberId": 1, "memberNameEn": "Real estate", "memberNameFr": "Biens-fonds", "classificationCode": null, "classificationTypeCode": null, "geoLevel": null, "vintage": null, "terminated": 0, "memberUomCode": null}, {"memberId": 23, "parentMemberId": 1, "memberNameEn": "Cash, deposit, short-term funds", "memberNameFr": "Encaisse, d\u00e9p\u00f4t, court terme", "classificationCode": null, "classificationTypeCode": null, "geoLevel": null, "vintage": null, "terminated": 0, "memberUomCode": null}, {"memberId": 24, "parentMemberId": 23, "memberNameEn": "Cash, deposits, Guaranteed Investments Certificates (GIC's)", "memberNameFr": "Encaisse, d\u00e9p\u00f4t, Certificat de placement garanti (CPG)", "classificationCode": null, "classificationTypeCode": null, "geoLevel": null, "vintage": null, "terminated": 0, "memberUomCode": null}, {"memberId": 25, "parentMemberId": 23, "memberNameEn": "Government of Canada treasury bills", "memberNameFr": "Bons du Tr\u00e9sor du gouvernement du Canada", "classificationCode": null, "classificationTypeCode": null, "geoLevel": null, "vintage": null, "terminated": 0, "memberUomCode": null}, {"memberId": 26, "parentMemberId": 23, "memberNameEn": "Foreign short-term investments", "memberNameFr": "Placements \u00e9trangers \u00e0 court terme", "classificationCode": null, "classificationTypeCode": null, "geoLevel": null, "vintage": null, "terminated": 0, "memberUomCode": null}, {"memberId": 27, "parentMemberId": 23, "memberNameEn": "Other short-term paper", "memberNameFr": "Autres papiers \u00e0 court terme", "classificationCode": null, "classificationTypeCode": null, "geoLevel": null, "vintage": null, "terminated": 0, "memberUomCode": null}, {"memberId": 28, "parentMemberId": 1, "memberNameEn": "Miscellaneous assets", "memberNameFr": "Divers \u00e9l\u00e9ments d'actifs", "classificationCode": null, "classificationTypeCode": null, "geoLevel": null, "vintage": null, "terminated": 0, "memberUomCode": null}, {"memberId": 29, "parentMemberId": 28, "memberNameEn": "Accrued interest and dividends receivable", "memberNameFr": "Int\u00e9r\u00eats courus et dividendes \u00e0 recevoir", "classificationCode": null, "classificationTypeCode": null, "geoLevel": null, "vintage": null, "terminated": 0, "memberUomCode": null}, {"memberId": 30, "parentMemberId": 28, "memberNameEn": "Accounts receivable", "memberNameFr": "Comptes \u00e0 recevoir", "classificationCode": null, "classificationTypeCode": null, "geoLevel": null, "vintage": null, "terminated": 0, "memberUomCode": null}, {"memberId": 31, "parentMemberId": 28, "memberNameEn": "Other assets", "memberNameFr": "Autres \u00e9l\u00e9ments d'actifs", "classificationCode": null, "classificationTypeCode": null, "geoLevel": null, "vintage": null, "terminated": 0, "memberUomCode": null}, {"memberId": 32, "parentMemberId": 1, "memberNameEn": "Gross assets of funds over $5,000,000", "memberNameFr": "Actif brut des caisses au-dessus de 5 000 000 $", "classificationCode": null, "classificationTypeCode": null, "geoLevel": null, "vintage": null, "terminated": 1, "memberUomCode": null}, {"memberId": 33, "parentMemberId": 1, "memberNameEn": "Gross assets of funds over $10,000,000", "memberNameFr": "Actif brut des caisses au-dessus de 10 000 000 $", "classificationCode": null, "classificationTypeCode": null, "geoLevel": null, "vintage": null, "terminated": 0, "memberUomCode": null}, {"memberId": 34, "parentMemberId": 1, "memberNameEn": "Less: debts and payables", "memberNameFr": "D\u00e9duire: dettes et montants \u00e0 payer", "classificationCode": null, "classificationTypeCode": null, "geoLevel": null, "vintage": null, "terminated": 0, "memberUomCode": null}, {"memberId": 35, "parentMemberId": 1, "memberNameEn": "Net assets", "memberNameFr": "Actif net", "classificationCode": null, "classificationTypeCode": null, "geoLevel": null, "vintage": null, "terminated": 0, "memberUomCode": null}, {"memberId": 36, "parentMemberId": 1, "memberNameEn": "Gross assets of funds under $5,000,000", "memberNameFr": "Actif brut total des caisses inf\u00e9rieures au montant limite de 5 000 000 $", "classificationCode": null, "classificationTypeCode": null, "geoLevel": null, "vintage": null, "terminated": 1, "memberUomCode": null}, {"memberId": 37, "parentMemberId": 1, "memberNameEn": "Gross assets of funds under $10,000,000", "memberNameFr": "Actif brut total des caisses inf\u00e9rieures au montant limite de 10 000 000 $", "classificationCode": null, "classificationTypeCode": null, "geoLevel": null, "vintage": null, "terminated": 0, "memberUomCode": null}]}, {"dimensionPositionId": 4, "dimensionNameEn": "Statistics", "dimensionNameFr": "Statistiques", "hasUom": true, "member": [{"memberId": 1, "parentMemberId": null, "memberNameEn": "Book value", "memberNameFr": "Valeur comptable", "classificationCode": null, "classificationTypeCode": null, "geoLevel": null, "vintage": null, "terminated": 0, "memberUomCode": 81}, {"memberId": 2, "parentMemberId": null, "memberNameEn": "Market value", "memberNameFr": "Valeur marchande", "classificationCode": null, "classificationTypeCode": null, "geoLevel": null, "vintage": null, "terminated": 0, "memberUomCode": 81}]}]