[{"dimensionPositionId": 1, "dimensionNameEn": "Geography", "dimensionNameFr": "G\u00e9ographie", "hasUom": false, "member": [{"memberId": 1, "parentMemberId": null, "memberNameEn": "Canada", "memberNameFr": "Canada", "classificationCode": "11124", "classificationTypeCode": "1", "geoLevel": 0, "vintage": 2016, "terminated": 0, "memberUomCode": null}, {"memberId": 2, "parentMemberId": 1, "memberNameEn": "Atlantic", "memberNameFr": "Atlantique", "classificationCode": "1", "classificationTypeCode": "1", "geoLevel": 1, "vintage": 2016, "terminated": 0, "memberUomCode": null}, {"memberId": 3, "parentMemberId": 2, "memberNameEn": "Newfoundland and Labrador", "memberNameFr": "Terre-Neuve-et-Labrador", "classificationCode": "10", "classificationTypeCode": "1", "geoLevel": 2, "vintage": 2016, "terminated": 0, "memberUomCode": null}, {"memberId": 4, "parentMemberId": 2, "memberNameEn": "Prince Edward Island", "memberNameFr": "l'\u00cele-du-Prince-Edward", "classificationCode": "11", "classificationTypeCode": "1", "geoLevel": 2, "vintage": 2016, "terminated": 0, "memberUomCode": null}, {"memberId": 5, "parentMemberId": 2, "memberNameEn": "Nova Scotia", "memberNameFr": "Nouvelle-\u00c9cosse", "classificationCode": "12", "classificationTypeCode": "1", "geoLevel": 2, "vintage": 2016, "terminated": 0, "memberUomCode": null}, {"memberId": 6, "parentMemberId": 2, "memberNameEn": "New Brunswick", "memberNameFr": "Nouveau-Brunswick", "classificationCode": "13", "classificationTypeCode": "1", "geoLevel": 2, "vintage": 2016, "terminated": 0, "memberUomCode": null}, {"memberId": 7, "parentMemberId": 1, "memberNameEn": "Quebec", "memberNameFr": "Qu\u00e9bec", "classificationCode": "24", "classificationTypeCode": "1", "geoLevel": 2, "vintage": 2016, "terminated": 0, "memberUomCode": null}, {"memberId": 8, "parentMemberId": 1, "memberNameEn": "Ontario", "memberNameFr": "Ontario", "classificationCode": "35", "classificationTypeCode": "1", "geoLevel": 2, "vintage": 2016, "terminated": 0, "memberUomCode": null}, {"memberId": 9, "parentMemberId": 1, "memberNameEn": "Prairies", "memberNameFr": "Prairies", "classificationCode": "4", "classificationTypeCode": "1", "geoLevel": 1, "vintage": 2016, "terminated": 0, "memberUomCode": null}, {"memberId": 10, "parentMemberId": 9, "memberNameEn": "Manitoba", "memberNameFr": "Manitoba", "classificationCode": "46", "classificationTypeCode": "1", "geoLevel": 2, "vintage": 2016, "terminated": 0, "memberUomCode": null}, {"memberId": 11, "parentMemberId": 9, "memberNameEn": "Saskatchewan", "memberNameFr": "Saskatchewan", "classificationCode": "47", "classificationTypeCode": "1", "geoLevel": 2, "vintage": 2016, "terminated": 0, "memberUomCode": null}, {"memberId": 12, "parentMemberId": 9, "memberNameEn": "Alberta", "memberNameFr": "Alberta", "classificationCode": "48", "classificationTypeCode": "1", "geoLevel": 2, "vintage": 2016, "terminated": 0, "memberUomCode": null}, {"memberId": 13, "parentMemberId": 1, "memberNameEn": "British Columbia", "memberNameFr": "Colombie-Britannique", "classificationCode": "59", "classificationTypeCode": "1", "geoLevel": 2, "vintage": 2016, "terminated": 0, "memberUomCode": null}]}, {"dimensionPositionId": 2, "dimensionNameEn": "Assets and debts", "dimensionNameFr": "Actifs et dettes", "hasUom": false, "member": [{"memberId": 1, "parentMemberId": null, "memberNameEn": "Total assets", "memberNameFr": "Actif total", "classificationCode": null, "classificationTypeCode": null, "geoLevel": null, "vintage": null, "terminated": 0, "memberUomCode": null}, {"memberId": 2, "parentMemberId": 1, "memberNameEn": "Private pension assets", "memberNameFr": "Dans les r\u00e9gimes de pension priv\u00e9s", "classificationCode": null, "classificationTypeCode": null, "geoLevel": null, "vintage": null, "terminated": 0, "memberUomCode": null}, {"memberId": 3, "parentMemberId": 2, "memberNameEn": "Registered Retirement Savings Plans (RRSPs), Registered Retirement Income Funds (RRIFs), Locked-in Retirement Accounts (LIRAs) and other", "memberNameFr": "R\u00e9gime enregistr\u00e9 d'\u00e9pargne-retraite (REER), Fonds enregistr\u00e9s de revenu de retraite (FERR), Comptes de retraite immobilis\u00e9s (CRI) et autre", "classificationCode": null, "classificationTypeCode": null, "geoLevel": null, "vintage": null, "terminated": 0, "memberUomCode": null}, {"memberId": 4, "parentMemberId": 2, "memberNameEn": "Employer-sponsored Registered Pension Plans (EPPs)", "memberNameFr": "R\u00e9gimes de pension agr\u00e9\u00e9s offerts par l'employeur (RPA)", "classificationCode": null, "classificationTypeCode": null, "geoLevel": null, "vintage": null, "terminated": 0, "memberUomCode": null}, {"memberId": 5, "parentMemberId": 1, "memberNameEn": "Financial assets, non pension", "memberNameFr": "Hors des r\u00e9gimes de pension priv\u00e9s", "classificationCode": null, "classificationTypeCode": null, "geoLevel": null, "vintage": null, "terminated": 0, "memberUomCode": null}, {"memberId": 6, "parentMemberId": 5, "memberNameEn": "Deposits in financial institutions", "memberNameFr": "D\u00e9p\u00f4ts dans des institutions financi\u00e8res", "classificationCode": null, "classificationTypeCode": null, "geoLevel": null, "vintage": null, "terminated": 0, "memberUomCode": null}, {"memberId": 7, "parentMemberId": 5, "memberNameEn": "Mutual funds, investment funds  and income trusts", "memberNameFr": "Fonds mutuels et fonds de placement", "classificationCode": null, "classificationTypeCode": null, "geoLevel": null, "vintage": null, "terminated": 0, "memberUomCode": null}, {"memberId": 8, "parentMemberId": 5, "memberNameEn": "Stocks", "memberNameFr": "Capital-actions", "classificationCode": null, "classificationTypeCode": null, "geoLevel": null, "vintage": null, "terminated": 0, "memberUomCode": null}, {"memberId": 9, "parentMemberId": 5, "memberNameEn": "Bonds (saving and other)", "memberNameFr": "Obligations d'\u00e9pargnes et autres", "classificationCode": null, "classificationTypeCode": null, "geoLevel": null, "vintage": null, "terminated": 0, "memberUomCode": null}, {"memberId": 10, "parentMemberId": 5, "memberNameEn": "Tax Free Saving Accounts (TFSA)", "memberNameFr": "Comptes d'\u00e9pargne libre d'imp\u00f4t (CELI)", "classificationCode": null, "classificationTypeCode": null, "geoLevel": null, "vintage": null, "terminated": 0, "memberUomCode": null}, {"memberId": 11, "parentMemberId": 5, "memberNameEn": "Other financial assets", "memberNameFr": "Autres actifs financiers", "classificationCode": null, "classificationTypeCode": null, "geoLevel": null, "vintage": null, "terminated": 0, "memberUomCode": null}, {"memberId": 12, "parentMemberId": 1, "memberNameEn": "Non-financial assets", "memberNameFr": "Actifs non financiers", "classificationCode": null, "classificationTypeCode": null, "geoLevel": null, "vintage": null, "terminated": 0, "memberUomCode": null}, {"memberId": 13, "parentMemberId": 12, "memberNameEn": "Principal residence", "memberNameFr": "R\u00e9sidence principale", "classificationCode": null, "classificationTypeCode": null, "geoLevel": null, "vintage": null, "terminated": 0, "memberUomCode": null}, {"memberId": 14, "parentMemberId": 12, "memberNameEn": "Other real estate", "memberNameFr": "Autres biens immobiliers", "classificationCode": null, "classificationTypeCode": null, "geoLevel": null, "vintage": null, "terminated": 0, "memberUomCode": null}, {"memberId": 15, "parentMemberId": 12, "memberNameEn": "Vehicles", "memberNameFr": "V\u00e9hicules", "classificationCode": null, "classificationTypeCode": null, "geoLevel": null, "vintage": null, "terminated": 0, "memberUomCode": null}, {"memberId": 16, "parentMemberId": 12, "memberNameEn": "Other non-financial assets", "memberNameFr": "Autres actifs non financiers", "classificationCode": null, "classificationTypeCode": null, "geoLevel": null, "vintage": null, "terminated": 0, "memberUomCode": null}, {"memberId": 17, "parentMemberId": 1, "memberNameEn": "Equity in business", "memberNameFr": "Capitaux propres dans l'entreprise", "classificationCode": null, "classificationTypeCode": null, "geoLevel": null, "vintage": null, "terminated": 0, "memberUomCode": null}, {"memberId": 18, "parentMemberId": null, "memberNameEn": "Total debts", "memberNameFr": "Dette totale", "classificationCode": null, "classificationTypeCode": null, "geoLevel": null, "vintage": null, "terminated": 0, "memberUomCode": null}, {"memberId": 19, "parentMemberId": 18, "memberNameEn": "Mortgages", "memberNameFr": "Hypoth\u00e8ques", "classificationCode": null, "classificationTypeCode": null, "geoLevel": null, "vintage": null, "terminated": 0, "memberUomCode": null}, {"memberId": 20, "parentMemberId": 19, "memberNameEn": "Principal residence", "memberNameFr": "R\u00e9sidence principale", "classificationCode": null, "classificationTypeCode": null, "geoLevel": null, "vintage": null, "terminated": 0, "memberUomCode": null}, {"memberId": 21, "parentMemberId": 19, "memberNameEn": "Other real estate", "memberNameFr": "Autres biens immobiliers", "classificationCode": null, "classificationTypeCode": null, "geoLevel": null, "vintage": null, "terminated": 0, "memberUomCode": null}, {"memberId": 22, "parentMemberId": 18, "memberNameEn": "Line of credit", "memberNameFr": "Marge de cr\u00e9dit", "classificationCode": null, "classificationTypeCode": null, "geoLevel": null, "vintage": null, "terminated": 0, "memberUomCode": null}, {"memberId": 23, "parentMemberId": 18, "memberNameEn": "Credit card and installment debt", "memberNameFr": "Carte de cr\u00e9dit et cr\u00e9dit \u00e0 temp\u00e9rament", "classificationCode": null, "classificationTypeCode": null, "geoLevel": null, "vintage": null, "terminated": 0, "memberUomCode": null}, {"memberId": 24, "parentMemberId": 18, "memberNameEn": "Student loans", "memberNameFr": "Pr\u00eats \u00e9tudiants", "classificationCode": null, "classificationTypeCode": null, "geoLevel": null, "vintage": null, "terminated": 0, "memberUomCode": null}, {"memberId": 25, "parentMemberId": 18, "memberNameEn": "Vehicle loans", "memberNameFr": "Pr\u00eats automobiles", "classificationCode": null, "classificationTypeCode": null, "geoLevel": null, "vintage": null, "terminated": 0, "memberUomCode": null}, {"memberId": 26, "parentMemberId": 18, "memberNameEn": "Other debt", "memberNameFr": "Autres dettes", "classificationCode": null, "classificationTypeCode": null, "geoLevel": null, "vintage": null, "terminated": 0, "memberUomCode": null}, {"memberId": 27, "parentMemberId": null, "memberNameEn": "Net Worth (assets less debts)", "memberNameFr": "Valeur Nette (actifs moins dettes)", "classificationCode": null, "classificationTypeCode": null, "geoLevel": null, "vintage": null, "terminated": 0, "memberUomCode": null}]}, {"dimensionPositionId": 3, "dimensionNameEn": "Net worth quintiles", "dimensionNameFr": "Quintiles d'avoir net", "hasUom": false, "member": [{"memberId": 1, "parentMemberId": null, "memberNameEn": "Total, all net worth quintiles", "memberNameFr": "Total, ensemble quintiles d'avoir net", "classificationCode": null, "classificationTypeCode": null, "geoLevel": null, "vintage": null, "terminated": 0, "memberUomCode": null}, {"memberId": 2, "parentMemberId": 1, "memberNameEn": "Lowest net worth quintile", "memberNameFr": "Quintile inf\u00e9rieur d'avoir net", "classificationCode": null, "classificationTypeCode": null, "geoLevel": null, "vintage": null, "terminated": 0, "memberUomCode": null}, {"memberId": 3, "parentMemberId": 1, "memberNameEn": "Second net worth quintile", "memberNameFr": "Deuxi\u00e8me quintile d'avoir net", "classificationCode": null, "classificationTypeCode": null, "geoLevel": null, "vintage": null, "terminated": 0, "memberUomCode": null}, {"memberId": 4, "parentMemberId": 1, "memberNameEn": "Middle net worth quintile", "memberNameFr": "Troisi\u00e8me quintile d'avoir net", "classificationCode": null, "classificationTypeCode": null, "geoLevel": null, "vintage": null, "terminated": 0, "memberUomCode": null}, {"memberId": 5, "parentMemberId": 1, "memberNameEn": "Fourth net worth quintile", "memberNameFr": "Quatri\u00e8me quintile d'avoir net", "classificationCode": null, "classificationTypeCode": null, "geoLevel": null, "vintage": null, "terminated": 0, "memberUomCode": null}, {"memberId": 6, "parentMemberId": 1, "memberNameEn": "Highest net worth quintile", "memberNameFr": "Quintile sup\u00e9rieur d'avoir net", "classificationCode": null, "classificationTypeCode": null, "geoLevel": null, "vintage": null, "terminated": 0, "memberUomCode": null}]}, {"dimensionPositionId": 4, "dimensionNameEn": "Characteristics", "dimensionNameFr": "Caract\u00e9ristiques", "hasUom": true, "member": [{"memberId": 1, "parentMemberId": null, "memberNameEn": "Dollars", "memberNameFr": "Dollars", "classificationCode": null, "classificationTypeCode": null, "geoLevel": null, "vintage": null, "terminated": 0, "memberUomCode": 23}, {"memberId": 2, "parentMemberId": null, "memberNameEn": "Percentage of total assets or total debts", "memberNameFr": "Pourcentage de l'actif total ou de la dette totale", "classificationCode": null, "classificationTypeCode": null, "geoLevel": null, "vintage": null, "terminated": 0, "memberUomCode": 239}, {"memberId": 3, "parentMemberId": null, "memberNameEn": "Number of family units", "memberNameFr": "Nombre d'unit\u00e9s familiales", "classificationCode": null, "classificationTypeCode": null, "geoLevel": null, "vintage": null, "terminated": 0, "memberUomCode": 223}, {"memberId": 4, "parentMemberId": null, "memberNameEn": "Percentage of family units holding asset or debt", "memberNameFr": "Pourcentage des unit\u00e9s familiales d\u00e9tenant un actif ou une dette", "classificationCode": null, "classificationTypeCode": null, "geoLevel": null, "vintage": null, "terminated": 0, "memberUomCode": 239}, {"memberId": 5, "parentMemberId": null, "memberNameEn": "Median amount for family units holding asset or debt", "memberNameFr": "Montant m\u00e9dian pour les unit\u00e9s familiales d\u00e9tenant un actif ou une dette", "classificationCode": null, "classificationTypeCode": null, "geoLevel": null, "vintage": null, "terminated": 0, "memberUomCode": 23}, {"memberId": 6, "parentMemberId": null, "memberNameEn": "Average amount for family units holding asset or debt", "memberNameFr": "Montant moyen pour les unit\u00e9s familiales d\u00e9tenant un actif ou une dette", "classificationCode": null, "classificationTypeCode": null, "geoLevel": null, "vintage": null, "terminated": 0, "memberUomCode": 23}]}]