[{"dimensionPositionId": 1, "dimensionNameEn": "Geography", "dimensionNameFr": "G\u00e9ographie", "hasUom": false, "member": [{"memberId": 1, "parentMemberId": null, "memberNameEn": "Canada", "memberNameFr": "Canada", "classificationCode": null, "classificationTypeCode": null, "geoLevel": null, "vintage": null, "terminated": 0, "memberUomCode": null}, {"memberId": 2, "parentMemberId": 1, "memberNameEn": "Atlantic provinces", "memberNameFr": "Provinces de l'Atlantique", "classificationCode": null, "classificationTypeCode": null, "geoLevel": null, "vintage": null, "terminated": 0, "memberUomCode": null}, {"memberId": 3, "parentMemberId": 2, "memberNameEn": "Newfoundland and Labrador", "memberNameFr": "Terre-Neuve-et-Labrador", "classificationCode": null, "classificationTypeCode": null, "geoLevel": null, "vintage": null, "terminated": 0, "memberUomCode": null}, {"memberId": 4, "parentMemberId": 2, "memberNameEn": "Prince Edward Island", "memberNameFr": "\u00cele-du-Prince-\u00c9douard", "classificationCode": null, "classificationTypeCode": null, "geoLevel": null, "vintage": null, "terminated": 0, "memberUomCode": null}, {"memberId": 5, "parentMemberId": 2, "memberNameEn": "Nova Scotia", "memberNameFr": "Nouvelle-\u00c9cosse", "classificationCode": null, "classificationTypeCode": null, "geoLevel": null, "vintage": null, "terminated": 0, "memberUomCode": null}, {"memberId": 6, "parentMemberId": 2, "memberNameEn": "New Brunswick", "memberNameFr": "Nouveau-Brunswick", "classificationCode": null, "classificationTypeCode": null, "geoLevel": null, "vintage": null, "terminated": 0, "memberUomCode": null}, {"memberId": 7, "parentMemberId": 1, "memberNameEn": "Quebec", "memberNameFr": "Qu\u00e9bec", "classificationCode": null, "classificationTypeCode": null, "geoLevel": null, "vintage": null, "terminated": 0, "memberUomCode": null}, {"memberId": 8, "parentMemberId": 1, "memberNameEn": "Ontario", "memberNameFr": "Ontario", "classificationCode": null, "classificationTypeCode": null, "geoLevel": null, "vintage": null, "terminated": 0, "memberUomCode": null}, {"memberId": 9, "parentMemberId": 1, "memberNameEn": "Prairie provinces", "memberNameFr": "Provinces des Prairies", "classificationCode": null, "classificationTypeCode": null, "geoLevel": null, "vintage": null, "terminated": 0, "memberUomCode": null}, {"memberId": 10, "parentMemberId": 9, "memberNameEn": "Manitoba", "memberNameFr": "Manitoba", "classificationCode": null, "classificationTypeCode": null, "geoLevel": null, "vintage": null, "terminated": 0, "memberUomCode": null}, {"memberId": 11, "parentMemberId": 9, "memberNameEn": "Saskatchewan", "memberNameFr": "Saskatchewan", "classificationCode": null, "classificationTypeCode": null, "geoLevel": null, "vintage": null, "terminated": 0, "memberUomCode": null}, {"memberId": 12, "parentMemberId": 9, "memberNameEn": "Alberta", "memberNameFr": "Alberta", "classificationCode": null, "classificationTypeCode": null, "geoLevel": null, "vintage": null, "terminated": 0, "memberUomCode": null}, {"memberId": 13, "parentMemberId": 1, "memberNameEn": "British Columbia", "memberNameFr": "Colombie-Britannique", "classificationCode": null, "classificationTypeCode": null, "geoLevel": null, "vintage": null, "terminated": 0, "memberUomCode": null}, {"memberId": 29, "parentMemberId": null, "memberNameEn": "Total selected census metropolitan areas", "memberNameFr": "Total r\u00e9gions m\u00e9tropolitaines de recensement s\u00e9lectionn\u00e9es", "classificationCode": null, "classificationTypeCode": null, "geoLevel": null, "vintage": null, "terminated": 0, "memberUomCode": null}, {"memberId": 31, "parentMemberId": 29, "memberNameEn": "St. John's, Newfoundland and Labrador", "memberNameFr": "St. John's, Terre-Neuve-et-Labrador", "classificationCode": "10001", "classificationTypeCode": "1", "geoLevel": null, "vintage": null, "terminated": 0, "memberUomCode": null}, {"memberId": 14, "parentMemberId": 29, "memberNameEn": "Halifax, Nova Scotia", "memberNameFr": "Halifax, Nouvelle-\u00c9cosse", "classificationCode": "12205", "classificationTypeCode": "1", "geoLevel": null, "vintage": null, "terminated": 0, "memberUomCode": null}, {"memberId": 15, "parentMemberId": 29, "memberNameEn": "Qu\u00e9bec, Quebec", "memberNameFr": "Qu\u00e9bec, Qu\u00e9bec", "classificationCode": "24421", "classificationTypeCode": "1", "geoLevel": null, "vintage": null, "terminated": 0, "memberUomCode": null}, {"memberId": 32, "parentMemberId": 29, "memberNameEn": "Sherbrooke, Quebec", "memberNameFr": "Sherbrooke, Qu\u00e9bec", "classificationCode": "24433", "classificationTypeCode": "1", "geoLevel": null, "vintage": null, "terminated": 0, "memberUomCode": null}, {"memberId": 16, "parentMemberId": 29, "memberNameEn": "Montr\u00e9al, Quebec", "memberNameFr": "Montr\u00e9al, Qu\u00e9bec", "classificationCode": "24462", "classificationTypeCode": "1", "geoLevel": null, "vintage": null, "terminated": 0, "memberUomCode": null}, {"memberId": 17, "parentMemberId": 29, "memberNameEn": "Ottawa-Gatineau, Ontario/Quebec", "memberNameFr": "Ottawa-Gatineau, Ontario/Qu\u00e9bec", "classificationCode": "24505, 35505", "classificationTypeCode": "1", "geoLevel": null, "vintage": null, "terminated": 0, "memberUomCode": null}, {"memberId": 33, "parentMemberId": 29, "memberNameEn": "Oshawa, Ontario", "memberNameFr": "Oshawa, Ontario", "classificationCode": "35532", "classificationTypeCode": "1", "geoLevel": null, "vintage": null, "terminated": 0, "memberUomCode": null}, {"memberId": 18, "parentMemberId": 29, "memberNameEn": "Toronto, Ontario", "memberNameFr": "Toronto, Ontario", "classificationCode": "35535", "classificationTypeCode": "1", "geoLevel": null, "vintage": null, "terminated": 0, "memberUomCode": null}, {"memberId": 19, "parentMemberId": 29, "memberNameEn": "Hamilton, Ontario", "memberNameFr": "Hamilton, Ontario", "classificationCode": "35537", "classificationTypeCode": "1", "geoLevel": null, "vintage": null, "terminated": 0, "memberUomCode": null}, {"memberId": 20, "parentMemberId": 29, "memberNameEn": "St. Catharines-Niagara, Ontario", "memberNameFr": "St. Catharines-Niagara, Ontario", "classificationCode": "35539", "classificationTypeCode": "1", "geoLevel": null, "vintage": null, "terminated": 0, "memberUomCode": null}, {"memberId": 21, "parentMemberId": 29, "memberNameEn": "Kitchener-Cambridge-Waterloo, Ontario", "memberNameFr": "Kitchener-Cambridge-Waterloo, Ontario", "classificationCode": "35541", "classificationTypeCode": "1", "geoLevel": null, "vintage": null, "terminated": 0, "memberUomCode": null}, {"memberId": 22, "parentMemberId": 29, "memberNameEn": "London, Ontario", "memberNameFr": "London, Ontario", "classificationCode": "35555", "classificationTypeCode": "1", "geoLevel": null, "vintage": null, "terminated": 0, "memberUomCode": null}, {"memberId": 23, "parentMemberId": 29, "memberNameEn": "Windsor, Ontario", "memberNameFr": "Windsor, Ontario", "classificationCode": "35559", "classificationTypeCode": "1", "geoLevel": null, "vintage": null, "terminated": 0, "memberUomCode": null}, {"memberId": 24, "parentMemberId": 29, "memberNameEn": "Winnipeg, Manitoba", "memberNameFr": "Winnipeg, Manitoba", "classificationCode": "46602", "classificationTypeCode": "1", "geoLevel": null, "vintage": null, "terminated": 0, "memberUomCode": null}, {"memberId": 34, "parentMemberId": 29, "memberNameEn": "Regina, Saskatchewan", "memberNameFr": "Regina, Saskatchewan", "classificationCode": "47705", "classificationTypeCode": "1", "geoLevel": null, "vintage": null, "terminated": 0, "memberUomCode": null}, {"memberId": 35, "parentMemberId": 29, "memberNameEn": "Saskatoon, Saskatchewan", "memberNameFr": "Saskatoon, Saskatchewan", "classificationCode": "47725", "classificationTypeCode": "1", "geoLevel": null, "vintage": null, "terminated": 0, "memberUomCode": null}, {"memberId": 25, "parentMemberId": 29, "memberNameEn": "Calgary, Alberta", "memberNameFr": "Calgary, Alberta", "classificationCode": "48825", "classificationTypeCode": "1", "geoLevel": null, "vintage": null, "terminated": 0, "memberUomCode": null}, {"memberId": 26, "parentMemberId": 29, "memberNameEn": "Edmonton, Alberta", "memberNameFr": "Edmonton, Alberta", "classificationCode": "48835", "classificationTypeCode": "1", "geoLevel": null, "vintage": null, "terminated": 0, "memberUomCode": null}, {"memberId": 27, "parentMemberId": 29, "memberNameEn": "Vancouver, British Columbia", "memberNameFr": "Vancouver, Colombie-Britannique", "classificationCode": "59933", "classificationTypeCode": "1", "geoLevel": null, "vintage": null, "terminated": 0, "memberUomCode": null}, {"memberId": 28, "parentMemberId": 29, "memberNameEn": "Victoria, British Columbia", "memberNameFr": "Victoria, Colombie-Britannique", "classificationCode": "59935", "classificationTypeCode": "1", "geoLevel": null, "vintage": null, "terminated": 0, "memberUomCode": null}, {"memberId": 30, "parentMemberId": null, "memberNameEn": "All other non-selected areas", "memberNameFr": "Toutes les autres r\u00e9gions non s\u00e9lectionn\u00e9es", "classificationCode": null, "classificationTypeCode": null, "geoLevel": null, "vintage": null, "terminated": 0, "memberUomCode": null}]}, {"dimensionPositionId": 2, "dimensionNameEn": "Census family type", "dimensionNameFr": "Type de famille de recensement", "hasUom": false, "member": [{"memberId": 1, "parentMemberId": null, "memberNameEn": "Census families, two persons or more", "memberNameFr": "Familles de recensement, deux personnes ou plus", "classificationCode": null, "classificationTypeCode": null, "geoLevel": null, "vintage": null, "terminated": 0, "memberUomCode": null}, {"memberId": 2, "parentMemberId": 1, "memberNameEn": "Elderly families", "memberNameFr": "Familles de personnes \u00e2g\u00e9es", "classificationCode": null, "classificationTypeCode": null, "geoLevel": null, "vintage": null, "terminated": 0, "memberUomCode": null}, {"memberId": 3, "parentMemberId": 2, "memberNameEn": "Elderly families, married couples", "memberNameFr": "Familles de personnes \u00e2g\u00e9es, couples mari\u00e9s", "classificationCode": null, "classificationTypeCode": null, "geoLevel": null, "vintage": null, "terminated": 0, "memberUomCode": null}, {"memberId": 4, "parentMemberId": 1, "memberNameEn": "Non-elderly families", "memberNameFr": "Familles autres que de personnes \u00e2g\u00e9es", "classificationCode": null, "classificationTypeCode": null, "geoLevel": null, "vintage": null, "terminated": 0, "memberUomCode": null}, {"memberId": 5, "parentMemberId": 4, "memberNameEn": "Non-elderly families, married couples", "memberNameFr": "Familles autres que de personnes \u00e2g\u00e9es, couples mari\u00e9s", "classificationCode": null, "classificationTypeCode": null, "geoLevel": null, "vintage": null, "terminated": 0, "memberUomCode": null}, {"memberId": 6, "parentMemberId": 4, "memberNameEn": "Non-elderly families, two-parent families", "memberNameFr": "Familles autres que de personnes \u00e2g\u00e9es, familles biparentales", "classificationCode": null, "classificationTypeCode": null, "geoLevel": null, "vintage": null, "terminated": 0, "memberUomCode": null}, {"memberId": 7, "parentMemberId": 4, "memberNameEn": "Non-elderly families, female lone-parent families", "memberNameFr": "Familles autres que de personnes \u00e2g\u00e9es, familles monoparentales, femme \u00e0 leur t\u00eate", "classificationCode": null, "classificationTypeCode": null, "geoLevel": null, "vintage": null, "terminated": 0, "memberUomCode": null}, {"memberId": 8, "parentMemberId": null, "memberNameEn": "Persons not in families", "memberNameFr": "Personnes hors famille", "classificationCode": null, "classificationTypeCode": null, "geoLevel": null, "vintage": null, "terminated": 0, "memberUomCode": null}, {"memberId": 9, "parentMemberId": 8, "memberNameEn": "Elderly persons not in families", "memberNameFr": "Personnes \u00e2g\u00e9es hors famille", "classificationCode": null, "classificationTypeCode": null, "geoLevel": null, "vintage": null, "terminated": 0, "memberUomCode": null}, {"memberId": 10, "parentMemberId": 9, "memberNameEn": "Elderly males not in families", "memberNameFr": "Hommes \u00e2g\u00e9s hors famille", "classificationCode": null, "classificationTypeCode": null, "geoLevel": null, "vintage": null, "terminated": 0, "memberUomCode": null}, {"memberId": 11, "parentMemberId": 9, "memberNameEn": "Elderly females not in families", "memberNameFr": "Femmes \u00e2g\u00e9es hors famille", "classificationCode": null, "classificationTypeCode": null, "geoLevel": null, "vintage": null, "terminated": 0, "memberUomCode": null}, {"memberId": 12, "parentMemberId": 8, "memberNameEn": "Non-elderly persons not in families", "memberNameFr": "Autres personnes que des personnes \u00e2g\u00e9es hors famille", "classificationCode": null, "classificationTypeCode": null, "geoLevel": null, "vintage": null, "terminated": 0, "memberUomCode": null}, {"memberId": 13, "parentMemberId": 12, "memberNameEn": "Non-elderly males not in families", "memberNameFr": "Hommes hors famille, autres personnes que des personnes \u00e2g\u00e9es", "classificationCode": null, "classificationTypeCode": null, "geoLevel": null, "vintage": null, "terminated": 0, "memberUomCode": null}, {"memberId": 14, "parentMemberId": 12, "memberNameEn": "Non-elderly females not in families", "memberNameFr": "Femmes hors famille, autres personnes que des personnes \u00e2g\u00e9es", "classificationCode": null, "classificationTypeCode": null, "geoLevel": null, "vintage": null, "terminated": 0, "memberUomCode": null}]}, {"dimensionPositionId": 3, "dimensionNameEn": "Living arrangement", "dimensionNameFr": "Modalit\u00e9 de vie dans le m\u00e9nage", "hasUom": true, "member": [{"memberId": 1, "parentMemberId": null, "memberNameEn": "Number living on their own", "memberNameFr": "Nombre vivant seuls", "classificationCode": null, "classificationTypeCode": null, "geoLevel": null, "vintage": null, "terminated": 0, "memberUomCode": 223}, {"memberId": 3, "parentMemberId": null, "memberNameEn": "Number living with others", "memberNameFr": "Nombre vivant avec d'autres", "classificationCode": null, "classificationTypeCode": null, "geoLevel": null, "vintage": null, "terminated": 0, "memberUomCode": 223}, {"memberId": 2, "parentMemberId": null, "memberNameEn": "Average income of those living on their own", "memberNameFr": "Revenu moyen pour ceux vivant seuls", "classificationCode": null, "classificationTypeCode": null, "geoLevel": null, "vintage": null, "terminated": 0, "memberUomCode": 389}, {"memberId": 4, "parentMemberId": null, "memberNameEn": "Average income of those living with others", "memberNameFr": "Revenu moyen pour ceux vivant avec d'autres", "classificationCode": null, "classificationTypeCode": null, "geoLevel": null, "vintage": null, "terminated": 0, "memberUomCode": 389}, {"memberId": 8, "parentMemberId": null, "memberNameEn": "Median income of those living on their own", "memberNameFr": "Revenu m\u00e9dian pour ceux vivant seuls", "classificationCode": null, "classificationTypeCode": null, "geoLevel": null, "vintage": null, "terminated": 0, "memberUomCode": 389}, {"memberId": 9, "parentMemberId": null, "memberNameEn": "Median income of those living with others", "memberNameFr": "Revenu m\u00e9dian pour ceux vivant avec d'autres", "classificationCode": null, "classificationTypeCode": null, "geoLevel": null, "vintage": null, "terminated": 0, "memberUomCode": 389}, {"memberId": 7, "parentMemberId": null, "memberNameEn": "Percentage living on their own and with others", "memberNameFr": "Pourcentage vivant seuls et vivant avec d'autres", "classificationCode": null, "classificationTypeCode": null, "geoLevel": null, "vintage": null, "terminated": 0, "memberUomCode": 239}, {"memberId": 5, "parentMemberId": 7, "memberNameEn": "Percentage living on their own", "memberNameFr": "Pourcentage vivant seuls", "classificationCode": null, "classificationTypeCode": null, "geoLevel": null, "vintage": null, "terminated": 0, "memberUomCode": 239}, {"memberId": 6, "parentMemberId": 7, "memberNameEn": "Percentage living with others", "memberNameFr": "Pourcentage vivant avec d'autres", "classificationCode": null, "classificationTypeCode": null, "geoLevel": null, "vintage": null, "terminated": 0, "memberUomCode": 239}]}]