[{"dimensionPositionId": 1, "dimensionNameEn": "Geography", "dimensionNameFr": "G\u00e9ographie", "hasUom": false, "member": [{"memberId": 1, "parentMemberId": null, "memberNameEn": "Canada", "memberNameFr": "Canada", "classificationCode": "11124", "classificationTypeCode": "1", "geoLevel": 0, "vintage": 2016, "terminated": 0, "memberUomCode": null}]}, {"dimensionPositionId": 2, "dimensionNameEn": "North American Product Classification System (NAPCS) Canada 2012 Version 1.1", "dimensionNameFr": "Syst\u00e8me de classification des produits de l'Am\u00e9rique du Nord (SCPAN) Canada 2012 version 1.1", "hasUom": true, "member": [{"memberId": 1, "parentMemberId": null, "memberNameEn": "Total commodities, retail trade commissions and miscellaneous services", "memberNameFr": "Total des marchandises vendues, des commissions sur la vente au d\u00e9tail et services divers", "classificationCode": null, "classificationTypeCode": null, "geoLevel": null, "vintage": null, "terminated": 0, "memberUomCode": 81}, {"memberId": 2, "parentMemberId": 1, "memberNameEn": "Retail Services (except commissions)", "memberNameFr": "Services de commerce au d\u00e9tail (sauf les commissions)", "classificationCode": "561", "classificationTypeCode": "22", "geoLevel": null, "vintage": null, "terminated": 0, "memberUomCode": 81}, {"memberId": 3, "parentMemberId": 2, "memberNameEn": "Food at retail", "memberNameFr": "Aliments au d\u00e9tail", "classificationCode": "56111", "classificationTypeCode": "22", "geoLevel": null, "vintage": null, "terminated": 0, "memberUomCode": 81}, {"memberId": 4, "parentMemberId": 3, "memberNameEn": "Fresh food at retail", "memberNameFr": "Aliments frais au d\u00e9tail", "classificationCode": "561111", "classificationTypeCode": "22", "geoLevel": null, "vintage": null, "terminated": 0, "memberUomCode": 81}, {"memberId": 5, "parentMemberId": 4, "memberNameEn": "Fresh meat and poultry, at retail", "memberNameFr": "Viandes et volaille fra\u00eeches, au d\u00e9tail", "classificationCode": "5611111", "classificationTypeCode": "22", "geoLevel": null, "vintage": null, "terminated": 0, "memberUomCode": 81}, {"memberId": 6, "parentMemberId": 4, "memberNameEn": "Fresh fish and other seafood, at retail", "memberNameFr": "Poissons et fruits de mer frais, au d\u00e9tail", "classificationCode": "5611112", "classificationTypeCode": "22", "geoLevel": null, "vintage": null, "terminated": 0, "memberUomCode": 81}, {"memberId": 7, "parentMemberId": 4, "memberNameEn": "Fresh fruit and vegetables, at retail", "memberNameFr": "Fruits et l\u00e9gumes frais, au d\u00e9tail", "classificationCode": "5611113", "classificationTypeCode": "22", "geoLevel": null, "vintage": null, "terminated": 0, "memberUomCode": 81}, {"memberId": 8, "parentMemberId": 4, "memberNameEn": "Eggs and dairy products (except frozen desserts), at retail", "memberNameFr": "Oeufs et produits laitiers (sauf les desserts glac\u00e9s), au d\u00e9tail", "classificationCode": "5611114", "classificationTypeCode": "22", "geoLevel": null, "vintage": null, "terminated": 0, "memberUomCode": 81}, {"memberId": 9, "parentMemberId": 4, "memberNameEn": "Baked goods (except frozen products, cookies and crackers) at retail", "memberNameFr": "Produits de boulangerie et p\u00e2tisseries (sauf les produits congel\u00e9s, biscuits et craquelins), au d\u00e9tail", "classificationCode": "5611115", "classificationTypeCode": "22", "geoLevel": null, "vintage": null, "terminated": 0, "memberUomCode": 81}, {"memberId": 10, "parentMemberId": 4, "memberNameEn": "Perishable prepared foods (including fresh sliced deli meats, prepared entrees and fresh pasta) at retail", "memberNameFr": "Aliments pr\u00e9par\u00e9s p\u00e9rissables (y compris produits frais de charcuterie en tranches, plats pr\u00e9par\u00e9s et p\u00e2tes fra\u00eeches) au d\u00e9tail", "classificationCode": "5611116", "classificationTypeCode": "22", "geoLevel": null, "vintage": null, "terminated": 0, "memberUomCode": 81}, {"memberId": 11, "parentMemberId": 3, "memberNameEn": "Frozen food at retail", "memberNameFr": "Aliments congel\u00e9s au d\u00e9tail", "classificationCode": "561112", "classificationTypeCode": "22", "geoLevel": null, "vintage": null, "terminated": 0, "memberUomCode": 81}, {"memberId": 12, "parentMemberId": 3, "memberNameEn": "Packaged food dry goods at retail", "memberNameFr": "Aliments secs emball\u00e9s au d\u00e9tail", "classificationCode": "561113", "classificationTypeCode": "22", "geoLevel": null, "vintage": null, "terminated": 0, "memberUomCode": 81}, {"memberId": 13, "parentMemberId": 12, "memberNameEn": "Cookies, confectionery, and snack foods, at retail", "memberNameFr": "Biscuits, friandises et aliments \u00e0 grignoter, au d\u00e9tail", "classificationCode": "5611131", "classificationTypeCode": "22", "geoLevel": null, "vintage": null, "terminated": 0, "memberUomCode": 81}, {"memberId": 14, "parentMemberId": 12, "memberNameEn": "Packaged food dry goods, not elsewhere classified, at retail", "memberNameFr": "Aliments secs emball\u00e9s, non class\u00e9s ailleurs, au d\u00e9tail", "classificationCode": "5611132", "classificationTypeCode": "22", "geoLevel": null, "vintage": null, "terminated": 0, "memberUomCode": 81}, {"memberId": 15, "parentMemberId": 2, "memberNameEn": "Soft drinks and alcoholic beverages, at retail", "memberNameFr": "Boissons gazeuses et boissons alcoolis\u00e9es, au d\u00e9tail", "classificationCode": "56112", "classificationTypeCode": "22", "geoLevel": null, "vintage": null, "terminated": 0, "memberUomCode": 81}, {"memberId": 16, "parentMemberId": 15, "memberNameEn": "Soft drinks and non-alcoholic beverages, at retail", "memberNameFr": "Boissons gazeuses et boissons non alcoolis\u00e9es, au d\u00e9tail", "classificationCode": "561121", "classificationTypeCode": "22", "geoLevel": null, "vintage": null, "terminated": 0, "memberUomCode": 81}, {"memberId": 17, "parentMemberId": 16, "memberNameEn": "Soft drinks (except bottled water) at retail", "memberNameFr": "Boissons gazeuses (sauf l'eau embouteill\u00e9e) au d\u00e9tail", "classificationCode": "5611211", "classificationTypeCode": "22", "geoLevel": null, "vintage": null, "terminated": 0, "memberUomCode": 81}, {"memberId": 18, "parentMemberId": 16, "memberNameEn": "Non-alcoholic beverages (except soft drinks, milk, hot beverages and frozen drinks) at retail", "memberNameFr": "Boissons non alcoolis\u00e9es (sauf les boissons gazeuses, le lait, les boissons chaudes et les boissons congel\u00e9es) au d\u00e9tail", "classificationCode": "5611212", "classificationTypeCode": "22", "geoLevel": null, "vintage": null, "terminated": 0, "memberUomCode": 81}, {"memberId": 19, "parentMemberId": 16, "memberNameEn": "Hot prepared beverages (including hot coffee) at retail", "memberNameFr": "Boissons chaudes pr\u00e9par\u00e9es (y compris le caf\u00e9 chaud) au d\u00e9tail", "classificationCode": "5611213", "classificationTypeCode": "22", "geoLevel": null, "vintage": null, "terminated": 0, "memberUomCode": 81}, {"memberId": 20, "parentMemberId": 15, "memberNameEn": "Alcoholic beverages at retail", "memberNameFr": "Boissons alcoolis\u00e9es au d\u00e9tail", "classificationCode": "561122", "classificationTypeCode": "22", "geoLevel": null, "vintage": null, "terminated": 0, "memberUomCode": 81}, {"memberId": 21, "parentMemberId": 15, "memberNameEn": "Ice at retail", "memberNameFr": "Glace au d\u00e9tail", "classificationCode": "561123", "classificationTypeCode": "22", "geoLevel": null, "vintage": null, "terminated": 0, "memberUomCode": 81}, {"memberId": 22, "parentMemberId": 2, "memberNameEn": "Clothing at retail", "memberNameFr": "V\u00eatements au d\u00e9tail", "classificationCode": "56121", "classificationTypeCode": "22", "geoLevel": null, "vintage": null, "terminated": 0, "memberUomCode": 81}, {"memberId": 23, "parentMemberId": 22, "memberNameEn": "Men's clothing at retail", "memberNameFr": "V\u00eatements pour hommes au d\u00e9tail", "classificationCode": "561211", "classificationTypeCode": "22", "geoLevel": null, "vintage": null, "terminated": 0, "memberUomCode": 81}, {"memberId": 24, "parentMemberId": 23, "memberNameEn": "Men's outerwear coats and jackets, at retail", "memberNameFr": "Manteaux et vestons de dessus pour hommes, au d\u00e9tail", "classificationCode": "5612111", "classificationTypeCode": "22", "geoLevel": null, "vintage": null, "terminated": 0, "memberUomCode": 81}, {"memberId": 25, "parentMemberId": 23, "memberNameEn": "Men's suits, sport jackets and blazers, at retail", "memberNameFr": "Complets, vestons sport et blazers pour hommes, au d\u00e9tail", "classificationCode": "5612112", "classificationTypeCode": "22", "geoLevel": null, "vintage": null, "terminated": 0, "memberUomCode": 81}, {"memberId": 26, "parentMemberId": 23, "memberNameEn": "Men's pants, shirts, sweaters and other bottoms and tops, at retail", "memberNameFr": "Pantalons, chemises, chandails et autres v\u00eatements de bas et de haut pour hommes, au d\u00e9tail", "classificationCode": "5612113", "classificationTypeCode": "22", "geoLevel": null, "vintage": null, "terminated": 0, "memberUomCode": 81}, {"memberId": 27, "parentMemberId": 23, "memberNameEn": "Men's sleepwear, underwear and hosiery, at retail", "memberNameFr": "V\u00eatements de nuit, sous-v\u00eatements et articles chaussants pour hommes, au d\u00e9tail", "classificationCode": "5612114", "classificationTypeCode": "22", "geoLevel": null, "vintage": null, "terminated": 0, "memberUomCode": 81}, {"memberId": 28, "parentMemberId": 23, "memberNameEn": "Men's hats, gloves, belts, and other accessories, at retail", "memberNameFr": "Chapeaux, gants, ceintures et autres accessoires pour hommes, au d\u00e9tail", "classificationCode": "5612115", "classificationTypeCode": "22", "geoLevel": null, "vintage": null, "terminated": 0, "memberUomCode": 81}, {"memberId": 29, "parentMemberId": 23, "memberNameEn": "Men's clothing, not elsewhere classified, at retail", "memberNameFr": "V\u00eatements pour hommes, non class\u00e9s ailleurs, au d\u00e9tail", "classificationCode": "5612116", "classificationTypeCode": "22", "geoLevel": null, "vintage": null, "terminated": 0, "memberUomCode": 81}, {"memberId": 30, "parentMemberId": 22, "memberNameEn": "Women's clothing at retail", "memberNameFr": "V\u00eatements pour femmes au d\u00e9tail", "classificationCode": "561212", "classificationTypeCode": "22", "geoLevel": null, "vintage": null, "terminated": 0, "memberUomCode": 81}, {"memberId": 31, "parentMemberId": 30, "memberNameEn": "Women's outerwear coats and jackets, at retail", "memberNameFr": "Manteaux et vestons de dessus pour femmes, au d\u00e9tail", "classificationCode": "5612121", "classificationTypeCode": "22", "geoLevel": null, "vintage": null, "terminated": 0, "memberUomCode": 81}, {"memberId": 32, "parentMemberId": 30, "memberNameEn": "Women's dresses and suits, at retail", "memberNameFr": "Robes et costumes pour femmes, au d\u00e9tail", "classificationCode": "5612122", "classificationTypeCode": "22", "geoLevel": null, "vintage": null, "terminated": 0, "memberUomCode": 81}, {"memberId": 33, "parentMemberId": 30, "memberNameEn": "Women's skirts, pants, blouses, sweaters and other bottoms and tops, at retail", "memberNameFr": "Jupes, pantalons, chemisiers, chandails et autres v\u00eatements de bas et de haut pour femmes, au d\u00e9tail", "classificationCode": "5612123", "classificationTypeCode": "22", "geoLevel": null, "vintage": null, "terminated": 0, "memberUomCode": 81}, {"memberId": 34, "parentMemberId": 30, "memberNameEn": "Women's lingerie, sleepwear and underwear, at retail", "memberNameFr": "Lingerie, v\u00eatements de nuit et sous-v\u00eatements pour femmes, au d\u00e9tail", "classificationCode": "5612124", "classificationTypeCode": "22", "geoLevel": null, "vintage": null, "terminated": 0, "memberUomCode": 81}, {"memberId": 35, "parentMemberId": 30, "memberNameEn": "Women's hosiery at retail", "memberNameFr": "Articles chaussants pour femmes au d\u00e9tail", "classificationCode": "5612125", "classificationTypeCode": "22", "geoLevel": null, "vintage": null, "terminated": 0, "memberUomCode": 81}, {"memberId": 36, "parentMemberId": 30, "memberNameEn": "Women's handbags, purses and accessories, at retail", "memberNameFr": "Sacs \u00e0 main, bourses et accessoires pour femmes, au d\u00e9tail", "classificationCode": "5612126", "classificationTypeCode": "22", "geoLevel": null, "vintage": null, "terminated": 0, "memberUomCode": 81}, {"memberId": 37, "parentMemberId": 30, "memberNameEn": "Women's clothing, not elsewhere classified, at retail", "memberNameFr": "V\u00eatements pour femmes, non class\u00e9s ailleurs, au d\u00e9tail", "classificationCode": "5612127", "classificationTypeCode": "22", "geoLevel": null, "vintage": null, "terminated": 0, "memberUomCode": 81}, {"memberId": 38, "parentMemberId": 22, "memberNameEn": "Children's and infants' clothing, at retail", "memberNameFr": "V\u00eatements pour enfants et b\u00e9b\u00e9s, au d\u00e9tail", "classificationCode": "561213", "classificationTypeCode": "22", "geoLevel": null, "vintage": null, "terminated": 0, "memberUomCode": 81}, {"memberId": 39, "parentMemberId": 38, "memberNameEn": "Boys' clothing and accessories, at retail", "memberNameFr": "V\u00eatements et accessoires pour gar\u00e7ons, au d\u00e9tail", "classificationCode": "5612131", "classificationTypeCode": "22", "geoLevel": null, "vintage": null, "terminated": 0, "memberUomCode": 81}, {"memberId": 40, "parentMemberId": 38, "memberNameEn": "Girls' clothing and accessories, at retail", "memberNameFr": "V\u00eatements et accessoires pour filles, au d\u00e9tail", "classificationCode": "5612132", "classificationTypeCode": "22", "geoLevel": null, "vintage": null, "terminated": 0, "memberUomCode": 81}, {"memberId": 41, "parentMemberId": 38, "memberNameEn": "Infants' clothing and fabric accessories, at retail", "memberNameFr": "V\u00eatements et accessoires en tissu pour b\u00e9b\u00e9s, au d\u00e9tail", "classificationCode": "5612133", "classificationTypeCode": "22", "geoLevel": null, "vintage": null, "terminated": 0, "memberUomCode": 81}, {"memberId": 42, "parentMemberId": 22, "memberNameEn": "Unisex clothing, costumes and vestments, at retail", "memberNameFr": "V\u00eatements et costumes unisexes, au d\u00e9tail", "classificationCode": "561214", "classificationTypeCode": "22", "geoLevel": null, "vintage": null, "terminated": 0, "memberUomCode": 81}, {"memberId": 43, "parentMemberId": 2, "memberNameEn": "Footwear at retail", "memberNameFr": "Chaussures au d\u00e9tail", "classificationCode": "56122", "classificationTypeCode": "22", "geoLevel": null, "vintage": null, "terminated": 0, "memberUomCode": 81}, {"memberId": 44, "parentMemberId": 43, "memberNameEn": "Men's footwear at retail", "memberNameFr": "Chaussures pour hommes au d\u00e9tail", "classificationCode": "561221", "classificationTypeCode": "22", "geoLevel": null, "vintage": null, "terminated": 0, "memberUomCode": 81}, {"memberId": 45, "parentMemberId": 44, "memberNameEn": "Men's athletic footwear at retail", "memberNameFr": "Chaussures d'athl\u00e9tisme pour hommes au d\u00e9tail", "classificationCode": "5612211", "classificationTypeCode": "22", "geoLevel": null, "vintage": null, "terminated": 0, "memberUomCode": 81}, {"memberId": 46, "parentMemberId": 44, "memberNameEn": "Men's footwear and accessories (except athletic), at retail", "memberNameFr": "Chaussures et accessoires (sauf d'athl\u00e9tisme) pour hommes, au d\u00e9tail", "classificationCode": "5612212", "classificationTypeCode": "22", "geoLevel": null, "vintage": null, "terminated": 0, "memberUomCode": 81}, {"memberId": 47, "parentMemberId": 43, "memberNameEn": "Women's footwear at retail", "memberNameFr": "Chaussures pour femmes au d\u00e9tail", "classificationCode": "561222", "classificationTypeCode": "22", "geoLevel": null, "vintage": null, "terminated": 0, "memberUomCode": 81}, {"memberId": 48, "parentMemberId": 47, "memberNameEn": "Women's athletic footwear at retail", "memberNameFr": "Chaussures d'athl\u00e9tisme pour femmes au d\u00e9tail", "classificationCode": "5612221", "classificationTypeCode": "22", "geoLevel": null, "vintage": null, "terminated": 0, "memberUomCode": 81}, {"memberId": 49, "parentMemberId": 47, "memberNameEn": "Women's footwear and accessories (except athletic), at retail", "memberNameFr": "Chaussures et accessoires (sauf d'athl\u00e9tisme) pour femmes, au d\u00e9tail", "classificationCode": "5612222", "classificationTypeCode": "22", "geoLevel": null, "vintage": null, "terminated": 0, "memberUomCode": 81}, {"memberId": 50, "parentMemberId": 43, "memberNameEn": "Children's footwear at retail", "memberNameFr": "Chaussures pour enfants au d\u00e9tail", "classificationCode": "561223", "classificationTypeCode": "22", "geoLevel": null, "vintage": null, "terminated": 0, "memberUomCode": 81}, {"memberId": 51, "parentMemberId": 50, "memberNameEn": "Infants' footwear at retail", "memberNameFr": "Chaussures pour b\u00e9b\u00e9s au d\u00e9tail", "classificationCode": "5612231", "classificationTypeCode": "22", "geoLevel": null, "vintage": null, "terminated": 0, "memberUomCode": 81}, {"memberId": 52, "parentMemberId": 50, "memberNameEn": "Children's athletic footwear at retail", "memberNameFr": "Chaussures d'athl\u00e9tisme pour enfants au d\u00e9tail", "classificationCode": "5612232", "classificationTypeCode": "22", "geoLevel": null, "vintage": null, "terminated": 0, "memberUomCode": 81}, {"memberId": 53, "parentMemberId": 50, "memberNameEn": "Children's footwear, not elsewhere classified, at retail", "memberNameFr": "Chaussures pour enfants, non class\u00e9es ailleurs, au d\u00e9tail", "classificationCode": "5612233", "classificationTypeCode": "22", "geoLevel": null, "vintage": null, "terminated": 0, "memberUomCode": 81}, {"memberId": 54, "parentMemberId": 2, "memberNameEn": "Jewellery and watches, luggage and briefcases, at retail", "memberNameFr": "Bijoux et montres, valises et mallettes, au d\u00e9tail", "classificationCode": "56123", "classificationTypeCode": "22", "geoLevel": null, "vintage": null, "terminated": 0, "memberUomCode": 81}, {"memberId": 55, "parentMemberId": 54, "memberNameEn": "Jewellery and watches, at retail", "memberNameFr": "Bijoux et montres, au d\u00e9tail", "classificationCode": "561231", "classificationTypeCode": "22", "geoLevel": null, "vintage": null, "terminated": 0, "memberUomCode": 81}, {"memberId": 56, "parentMemberId": 55, "memberNameEn": "Fine jewellery (including precious metal, diamonds, gemstones, and pearls) at retail", "memberNameFr": "Bijoux de qualit\u00e9 (y compris de m\u00e9taux pr\u00e9cieux, de diamants, de pierres pr\u00e9cieuses et de perles) au d\u00e9tail", "classificationCode": "5612311", "classificationTypeCode": "22", "geoLevel": null, "vintage": null, "terminated": 0, "memberUomCode": 81}, {"memberId": 57, "parentMemberId": 55, "memberNameEn": "Costume jewellery (including base metal, glass, plastic, and synthetic stones) at retail", "memberNameFr": "Bijoux de fantaisie (y compris en m\u00e9tal commun, en verre, en plastique et en pierres synth\u00e9tiques) au d\u00e9tail", "classificationCode": "5612312", "classificationTypeCode": "22", "geoLevel": null, "vintage": null, "terminated": 0, "memberUomCode": 81}, {"memberId": 58, "parentMemberId": 55, "memberNameEn": "Watches at retail", "memberNameFr": "Montres au d\u00e9tail", "classificationCode": "5612313", "classificationTypeCode": "22", "geoLevel": null, "vintage": null, "terminated": 0, "memberUomCode": 81}, {"memberId": 59, "parentMemberId": 54, "memberNameEn": "Luggage, briefcases, knapsacks, and duffel bags, at retail", "memberNameFr": "Valises, mallettes, sacs \u00e0 dos et sacs polochons, au d\u00e9tail", "classificationCode": "561232", "classificationTypeCode": "22", "geoLevel": null, "vintage": null, "terminated": 0, "memberUomCode": 81}, {"memberId": 60, "parentMemberId": 2, "memberNameEn": "Home furniture, furnishings, housewares, appliances and electronics, at retail", "memberNameFr": "Mobilier, accessoires d'ameublement, articles m\u00e9nagers, appareils \u00e9lectrom\u00e9nagers et appareils \u00e9lectroniques, \u00e0 usage domestique, au d\u00e9tail", "classificationCode": "56131", "classificationTypeCode": "22", "geoLevel": null, "vintage": null, "terminated": 0, "memberUomCode": 81}, {"memberId": 61, "parentMemberId": 60, "memberNameEn": "Indoor home furniture at retail", "memberNameFr": "Mobilier domestique d'int\u00e9rieur au d\u00e9tail", "classificationCode": "561311", "classificationTypeCode": "22", "geoLevel": null, "vintage": null, "terminated": 0, "memberUomCode": 81}, {"memberId": 62, "parentMemberId": 61, "memberNameEn": "Mattresses and foundations, at retail", "memberNameFr": "Matelas et bases de lit, au d\u00e9tail", "classificationCode": "5613111", "classificationTypeCode": "22", "geoLevel": null, "vintage": null, "terminated": 0, "memberUomCode": 81}, {"memberId": 63, "parentMemberId": 61, "memberNameEn": "Infants' furniture at retail", "memberNameFr": "Meubles pour b\u00e9b\u00e9s au d\u00e9tail", "classificationCode": "5613112", "classificationTypeCode": "22", "geoLevel": null, "vintage": null, "terminated": 0, "memberUomCode": 81}, {"memberId": 64, "parentMemberId": 61, "memberNameEn": "Indoor home furniture, not elsewhere classified, at retail", "memberNameFr": "Meubles d'int\u00e9rieur, non class\u00e9s ailleurs, au d\u00e9tail", "classificationCode": "5613113", "classificationTypeCode": "22", "geoLevel": null, "vintage": null, "terminated": 0, "memberUomCode": 81}, {"memberId": 65, "parentMemberId": 60, "memberNameEn": "Outdoor home furniture at retail", "memberNameFr": "Mobilier domestique d'ext\u00e9rieur au d\u00e9tail", "classificationCode": "561312", "classificationTypeCode": "22", "geoLevel": null, "vintage": null, "terminated": 0, "memberUomCode": 81}, {"memberId": 66, "parentMemberId": 60, "memberNameEn": "Home furnishings at retail", "memberNameFr": "Accessoires d'ameublement de maison au d\u00e9tail", "classificationCode": "561313", "classificationTypeCode": "22", "geoLevel": null, "vintage": null, "terminated": 0, "memberUomCode": 81}, {"memberId": 67, "parentMemberId": 66, "memberNameEn": "Window treatments at retail", "memberNameFr": "Garnitures de fen\u00eatres au d\u00e9tail", "classificationCode": "5613131", "classificationTypeCode": "22", "geoLevel": null, "vintage": null, "terminated": 0, "memberUomCode": 81}, {"memberId": 68, "parentMemberId": 66, "memberNameEn": "Household textile products, not elsewhere classified, at retail", "memberNameFr": "Produits textiles \u00e0 usage domestique, non class\u00e9s ailleurs, au d\u00e9tail", "classificationCode": "5613132", "classificationTypeCode": "22", "geoLevel": null, "vintage": null, "terminated": 0, "memberUomCode": 81}, {"memberId": 69, "parentMemberId": 66, "memberNameEn": "Decorative home furnishings (except textile products) at retail", "memberNameFr": "Articles et objets de d\u00e9coration int\u00e9rieure (sauf les produits textiles), au d\u00e9tail", "classificationCode": "5613133", "classificationTypeCode": "22", "geoLevel": null, "vintage": null, "terminated": 0, "memberUomCode": 81}, {"memberId": 70, "parentMemberId": 60, "memberNameEn": "Housewares at retail", "memberNameFr": "Articles m\u00e9nagers au d\u00e9tail", "classificationCode": "561314", "classificationTypeCode": "22", "geoLevel": null, "vintage": null, "terminated": 0, "memberUomCode": 81}, {"memberId": 71, "parentMemberId": 70, "memberNameEn": "Tableware, kitchenware, cookware and bakeware, at retail", "memberNameFr": "Vaisselle, articles de cuisine, batteries de cuisine et articles de cuisson, au d\u00e9tail", "classificationCode": "5613141", "classificationTypeCode": "22", "geoLevel": null, "vintage": null, "terminated": 0, "memberUomCode": 81}, {"memberId": 72, "parentMemberId": 70, "memberNameEn": "Household cleaning supplies at retail", "memberNameFr": "Produits de nettoyage \u00e0 usage domestique au d\u00e9tail", "classificationCode": "5613142", "classificationTypeCode": "22", "geoLevel": null, "vintage": null, "terminated": 0, "memberUomCode": 81}, {"memberId": 73, "parentMemberId": 70, "memberNameEn": "Paper household supplies at retail", "memberNameFr": "Produits de papier \u00e0 usage domestique au d\u00e9tail", "classificationCode": "5613143", "classificationTypeCode": "22", "geoLevel": null, "vintage": null, "terminated": 0, "memberUomCode": 81}, {"memberId": 74, "parentMemberId": 70, "memberNameEn": "Miscellaneous household supplies, not elsewhere classified, at retail", "memberNameFr": "Fournitures et accessoires de maison, non class\u00e9s ailleurs, au d\u00e9tail", "classificationCode": "5613144", "classificationTypeCode": "22", "geoLevel": null, "vintage": null, "terminated": 0, "memberUomCode": 81}, {"memberId": 75, "parentMemberId": 60, "memberNameEn": "Home appliances at retail", "memberNameFr": "Appareils \u00e9lectrom\u00e9nagers au d\u00e9tail", "classificationCode": "561315", "classificationTypeCode": "22", "geoLevel": null, "vintage": null, "terminated": 0, "memberUomCode": 81}, {"memberId": 76, "parentMemberId": 75, "memberNameEn": "Small home appliances at retail", "memberNameFr": "Petits appareils \u00e9lectrom\u00e9nagers au d\u00e9tail", "classificationCode": "5613151", "classificationTypeCode": "22", "geoLevel": null, "vintage": null, "terminated": 0, "memberUomCode": 81}, {"memberId": 77, "parentMemberId": 75, "memberNameEn": "Major home kitchen and cleaning appliances, at retail", "memberNameFr": "Gros appareils m\u00e9nagers pour la cuisine et pour le nettoyage, au d\u00e9tail", "classificationCode": "5613152", "classificationTypeCode": "22", "geoLevel": null, "vintage": null, "terminated": 0, "memberUomCode": 81}, {"memberId": 78, "parentMemberId": 60, "memberNameEn": "Home electronics at retail", "memberNameFr": "Appareils \u00e9lectroniques de consommation au d\u00e9tail", "classificationCode": "561316", "classificationTypeCode": "22", "geoLevel": null, "vintage": null, "terminated": 0, "memberUomCode": 81}, {"memberId": 79, "parentMemberId": 78, "memberNameEn": "Computers, peripherals, and networking equipment, at retail", "memberNameFr": "Ordinateurs, appareils p\u00e9riph\u00e9riques et \u00e9quipement de r\u00e9seau, au d\u00e9tail", "classificationCode": "5613161", "classificationTypeCode": "22", "geoLevel": null, "vintage": null, "terminated": 0, "memberUomCode": 81}, {"memberId": 80, "parentMemberId": 78, "memberNameEn": "Computer software (except games) at retail", "memberNameFr": "Logiciels (sauf les ludiciels) au d\u00e9tail", "classificationCode": "5613162", "classificationTypeCode": "22", "geoLevel": null, "vintage": null, "terminated": 0, "memberUomCode": 81}, {"memberId": 81, "parentMemberId": 78, "memberNameEn": "Telephones and related products, at retail", "memberNameFr": "T\u00e9l\u00e9phones et produits connexes, au d\u00e9tail", "classificationCode": "5613163", "classificationTypeCode": "22", "geoLevel": null, "vintage": null, "terminated": 0, "memberUomCode": 81}, {"memberId": 82, "parentMemberId": 78, "memberNameEn": "Televisions and home audiovisual equipment, at retail", "memberNameFr": "T\u00e9l\u00e9viseurs et \u00e9quipement audiovisuel \u00e0 usage domestique, au d\u00e9tail", "classificationCode": "5613164", "classificationTypeCode": "22", "geoLevel": null, "vintage": null, "terminated": 0, "memberUomCode": 81}, {"memberId": 83, "parentMemberId": 78, "memberNameEn": "Cameras (except video cameras) and photographic equipment, at retail", "memberNameFr": "Appareils (sauf les cam\u00e9ras vid\u00e9o) et mat\u00e9riel photographiques, au d\u00e9tail", "classificationCode": "5613165", "classificationTypeCode": "22", "geoLevel": null, "vintage": null, "terminated": 0, "memberUomCode": 81}, {"memberId": 84, "parentMemberId": 2, "memberNameEn": "Sporting and leisure products, at retail", "memberNameFr": "Articles de sport et de loisirs, au d\u00e9tail", "classificationCode": "56141", "classificationTypeCode": "22", "geoLevel": null, "vintage": null, "terminated": 0, "memberUomCode": 81}, {"memberId": 85, "parentMemberId": 84, "memberNameEn": "Sporting equipment (including bicycles) at retail", "memberNameFr": "Articles de sport (y compris les bicyclettes) au d\u00e9tail", "classificationCode": "561411", "classificationTypeCode": "22", "geoLevel": null, "vintage": null, "terminated": 0, "memberUomCode": 81}, {"memberId": 86, "parentMemberId": 85, "memberNameEn": "Bicycles and biking equipment and accessories, at retail", "memberNameFr": "Bicyclettes, et mat\u00e9riel et accessoires de bicyclette et de cyclisme, au d\u00e9tail", "classificationCode": "5614111", "classificationTypeCode": "22", "geoLevel": null, "vintage": null, "terminated": 0, "memberUomCode": 81}, {"memberId": 87, "parentMemberId": 85, "memberNameEn": "Exercise equipment at retail", "memberNameFr": "\u00c9quipement de conditionnement physique au d\u00e9tail", "classificationCode": "5614112", "classificationTypeCode": "22", "geoLevel": null, "vintage": null, "terminated": 0, "memberUomCode": 81}, {"memberId": 88, "parentMemberId": 85, "memberNameEn": "Golf equipment at retail", "memberNameFr": "\u00c9quipement de golf au d\u00e9tail", "classificationCode": "5614113", "classificationTypeCode": "22", "geoLevel": null, "vintage": null, "terminated": 0, "memberUomCode": 81}, {"memberId": 89, "parentMemberId": 85, "memberNameEn": "Skiing and snowboarding equipment, at retail", "memberNameFr": "\u00c9quipement de ski et de planche \u00e0 neige, au d\u00e9tail", "classificationCode": "5614114", "classificationTypeCode": "22", "geoLevel": null, "vintage": null, "terminated": 0, "memberUomCode": 81}, {"memberId": 90, "parentMemberId": 85, "memberNameEn": "Hunting, fishing and camping equipment, at retail", "memberNameFr": "\u00c9quipement de chasse, de p\u00eache et de camping, au d\u00e9tail", "classificationCode": "5614115", "classificationTypeCode": "22", "geoLevel": null, "vintage": null, "terminated": 0, "memberUomCode": 81}, {"memberId": 91, "parentMemberId": 85, "memberNameEn": "Team sporting equipment at retail", "memberNameFr": "Mat\u00e9riel de sport d'\u00e9quipe au d\u00e9tail", "classificationCode": "5614116", "classificationTypeCode": "22", "geoLevel": null, "vintage": null, "terminated": 0, "memberUomCode": 81}, {"memberId": 92, "parentMemberId": 85, "memberNameEn": "Sporting equipment, not elsewhere classified, at retail", "memberNameFr": "\u00c9quipement sportif, non class\u00e9 ailleurs, au d\u00e9tail", "classificationCode": "5614117", "classificationTypeCode": "22", "geoLevel": null, "vintage": null, "terminated": 0, "memberUomCode": 81}, {"memberId": 93, "parentMemberId": 84, "memberNameEn": "Toys and games, at retail", "memberNameFr": "Jouets et jeux, au d\u00e9tail", "classificationCode": "561412", "classificationTypeCode": "22", "geoLevel": null, "vintage": null, "terminated": 0, "memberUomCode": 81}, {"memberId": 94, "parentMemberId": 93, "memberNameEn": "Electronic game consoles and game software, at retail", "memberNameFr": "Consoles de jeux \u00e9lectroniques et ludiciels, au d\u00e9tail", "classificationCode": "5614121", "classificationTypeCode": "22", "geoLevel": null, "vintage": null, "terminated": 0, "memberUomCode": 81}, {"memberId": 95, "parentMemberId": 93, "memberNameEn": "Toys and games (except game consoles and software), at retail", "memberNameFr": "Jouets et jeux (sauf les consoles de jeux \u00e9lectroniques et les ludiciels), au d\u00e9tail", "classificationCode": "5614122", "classificationTypeCode": "22", "geoLevel": null, "vintage": null, "terminated": 0, "memberUomCode": 81}, {"memberId": 96, "parentMemberId": 84, "memberNameEn": "Publications at retail", "memberNameFr": "Publications au d\u00e9tail", "classificationCode": "561413", "classificationTypeCode": "22", "geoLevel": null, "vintage": null, "terminated": 0, "memberUomCode": 81}, {"memberId": 97, "parentMemberId": 96, "memberNameEn": "Books at retail", "memberNameFr": "Livres au d\u00e9tail", "classificationCode": "5614131", "classificationTypeCode": "22", "geoLevel": null, "vintage": null, "terminated": 0, "memberUomCode": 81}, {"memberId": 98, "parentMemberId": 96, "memberNameEn": "Newspapers, magazines and periodicals, at retail", "memberNameFr": "Journaux, revues et autres p\u00e9riodiques, au d\u00e9tail", "classificationCode": "5614132", "classificationTypeCode": "22", "geoLevel": null, "vintage": null, "terminated": 0, "memberUomCode": 81}, {"memberId": 99, "parentMemberId": 96, "memberNameEn": "Publications, not elsewhere classified (including posters, art prints, maps, and greeting cards), at retail", "memberNameFr": "Publications, non class\u00e9es ailleurs (y compris les affiches, les reproductions d'oeuvres d'art, les cartes routi\u00e8res et g\u00e9ographiques et les cartes de souhaits), au d\u00e9tail", "classificationCode": "5614133", "classificationTypeCode": "22", "geoLevel": null, "vintage": null, "terminated": 0, "memberUomCode": 81}, {"memberId": 100, "parentMemberId": 84, "memberNameEn": "Audio and video recordings, at retail", "memberNameFr": "Enregistrements audio et vid\u00e9o, au d\u00e9tail", "classificationCode": "561414", "classificationTypeCode": "22", "geoLevel": null, "vintage": null, "terminated": 0, "memberUomCode": 81}, {"memberId": 101, "parentMemberId": 84, "memberNameEn": "Arts and leisure equipment and supplies, not elsewhere classified, at retail", "memberNameFr": "Mat\u00e9riel et fournitures d'art et de loisirs, non class\u00e9s ailleurs, au d\u00e9tail", "classificationCode": "561415", "classificationTypeCode": "22", "geoLevel": null, "vintage": null, "terminated": 0, "memberUomCode": 81}, {"memberId": 102, "parentMemberId": 101, "memberNameEn": "Artists' equipment and supplies, at retail", "memberNameFr": "Mat\u00e9riel et fournitures d'artistes, au d\u00e9tail", "classificationCode": "5614151", "classificationTypeCode": "22", "geoLevel": null, "vintage": null, "terminated": 0, "memberUomCode": 81}, {"memberId": 103, "parentMemberId": 101, "memberNameEn": "Musical instruments and printed music, at retail", "memberNameFr": "Instruments de musique et cahiers de musique, au d\u00e9tail", "classificationCode": "5614152", "classificationTypeCode": "22", "geoLevel": null, "vintage": null, "terminated": 0, "memberUomCode": 81}, {"memberId": 104, "parentMemberId": 101, "memberNameEn": "Sewing and knitting supplies, at retail", "memberNameFr": "Articles de couture et de tricot, au d\u00e9tail", "classificationCode": "5614153", "classificationTypeCode": "22", "geoLevel": null, "vintage": null, "terminated": 0, "memberUomCode": 81}, {"memberId": 105, "parentMemberId": 101, "memberNameEn": "Craft and hobby kits and leisure supplies, not elsewhere classified, at retail", "memberNameFr": "Articles et fournitures d'artisanat, de passe-temps et de loisirs, non class\u00e9s ailleurs, au d\u00e9tail", "classificationCode": "5614154", "classificationTypeCode": "22", "geoLevel": null, "vintage": null, "terminated": 0, "memberUomCode": 81}, {"memberId": 106, "parentMemberId": 2, "memberNameEn": "Motor vehicles at retail", "memberNameFr": "V\u00e9hicules automobiles au d\u00e9tail", "classificationCode": "56151", "classificationTypeCode": "22", "geoLevel": null, "vintage": null, "terminated": 0, "memberUomCode": 81}, {"memberId": 107, "parentMemberId": 106, "memberNameEn": "New motor vehicles at retail", "memberNameFr": "V\u00e9hicules automobiles neufs au d\u00e9tail", "classificationCode": "561511", "classificationTypeCode": "22", "geoLevel": null, "vintage": null, "terminated": 0, "memberUomCode": 81}, {"memberId": 108, "parentMemberId": 107, "memberNameEn": "New passenger automobiles at retail", "memberNameFr": "Automobiles neuves au d\u00e9tail", "classificationCode": "5615111", "classificationTypeCode": "22", "geoLevel": null, "vintage": null, "terminated": 0, "memberUomCode": 81}, {"memberId": 109, "parentMemberId": 107, "memberNameEn": "New minivans, sport utility vehicles and light trucks, at retail", "memberNameFr": "Minifourgonnettes, v\u00e9hicules utilitaires sport et camions l\u00e9gers, neufs, au d\u00e9tail", "classificationCode": "5615112", "classificationTypeCode": "22", "geoLevel": null, "vintage": null, "terminated": 0, "memberUomCode": 81}, {"memberId": 110, "parentMemberId": 107, "memberNameEn": "New medium and heavy trucks, at retail", "memberNameFr": "Camions de poids moyen et de gros tonnage neufs, au d\u00e9tail", "classificationCode": "5615113", "classificationTypeCode": "22", "geoLevel": null, "vintage": null, "terminated": 0, "memberUomCode": 81}, {"memberId": 111, "parentMemberId": 106, "memberNameEn": "Used motor vehicles at retail", "memberNameFr": "V\u00e9hicules automobiles d'occasion au d\u00e9tail", "classificationCode": "561512", "classificationTypeCode": "22", "geoLevel": null, "vintage": null, "terminated": 0, "memberUomCode": 81}, {"memberId": 112, "parentMemberId": 111, "memberNameEn": "Used passenger automobiles at retail", "memberNameFr": "Automobiles d'occasion au d\u00e9tail", "classificationCode": "5615121", "classificationTypeCode": "22", "geoLevel": null, "vintage": null, "terminated": 0, "memberUomCode": 81}, {"memberId": 113, "parentMemberId": 111, "memberNameEn": "Used minivans, sport utility vehicles and light trucks, at retail", "memberNameFr": "Minifourgonnettes, v\u00e9hicules utilitaires sport et camions l\u00e9gers, d'occasion, au d\u00e9tail", "classificationCode": "5615122", "classificationTypeCode": "22", "geoLevel": null, "vintage": null, "terminated": 0, "memberUomCode": 81}, {"memberId": 114, "parentMemberId": 111, "memberNameEn": "Used medium and heavy trucks, at retail", "memberNameFr": "Camions de poids moyen et de gros tonnage d'occasion, au d\u00e9tail", "classificationCode": "5615123", "classificationTypeCode": "22", "geoLevel": null, "vintage": null, "terminated": 0, "memberUomCode": 81}, {"memberId": 115, "parentMemberId": 2, "memberNameEn": "Recreational vehicles at retail", "memberNameFr": "V\u00e9hicules r\u00e9cr\u00e9atifs au d\u00e9tail", "classificationCode": "56152", "classificationTypeCode": "22", "geoLevel": null, "vintage": null, "terminated": 0, "memberUomCode": 81}, {"memberId": 116, "parentMemberId": 115, "memberNameEn": "New recreational vehicles at retail", "memberNameFr": "V\u00e9hicules r\u00e9cr\u00e9atifs neufs au d\u00e9tail", "classificationCode": "561521", "classificationTypeCode": "22", "geoLevel": null, "vintage": null, "terminated": 0, "memberUomCode": 81}, {"memberId": 117, "parentMemberId": 116, "memberNameEn": "New motorcycles and scooters, at retail", "memberNameFr": "Motocyclettes et scooters neufs, au d\u00e9tail", "classificationCode": "5615211", "classificationTypeCode": "22", "geoLevel": null, "vintage": null, "terminated": 0, "memberUomCode": 81}, {"memberId": 118, "parentMemberId": 116, "memberNameEn": "New motor homes, travel trailers and truck campers, at retail", "memberNameFr": "Autocaravanes, caravanes classiques et autocaravanes s\u00e9parables, neuves, au d\u00e9tail", "classificationCode": "5615212", "classificationTypeCode": "22", "geoLevel": null, "vintage": null, "terminated": 0, "memberUomCode": 81}, {"memberId": 119, "parentMemberId": 116, "memberNameEn": "New snowmobiles and other personal off-road vehicles, at retail", "memberNameFr": "Motoneiges et autres v\u00e9hicules tout terrain personnels neufs, au d\u00e9tail", "classificationCode": "5615213", "classificationTypeCode": "22", "geoLevel": null, "vintage": null, "terminated": 0, "memberUomCode": 81}, {"memberId": 120, "parentMemberId": 116, "memberNameEn": "New recreational boats and other recreational vehicles, not elsewhere classified, at retail", "memberNameFr": "Bateaux de plaisance, et autres v\u00e9hicules r\u00e9cr\u00e9atifs neufs non class\u00e9s ailleurs, au d\u00e9tail", "classificationCode": "5615214", "classificationTypeCode": "22", "geoLevel": null, "vintage": null, "terminated": 0, "memberUomCode": 81}, {"memberId": 121, "parentMemberId": 115, "memberNameEn": "Used recreational vehicles at retail", "memberNameFr": "V\u00e9hicules r\u00e9cr\u00e9atifs d'occasion au d\u00e9tail", "classificationCode": "561522", "classificationTypeCode": "22", "geoLevel": null, "vintage": null, "terminated": 0, "memberUomCode": 81}, {"memberId": 122, "parentMemberId": 121, "memberNameEn": "Used motorcycles and scooters, at retail", "memberNameFr": "Motocyclettes et scooters d'occasion, au d\u00e9tail", "classificationCode": "5615221", "classificationTypeCode": "22", "geoLevel": null, "vintage": null, "terminated": 0, "memberUomCode": 81}, {"memberId": 123, "parentMemberId": 121, "memberNameEn": "Used motor homes, travel trailers and truck campers, at retail", "memberNameFr": "Autocaravanes, caravanes classiques et autocaravanes s\u00e9parables, d'occasion, au d\u00e9tail", "classificationCode": "5615222", "classificationTypeCode": "22", "geoLevel": null, "vintage": null, "terminated": 0, "memberUomCode": 81}, {"memberId": 124, "parentMemberId": 121, "memberNameEn": "Used snowmobiles and other personal off-road vehicles, at retail", "memberNameFr": "Motoneiges et autres v\u00e9hicules personnels tout terrain d'occasion, au d\u00e9tail", "classificationCode": "5615223", "classificationTypeCode": "22", "geoLevel": null, "vintage": null, "terminated": 0, "memberUomCode": 81}, {"memberId": 125, "parentMemberId": 121, "memberNameEn": "Used recreational boats and other recreational vehicles, not elsewhere classified, at retail", "memberNameFr": "Bateaux de plaisance, et autres v\u00e9hicules r\u00e9cr\u00e9atifs d'occasion non class\u00e9s ailleurs, au d\u00e9tail", "classificationCode": "5615224", "classificationTypeCode": "22", "geoLevel": null, "vintage": null, "terminated": 0, "memberUomCode": 81}, {"memberId": 126, "parentMemberId": 2, "memberNameEn": "Motor vehicle parts, accessories and supplies, at retail", "memberNameFr": "Pi\u00e8ces, accessoires et fournitures de v\u00e9hicules automobiles, au d\u00e9tail", "classificationCode": "56153", "classificationTypeCode": "22", "geoLevel": null, "vintage": null, "terminated": 0, "memberUomCode": 81}, {"memberId": 127, "parentMemberId": 126, "memberNameEn": "Motor vehicle parts, accessories and supplies, at retail", "memberNameFr": "Pi\u00e8ces, accessoires et fournitures de v\u00e9hicules automobiles, au d\u00e9tail", "classificationCode": "561531", "classificationTypeCode": "22", "geoLevel": null, "vintage": null, "terminated": 0, "memberUomCode": 81}, {"memberId": 128, "parentMemberId": 127, "memberNameEn": "New motor vehicle tires at retail", "memberNameFr": "Pneus neufs de v\u00e9hicules automobiles au d\u00e9tail", "classificationCode": "5615311", "classificationTypeCode": "22", "geoLevel": null, "vintage": null, "terminated": 0, "memberUomCode": 81}, {"memberId": 129, "parentMemberId": 127, "memberNameEn": "Motor vehicle parts and accessories (except tires), new and used, at retail", "memberNameFr": "Pi\u00e8ces et accessoires de v\u00e9hicules automobiles (sauf les pneus), neufs et d'occasion, au d\u00e9tail", "classificationCode": "5615312", "classificationTypeCode": "22", "geoLevel": null, "vintage": null, "terminated": 0, "memberUomCode": 81}, {"memberId": 130, "parentMemberId": 127, "memberNameEn": "Motor vehicle chemicals at retail", "memberNameFr": "Huiles et additifs pour les v\u00e9hicules automobiles, au d\u00e9tail", "classificationCode": "5615313", "classificationTypeCode": "22", "geoLevel": null, "vintage": null, "terminated": 0, "memberUomCode": 81}, {"memberId": 131, "parentMemberId": 2, "memberNameEn": "Automotive and household fuels, at retail", "memberNameFr": "Carburants pour les v\u00e9hicules automobiles et combustibles r\u00e9sidentiels, au d\u00e9tail", "classificationCode": "56161", "classificationTypeCode": "22", "geoLevel": null, "vintage": null, "terminated": 0, "memberUomCode": 81}, {"memberId": 132, "parentMemberId": 131, "memberNameEn": "Automotive fuels at retail", "memberNameFr": "Carburants pour les v\u00e9hicules automobiles, au d\u00e9tail", "classificationCode": "561611", "classificationTypeCode": "22", "geoLevel": null, "vintage": null, "terminated": 0, "memberUomCode": 81}, {"memberId": 133, "parentMemberId": 131, "memberNameEn": "Household fuels at retail", "memberNameFr": "Combustibles r\u00e9sidentiels au d\u00e9tail", "classificationCode": "561612", "classificationTypeCode": "22", "geoLevel": null, "vintage": null, "terminated": 0, "memberUomCode": 81}, {"memberId": 134, "parentMemberId": 2, "memberNameEn": "Home health products at retail", "memberNameFr": "Produits de sant\u00e9 \u00e0 usage domestique au d\u00e9tail", "classificationCode": "56171", "classificationTypeCode": "22", "geoLevel": null, "vintage": null, "terminated": 0, "memberUomCode": 81}, {"memberId": 135, "parentMemberId": 134, "memberNameEn": "Pharmaceuticals at retail", "memberNameFr": "Produits pharmaceutiques au d\u00e9tail", "classificationCode": "561711", "classificationTypeCode": "22", "geoLevel": null, "vintage": null, "terminated": 0, "memberUomCode": 81}, {"memberId": 136, "parentMemberId": 135, "memberNameEn": "Prescription pharmaceuticals at retail", "memberNameFr": "Produits pharmaceutiques sur ordonnance au d\u00e9tail", "classificationCode": "5617111", "classificationTypeCode": "22", "geoLevel": null, "vintage": null, "terminated": 0, "memberUomCode": 81}, {"memberId": 137, "parentMemberId": 135, "memberNameEn": "Non-prescription pharmaceuticals at retail", "memberNameFr": "Produits pharmaceutiques en vente libre au d\u00e9tail", "classificationCode": "5617112", "classificationTypeCode": "22", "geoLevel": null, "vintage": null, "terminated": 0, "memberUomCode": 81}, {"memberId": 138, "parentMemberId": 135, "memberNameEn": "Vitamin, mineral, and other health supplements, at retail", "memberNameFr": "Vitamines, min\u00e9raux et autres suppl\u00e9ments de sant\u00e9, au d\u00e9tail", "classificationCode": "5617113", "classificationTypeCode": "22", "geoLevel": null, "vintage": null, "terminated": 0, "memberUomCode": 81}, {"memberId": 139, "parentMemberId": 134, "memberNameEn": "Eyewear at retail", "memberNameFr": "Lunettes et lentilles, au d\u00e9tail", "classificationCode": "561712", "classificationTypeCode": "22", "geoLevel": null, "vintage": null, "terminated": 0, "memberUomCode": 81}, {"memberId": 140, "parentMemberId": 139, "memberNameEn": "Prescription eyewear at retail", "memberNameFr": "Lunettes et lentilles prescrites, au d\u00e9tail", "classificationCode": "5617121", "classificationTypeCode": "22", "geoLevel": null, "vintage": null, "terminated": 0, "memberUomCode": 81}, {"memberId": 141, "parentMemberId": 139, "memberNameEn": "Non-prescription eyewear at retail", "memberNameFr": "Lunettes et lentilles vendues sans ordonnance, au d\u00e9tail", "classificationCode": "5617122", "classificationTypeCode": "22", "geoLevel": null, "vintage": null, "terminated": 0, "memberUomCode": 81}, {"memberId": 142, "parentMemberId": 134, "memberNameEn": "Home health products, not elsewhere classified, at retail", "memberNameFr": "Produits de sant\u00e9 \u00e0 usage domestique, non class\u00e9s ailleurs, au d\u00e9tail", "classificationCode": "561713", "classificationTypeCode": "22", "geoLevel": null, "vintage": null, "terminated": 0, "memberUomCode": 81}, {"memberId": 143, "parentMemberId": 2, "memberNameEn": "Infant care, personal and beauty products, at retail", "memberNameFr": "Produits de soins pour b\u00e9b\u00e9s, de beaut\u00e9 et d'hygi\u00e8ne personnelle, au d\u00e9tail", "classificationCode": "56172", "classificationTypeCode": "22", "geoLevel": null, "vintage": null, "terminated": 0, "memberUomCode": 81}, {"memberId": 144, "parentMemberId": 143, "memberNameEn": "Infant care products at retail", "memberNameFr": "Produits de soins pour b\u00e9b\u00e9s au d\u00e9tail", "classificationCode": "561721", "classificationTypeCode": "22", "geoLevel": null, "vintage": null, "terminated": 0, "memberUomCode": 81}, {"memberId": 145, "parentMemberId": 144, "memberNameEn": "Disposable diapers at retail", "memberNameFr": "Couches jetables au d\u00e9tail", "classificationCode": "5617211", "classificationTypeCode": "22", "geoLevel": null, "vintage": null, "terminated": 0, "memberUomCode": 81}, {"memberId": 146, "parentMemberId": 144, "memberNameEn": "Infants' and children's car seats, at retail", "memberNameFr": "Si\u00e8ges d'auto pour b\u00e9b\u00e9s et pour enfants, au d\u00e9tail", "classificationCode": "5617212", "classificationTypeCode": "22", "geoLevel": null, "vintage": null, "terminated": 0, "memberUomCode": 81}, {"memberId": 147, "parentMemberId": 144, "memberNameEn": "Strollers and infant care products, not elsewhere classified, at retail", "memberNameFr": "Poussettes et produits de soins pour b\u00e9b\u00e9s, non class\u00e9s ailleurs, au d\u00e9tail", "classificationCode": "5617213", "classificationTypeCode": "22", "geoLevel": null, "vintage": null, "terminated": 0, "memberUomCode": 81}, {"memberId": 148, "parentMemberId": 143, "memberNameEn": "Personal and beauty products, at retail", "memberNameFr": "Produits de beaut\u00e9 et d'hygi\u00e8ne personnelle, au d\u00e9tail", "classificationCode": "561722", "classificationTypeCode": "22", "geoLevel": null, "vintage": null, "terminated": 0, "memberUomCode": 81}, {"memberId": 149, "parentMemberId": 148, "memberNameEn": "Cosmetics and fragrances, at retail", "memberNameFr": "Produits cosm\u00e9tiques et parfums, au d\u00e9tail", "classificationCode": "5617221", "classificationTypeCode": "22", "geoLevel": null, "vintage": null, "terminated": 0, "memberUomCode": 81}, {"memberId": 150, "parentMemberId": 148, "memberNameEn": "Toiletries at retail", "memberNameFr": "Produits de toilette au d\u00e9tail", "classificationCode": "5617222", "classificationTypeCode": "22", "geoLevel": null, "vintage": null, "terminated": 0, "memberUomCode": 81}, {"memberId": 151, "parentMemberId": 148, "memberNameEn": "Feminine hygiene products at retail", "memberNameFr": "Produits d'hygi\u00e8ne f\u00e9minine au d\u00e9tail", "classificationCode": "5617223", "classificationTypeCode": "22", "geoLevel": null, "vintage": null, "terminated": 0, "memberUomCode": 81}, {"memberId": 152, "parentMemberId": 148, "memberNameEn": "Personal care supplies and equipment, not elsewhere classified, at retail", "memberNameFr": "Articles et produits de soin personnel, non class\u00e9s ailleurs, au d\u00e9tail", "classificationCode": "5617224", "classificationTypeCode": "22", "geoLevel": null, "vintage": null, "terminated": 0, "memberUomCode": 81}, {"memberId": 153, "parentMemberId": 2, "memberNameEn": "Hardware, tools, renovation and lawn and garden products, at retail", "memberNameFr": "Articles de quincaillerie, outils, articles de r\u00e9novation et produits pour pelouse et jardin, au d\u00e9tail", "classificationCode": "56181", "classificationTypeCode": "22", "geoLevel": null, "vintage": null, "terminated": 0, "memberUomCode": 81}, {"memberId": 154, "parentMemberId": 153, "memberNameEn": "Hardware and tools, at retail", "memberNameFr": "Articles de quincaillerie et outils, au d\u00e9tail", "classificationCode": "561811", "classificationTypeCode": "22", "geoLevel": null, "vintage": null, "terminated": 0, "memberUomCode": 81}, {"memberId": 155, "parentMemberId": 154, "memberNameEn": "Hardware at retail", "memberNameFr": "Articles de quincaillerie au d\u00e9tail", "classificationCode": "5618111", "classificationTypeCode": "22", "geoLevel": null, "vintage": null, "terminated": 0, "memberUomCode": 81}, {"memberId": 156, "parentMemberId": 154, "memberNameEn": "Hand tools at retail", "memberNameFr": "Outils \u00e0 main au d\u00e9tail", "classificationCode": "5618112", "classificationTypeCode": "22", "geoLevel": null, "vintage": null, "terminated": 0, "memberUomCode": 81}, {"memberId": 157, "parentMemberId": 154, "memberNameEn": "Power tools at retail", "memberNameFr": "Outils \u00e9lectriques au d\u00e9tail", "classificationCode": "5618113", "classificationTypeCode": "22", "geoLevel": null, "vintage": null, "terminated": 0, "memberUomCode": 81}, {"memberId": 158, "parentMemberId": 153, "memberNameEn": "Renovation materials and supplies, at retail", "memberNameFr": "Mat\u00e9riaux et fournitures de r\u00e9novation, au d\u00e9tail", "classificationCode": "561812", "classificationTypeCode": "22", "geoLevel": null, "vintage": null, "terminated": 0, "memberUomCode": 81}, {"memberId": 159, "parentMemberId": 158, "memberNameEn": "Major household air-conditioning, heating, and water heating equipment, at retail", "memberNameFr": "\u00c9quipement r\u00e9sidentiel de climatisation, de chauffage et de chauffage de l'eau, au d\u00e9tail", "classificationCode": "5618121", "classificationTypeCode": "22", "geoLevel": null, "vintage": null, "terminated": 0, "memberUomCode": 81}, {"memberId": 160, "parentMemberId": 158, "memberNameEn": "Plumbing and electrical supplies (including fixtures), at retail", "memberNameFr": "Fournitures \u00e9lectriques et de plomberie (y compris les luminaires et les appareils sanitaires), au d\u00e9tail", "classificationCode": "5618122", "classificationTypeCode": "22", "geoLevel": null, "vintage": null, "terminated": 0, "memberUomCode": 81}, {"memberId": 161, "parentMemberId": 158, "memberNameEn": "Paint, painting supplies and wallpaper, at retail", "memberNameFr": "Peinture, fournitures de peinture et papier peint, au d\u00e9tail", "classificationCode": "5618123", "classificationTypeCode": "22", "geoLevel": null, "vintage": null, "terminated": 0, "memberUomCode": 81}, {"memberId": 162, "parentMemberId": 158, "memberNameEn": "Flooring, floor coverings and floor and wall tiles, at retail", "memberNameFr": "Plancher, rev\u00eatements de plancher et carreaux de sol et de mur, au d\u00e9tail", "classificationCode": "5618124", "classificationTypeCode": "22", "geoLevel": null, "vintage": null, "terminated": 0, "memberUomCode": 81}, {"memberId": 163, "parentMemberId": 158, "memberNameEn": "Lumber and other renovation materials and supplies, at retail", "memberNameFr": "Bois d'oeuvre et autres mat\u00e9riaux et fournitures de r\u00e9novation, au d\u00e9tail", "classificationCode": "5618125", "classificationTypeCode": "22", "geoLevel": null, "vintage": null, "terminated": 0, "memberUomCode": 81}, {"memberId": 164, "parentMemberId": 158, "memberNameEn": "Hardware and renovation related products, not elsewhere classified, at retail", "memberNameFr": "Articles de quincaillerie et produits de r\u00e9novation connexes, non class\u00e9s ailleurs, au d\u00e9tail", "classificationCode": "5618126", "classificationTypeCode": "22", "geoLevel": null, "vintage": null, "terminated": 0, "memberUomCode": 81}, {"memberId": 165, "parentMemberId": 153, "memberNameEn": "Home lawn and garden equipment and supplies, at retail", "memberNameFr": "\u00c9quipement et articles domestiques pour la pelouse et le jardin, au d\u00e9tail", "classificationCode": "561813", "classificationTypeCode": "22", "geoLevel": null, "vintage": null, "terminated": 0, "memberUomCode": 81}, {"memberId": 166, "parentMemberId": 165, "memberNameEn": "Lawnmowers, snowblowers and gardening tools, at retail", "memberNameFr": "Tondeuses \u00e0 gazon, souffleuses et outils de jardinage, au d\u00e9tail", "classificationCode": "5618131", "classificationTypeCode": "22", "geoLevel": null, "vintage": null, "terminated": 0, "memberUomCode": 81}, {"memberId": 167, "parentMemberId": 165, "memberNameEn": "Live plants, seeds and other home and garden supplies (except agricultural fertilizers and pesticides), at retail", "memberNameFr": "Plantes vivantes, graines, et autres accessoires et fournitures pour la maison et le jardin (sauf les engrais et pesticides agricoles), au d\u00e9tail", "classificationCode": "5618132", "classificationTypeCode": "22", "geoLevel": null, "vintage": null, "terminated": 0, "memberUomCode": 81}, {"memberId": 168, "parentMemberId": 2, "memberNameEn": "Miscellaneous products at retail", "memberNameFr": "Produits divers au d\u00e9tail", "classificationCode": "56191", "classificationTypeCode": "22", "geoLevel": null, "vintage": null, "terminated": 0, "memberUomCode": 81}, {"memberId": 169, "parentMemberId": 168, "memberNameEn": "Pets, pet food and pet supplies, at retail", "memberNameFr": "Animaux de compagnie, aliments pour animaux de compagnie et fournitures pour animaux de compagnie, au d\u00e9tail", "classificationCode": "561911", "classificationTypeCode": "22", "geoLevel": null, "vintage": null, "terminated": 0, "memberUomCode": 81}, {"memberId": 170, "parentMemberId": 169, "memberNameEn": "Pets at retail", "memberNameFr": "Animaux de compagnie au d\u00e9tail", "classificationCode": "5619111", "classificationTypeCode": "22", "geoLevel": null, "vintage": null, "terminated": 0, "memberUomCode": 81}, {"memberId": 171, "parentMemberId": 169, "memberNameEn": "Pet food, supplies, and accessories, at retail", "memberNameFr": "Aliments, fournitures et accessoires pour animaux de compagnie, au d\u00e9tail", "classificationCode": "5619112", "classificationTypeCode": "22", "geoLevel": null, "vintage": null, "terminated": 0, "memberUomCode": 81}, {"memberId": 172, "parentMemberId": 168, "memberNameEn": "Tobacco products and accessories, at retail", "memberNameFr": "Produits du tabac et accessoires, au d\u00e9tail", "classificationCode": "561912", "classificationTypeCode": "22", "geoLevel": null, "vintage": null, "terminated": 0, "memberUomCode": 81}, {"memberId": 173, "parentMemberId": 168, "memberNameEn": "Home office equipment and supplies, not elsewhere classified, at retail", "memberNameFr": "Mat\u00e9riel et fournitures de bureau pour la maison, non class\u00e9s ailleurs, au d\u00e9tail", "classificationCode": "561913", "classificationTypeCode": "22", "geoLevel": null, "vintage": null, "terminated": 0, "memberUomCode": 81}, {"memberId": 174, "parentMemberId": 173, "memberNameEn": "Home office equipment, not elsewhere classified, at retail", "memberNameFr": "Mat\u00e9riel de bureau pour la maison, non class\u00e9 ailleurs, au d\u00e9tail", "classificationCode": "5619131", "classificationTypeCode": "22", "geoLevel": null, "vintage": null, "terminated": 0, "memberUomCode": 81}, {"memberId": 175, "parentMemberId": 173, "memberNameEn": "Home office supplies, not elsewhere classified, at retail", "memberNameFr": "Fournitures de bureau pour la maison, non class\u00e9es ailleurs, au d\u00e9tail", "classificationCode": "5619132", "classificationTypeCode": "22", "geoLevel": null, "vintage": null, "terminated": 0, "memberUomCode": 81}, {"memberId": 176, "parentMemberId": 168, "memberNameEn": "Farm equipment and supplies, at retail", "memberNameFr": "\u00c9quipement et fournitures agricoles, au d\u00e9tail", "classificationCode": "561914", "classificationTypeCode": "22", "geoLevel": null, "vintage": null, "terminated": 0, "memberUomCode": 81}, {"memberId": 177, "parentMemberId": 176, "memberNameEn": "Farm equipment at retail", "memberNameFr": "\u00c9quipement agricole au d\u00e9tail", "classificationCode": "5619141", "classificationTypeCode": "22", "geoLevel": null, "vintage": null, "terminated": 0, "memberUomCode": 81}, {"memberId": 178, "parentMemberId": 176, "memberNameEn": "Farm supplies at retail", "memberNameFr": "Fournitures agricoles au d\u00e9tail", "classificationCode": "5619142", "classificationTypeCode": "22", "geoLevel": null, "vintage": null, "terminated": 0, "memberUomCode": 81}, {"memberId": 179, "parentMemberId": 168, "memberNameEn": "Equipment and supplies, not elsewhere classified, at retail", "memberNameFr": "\u00c9quipement et fournitures, non class\u00e9s ailleurs, au d\u00e9tail", "classificationCode": "561915", "classificationTypeCode": "22", "geoLevel": null, "vintage": null, "terminated": 0, "memberUomCode": 81}, {"memberId": 180, "parentMemberId": 179, "memberNameEn": "Supplies for beer- and wine-making at retail", "memberNameFr": "Fournitures pour fabrication de bi\u00e8re et de vin au d\u00e9tail", "classificationCode": "5619151", "classificationTypeCode": "22", "geoLevel": null, "vintage": null, "terminated": 0, "memberUomCode": 81}, {"memberId": 181, "parentMemberId": 179, "memberNameEn": "Cut flowers, indoor potted plants and floral supplies, at retail", "memberNameFr": "Fleurs coup\u00e9es, plantes en pot d'int\u00e9rieur et articles floraux, au d\u00e9tail", "classificationCode": "5619152", "classificationTypeCode": "22", "geoLevel": null, "vintage": null, "terminated": 0, "memberUomCode": 81}, {"memberId": 182, "parentMemberId": 179, "memberNameEn": "Monuments and tombstones, at retail", "memberNameFr": "Monuments et pierres tombales, au d\u00e9tail", "classificationCode": "5619153", "classificationTypeCode": "22", "geoLevel": null, "vintage": null, "terminated": 0, "memberUomCode": 81}, {"memberId": 183, "parentMemberId": 179, "memberNameEn": "Manufactured mobile homes at retail", "memberNameFr": "Maisons mobiles pr\u00e9fabriqu\u00e9es au d\u00e9tail", "classificationCode": "5619154", "classificationTypeCode": "22", "geoLevel": null, "vintage": null, "terminated": 0, "memberUomCode": 81}, {"memberId": 184, "parentMemberId": 179, "memberNameEn": "Professional and scientific instruments, at retail", "memberNameFr": "Instruments professionnels et scientifiques, au d\u00e9tail", "classificationCode": "5619155", "classificationTypeCode": "22", "geoLevel": null, "vintage": null, "terminated": 0, "memberUomCode": 81}, {"memberId": 185, "parentMemberId": 179, "memberNameEn": "Equipment and supplies for non-farm activities, not elsewhere classified, at retail", "memberNameFr": "\u00c9quipement et fournitures pour activit\u00e9s non agricoles, non class\u00e9s ailleurs, au d\u00e9tail", "classificationCode": "5619156", "classificationTypeCode": "22", "geoLevel": null, "vintage": null, "terminated": 0, "memberUomCode": 81}, {"memberId": 186, "parentMemberId": 179, "memberNameEn": "Miscellaneous retail products, not elsewhere classified, at retail", "memberNameFr": "Produits divers en vente au d\u00e9tail, non class\u00e9s ailleurs, au d\u00e9tail", "classificationCode": "5619157", "classificationTypeCode": "22", "geoLevel": null, "vintage": null, "terminated": 0, "memberUomCode": 81}, {"memberId": 187, "parentMemberId": 168, "memberNameEn": "Artwork, collectibles, antiques, and used or second-hand merchandise (except motor vehicles and mobile homes), at retail", "memberNameFr": "Oeuvres d'art, objets de collection, antiquit\u00e9s, et marchandises usag\u00e9es ou d'occasion (sauf les v\u00e9hicules automobiles et les maisons mobiles), au d\u00e9tail", "classificationCode": "561916", "classificationTypeCode": "22", "geoLevel": null, "vintage": null, "terminated": 0, "memberUomCode": 81}, {"memberId": 188, "parentMemberId": 187, "memberNameEn": "Artwork at retail", "memberNameFr": "Oeuvres d'art au d\u00e9tail", "classificationCode": "5619161", "classificationTypeCode": "22", "geoLevel": null, "vintage": null, "terminated": 0, "memberUomCode": 81}, {"memberId": 189, "parentMemberId": 187, "memberNameEn": "Collectors' items at retail", "memberNameFr": "Articles de collectionneur au d\u00e9tail", "classificationCode": "5619162", "classificationTypeCode": "22", "geoLevel": null, "vintage": null, "terminated": 0, "memberUomCode": 81}, {"memberId": 190, "parentMemberId": 187, "memberNameEn": "Antiques, and used or second-hand merchandise (except motor vehicles and mobile homes), at retail", "memberNameFr": "Antiquit\u00e9s et marchandises usag\u00e9es ou d'occasion (sauf les v\u00e9hicules automobiles et les maisons mobiles), au d\u00e9tail", "classificationCode": "5619163", "classificationTypeCode": "22", "geoLevel": null, "vintage": null, "terminated": 0, "memberUomCode": 81}, {"memberId": 191, "parentMemberId": 1, "memberNameEn": "Total retail trade commissions and miscellaneous services", "memberNameFr": "Total des commissions sur la vente au d\u00e9tail et services divers", "classificationCode": null, "classificationTypeCode": null, "geoLevel": null, "vintage": null, "terminated": 0, "memberUomCode": 81}, {"memberId": 192, "parentMemberId": 191, "memberNameEn": "Retail trade commissions", "memberNameFr": "Commissions sur le commerce de d\u00e9tail", "classificationCode": "56211", "classificationTypeCode": "22", "geoLevel": null, "vintage": null, "terminated": 0, "memberUomCode": 81}, {"memberId": 193, "parentMemberId": 191, "memberNameEn": "Office machinery and equipment rental and leasing services (except computer equipment)", "memberNameFr": "Services de location et de location \u00e0 bail de machines et mat\u00e9riel de bureau (sauf le mat\u00e9riel informatique)", "classificationCode": "58122", "classificationTypeCode": "22", "geoLevel": null, "vintage": null, "terminated": 0, "memberUomCode": 81}, {"memberId": 194, "parentMemberId": 191, "memberNameEn": "Rental and leasing services of other goods", "memberNameFr": "Services de location et de location \u00e0 bail d'autres biens", "classificationCode": "58141", "classificationTypeCode": "22", "geoLevel": null, "vintage": null, "terminated": 0, "memberUomCode": 81}, {"memberId": 195, "parentMemberId": 191, "memberNameEn": "Repair and maintenance services (except for buildings and motor vehicles)", "memberNameFr": "Services de r\u00e9paration et d'entretien (sauf pour les b\u00e2timents et les v\u00e9hicules automobiles)", "classificationCode": "57111", "classificationTypeCode": "22", "geoLevel": null, "vintage": null, "terminated": 0, "memberUomCode": 81}, {"memberId": 196, "parentMemberId": 191, "memberNameEn": "Prepared meals and beverages", "memberNameFr": "Repas pr\u00e9par\u00e9s et boissons", "classificationCode": "841", "classificationTypeCode": "22", "geoLevel": null, "vintage": null, "terminated": 0, "memberUomCode": 81}, {"memberId": 197, "parentMemberId": 191, "memberNameEn": "Computer equipment rental and leasing services", "memberNameFr": "Services de location et de location \u00e0 bail de mat\u00e9riel informatique", "classificationCode": "58121", "classificationTypeCode": "22", "geoLevel": null, "vintage": null, "terminated": 0, "memberUomCode": 81}, {"memberId": 198, "parentMemberId": 191, "memberNameEn": "Motor vehicle rental and leasing services", "memberNameFr": "Services de location et de location \u00e0 bail de v\u00e9hicules automobiles", "classificationCode": "58111", "classificationTypeCode": "22", "geoLevel": null, "vintage": null, "terminated": 0, "memberUomCode": 81}, {"memberId": 199, "parentMemberId": 191, "memberNameEn": "Motor vehicle maintenance and repair services", "memberNameFr": "Services d'entretien et de r\u00e9paration de v\u00e9hicules automobiles", "classificationCode": "53112", "classificationTypeCode": "22", "geoLevel": null, "vintage": null, "terminated": 0, "memberUomCode": 81}, {"memberId": 200, "parentMemberId": 191, "memberNameEn": "Commercial and industrial machinery and equipment (except office equipment) rental and leasing services", "memberNameFr": "Services de location et de location \u00e0 bail de machines et mat\u00e9riel d'usage commercial et industriel (sauf le mat\u00e9riel de bureau)", "classificationCode": "58131", "classificationTypeCode": "22", "geoLevel": null, "vintage": null, "terminated": 0, "memberUomCode": 81}]}]