[{"dimensionPositionId": 1, "dimensionNameEn": "Geography", "dimensionNameFr": "G\u00e9ographie", "hasUom": false, "member": [{"memberId": 1, "parentMemberId": null, "memberNameEn": "Canada", "memberNameFr": "Canada", "classificationCode": "11124", "classificationTypeCode": "1", "geoLevel": 0, "vintage": 2016, "terminated": 0, "memberUomCode": null}]}, {"dimensionPositionId": 2, "dimensionNameEn": "Defined benefit registered pension plans", "dimensionNameFr": "R\u00e9gimes de pension agr\u00e9\u00e9s \u00e0 prestations d\u00e9termin\u00e9es", "hasUom": false, "member": [{"memberId": 1, "parentMemberId": null, "memberNameEn": "Total of defined benefit registered pension plans", "memberNameFr": "Total des r\u00e9gimes de pension agr\u00e9\u00e9s \u00e0 prestations d\u00e9termin\u00e9es", "classificationCode": null, "classificationTypeCode": null, "geoLevel": null, "vintage": null, "terminated": 0, "memberUomCode": null}, {"memberId": 2, "parentMemberId": 1, "memberNameEn": "Public sector defined benefit registered pension plans", "memberNameFr": "R\u00e9gimes de pension agr\u00e9\u00e9s \u00e0 prestations d\u00e9termin\u00e9es du secteur public", "classificationCode": null, "classificationTypeCode": null, "geoLevel": null, "vintage": null, "terminated": 0, "memberUomCode": null}, {"memberId": 3, "parentMemberId": 1, "memberNameEn": "Private sector defined benefit registered pension plans", "memberNameFr": "R\u00e9gimes de pension agr\u00e9\u00e9s \u00e0 prestations d\u00e9termin\u00e9es du secteur priv\u00e9", "classificationCode": null, "classificationTypeCode": null, "geoLevel": null, "vintage": null, "terminated": 0, "memberUomCode": null}, {"memberId": 4, "parentMemberId": null, "memberNameEn": "Contributory defined benefit registered pension plans", "memberNameFr": "R\u00e9gimes de pension agr\u00e9\u00e9s \u00e0 prestations d\u00e9termin\u00e9es contributifs", "classificationCode": null, "classificationTypeCode": null, "geoLevel": null, "vintage": null, "terminated": 0, "memberUomCode": null}, {"memberId": 5, "parentMemberId": null, "memberNameEn": "Non-contributory defined benefit registered pension plans", "memberNameFr": "R\u00e9gimes de pension agr\u00e9\u00e9s \u00e0 prestations d\u00e9termin\u00e9es non-contributifs", "classificationCode": null, "classificationTypeCode": null, "geoLevel": null, "vintage": null, "terminated": 0, "memberUomCode": null}]}, {"dimensionPositionId": 3, "dimensionNameEn": "Earnings base", "dimensionNameFr": "Base des gains", "hasUom": false, "member": [{"memberId": 1, "parentMemberId": null, "memberNameEn": "Total of earnings base", "memberNameFr": "Total base des gains", "classificationCode": null, "classificationTypeCode": null, "geoLevel": null, "vintage": null, "terminated": 0, "memberUomCode": null}, {"memberId": 2, "parentMemberId": 1, "memberNameEn": "Total final average earnings", "memberNameFr": "Total salaire moyen de fin de carri\u00e8re", "classificationCode": null, "classificationTypeCode": null, "geoLevel": null, "vintage": null, "terminated": 0, "memberUomCode": null}, {"memberId": 3, "parentMemberId": 2, "memberNameEn": "Final average earnings, under 4 years", "memberNameFr": "Salaire moyen de fin de carri\u00e8re, moins de 4 ann\u00e9es", "classificationCode": null, "classificationTypeCode": null, "geoLevel": null, "vintage": null, "terminated": 0, "memberUomCode": null}, {"memberId": 4, "parentMemberId": 2, "memberNameEn": "Final average earnings, 4 to 5 years", "memberNameFr": "Salaire moyen de fin de carri\u00e8re, 4 \u00e0 5 ann\u00e9es", "classificationCode": null, "classificationTypeCode": null, "geoLevel": null, "vintage": null, "terminated": 0, "memberUomCode": null}, {"memberId": 5, "parentMemberId": 2, "memberNameEn": "Final average earnings, 6 to 9 years", "memberNameFr": "Salaire moyen de fin de carri\u00e8re, 6 \u00e0 9 ann\u00e9es", "classificationCode": null, "classificationTypeCode": null, "geoLevel": null, "vintage": null, "terminated": 0, "memberUomCode": null}, {"memberId": 6, "parentMemberId": 2, "memberNameEn": "Final average earnings, 10 years and over", "memberNameFr": "Salaire moyen de fin de carri\u00e8re, 10 ann\u00e9es et plus", "classificationCode": null, "classificationTypeCode": null, "geoLevel": null, "vintage": null, "terminated": 0, "memberUomCode": null}, {"memberId": 7, "parentMemberId": 1, "memberNameEn": "Total average best earnings", "memberNameFr": "Total salaire maximal moyen", "classificationCode": null, "classificationTypeCode": null, "geoLevel": null, "vintage": null, "terminated": 0, "memberUomCode": null}, {"memberId": 8, "parentMemberId": 7, "memberNameEn": "Average best earnings, under 4 years", "memberNameFr": "Salaire maximal moyen, moins de 4 ann\u00e9es", "classificationCode": null, "classificationTypeCode": null, "geoLevel": null, "vintage": null, "terminated": 0, "memberUomCode": null}, {"memberId": 9, "parentMemberId": 7, "memberNameEn": "Average best earnings, 4 to 5 years", "memberNameFr": "Salaire maximal moyen, 4 \u00e0 5 ann\u00e9es", "classificationCode": null, "classificationTypeCode": null, "geoLevel": null, "vintage": null, "terminated": 0, "memberUomCode": null}, {"memberId": 10, "parentMemberId": 7, "memberNameEn": "Average best earnings, 6 to 9 years", "memberNameFr": "Salaire maximal moyen, 6 \u00e0 9 ann\u00e9es", "classificationCode": null, "classificationTypeCode": null, "geoLevel": null, "vintage": null, "terminated": 0, "memberUomCode": null}, {"memberId": 11, "parentMemberId": 7, "memberNameEn": "Average best earnings, 10 years and over", "memberNameFr": "Salaire maximal moyen, 10 ann\u00e9es et plus", "classificationCode": null, "classificationTypeCode": null, "geoLevel": null, "vintage": null, "terminated": 0, "memberUomCode": null}, {"memberId": 12, "parentMemberId": 1, "memberNameEn": "Career average earnings", "memberNameFr": "Salaire moyen de carri\u00e8re", "classificationCode": null, "classificationTypeCode": null, "geoLevel": null, "vintage": null, "terminated": 0, "memberUomCode": null}, {"memberId": 13, "parentMemberId": 1, "memberNameEn": "Flat benefit plans", "memberNameFr": "Rentes forfaitaires", "classificationCode": null, "classificationTypeCode": null, "geoLevel": null, "vintage": null, "terminated": 0, "memberUomCode": null}]}, {"dimensionPositionId": 4, "dimensionNameEn": "Plans, active members and asset value", "dimensionNameFr": "R\u00e9gimes, adh\u00e9rents actifs et valeur de l'actif", "hasUom": false, "member": [{"memberId": 1, "parentMemberId": null, "memberNameEn": "Plans", "memberNameFr": "R\u00e9gimes", "classificationCode": null, "classificationTypeCode": null, "geoLevel": null, "vintage": null, "terminated": 0, "memberUomCode": null}, {"memberId": 2, "parentMemberId": null, "memberNameEn": "Active members, both sexes", "memberNameFr": "Adh\u00e9rents actifs, les deux sexes", "classificationCode": null, "classificationTypeCode": null, "geoLevel": null, "vintage": null, "terminated": 0, "memberUomCode": null}, {"memberId": 3, "parentMemberId": 2, "memberNameEn": "Active members, males", "memberNameFr": "Adh\u00e9rents actifs, hommes", "classificationCode": null, "classificationTypeCode": null, "geoLevel": null, "vintage": null, "terminated": 0, "memberUomCode": null}, {"memberId": 4, "parentMemberId": 2, "memberNameEn": "Active members, females", "memberNameFr": "Adh\u00e9rents actifs, femmes", "classificationCode": null, "classificationTypeCode": null, "geoLevel": null, "vintage": null, "terminated": 0, "memberUomCode": null}, {"memberId": 5, "parentMemberId": null, "memberNameEn": "Market value of assets", "memberNameFr": "Valeur marchande de l'actif", "classificationCode": null, "classificationTypeCode": null, "geoLevel": null, "vintage": null, "terminated": 0, "memberUomCode": null}]}, {"dimensionPositionId": 5, "dimensionNameEn": "Statistics", "dimensionNameFr": "Statistiques", "hasUom": true, "member": [{"memberId": 1, "parentMemberId": null, "memberNameEn": "Number", "memberNameFr": "Nombre", "classificationCode": null, "classificationTypeCode": null, "geoLevel": null, "vintage": null, "terminated": 0, "memberUomCode": 223}, {"memberId": 2, "parentMemberId": null, "memberNameEn": "Percent", "memberNameFr": "Pourcentage", "classificationCode": null, "classificationTypeCode": null, "geoLevel": null, "vintage": null, "terminated": 0, "memberUomCode": 239}, {"memberId": 3, "parentMemberId": null, "memberNameEn": "Dollars", "memberNameFr": "Dollars", "classificationCode": null, "classificationTypeCode": null, "geoLevel": null, "vintage": null, "terminated": 0, "memberUomCode": 81}]}]