[{"dimensionPositionId": 1, "dimensionNameEn": "Geography", "dimensionNameFr": "G\u00e9ographie", "hasUom": false, "member": [{"memberId": 1, "parentMemberId": null, "memberNameEn": "Canada", "memberNameFr": "Canada", "classificationCode": null, "classificationTypeCode": null, "geoLevel": null, "vintage": null, "terminated": 0, "memberUomCode": null}, {"memberId": 2, "parentMemberId": 1, "memberNameEn": "Newfoundland and Labrador", "memberNameFr": "Terre-Neuve-et-Labrador", "classificationCode": null, "classificationTypeCode": null, "geoLevel": null, "vintage": null, "terminated": 0, "memberUomCode": null}, {"memberId": 3, "parentMemberId": 1, "memberNameEn": "Prince Edward Island", "memberNameFr": "\u00cele-du-Prince-\u00c9douard", "classificationCode": null, "classificationTypeCode": null, "geoLevel": null, "vintage": null, "terminated": 0, "memberUomCode": null}, {"memberId": 4, "parentMemberId": 1, "memberNameEn": "Nova Scotia", "memberNameFr": "Nouvelle-\u00c9cosse", "classificationCode": null, "classificationTypeCode": null, "geoLevel": null, "vintage": null, "terminated": 0, "memberUomCode": null}, {"memberId": 5, "parentMemberId": 1, "memberNameEn": "New Brunswick", "memberNameFr": "Nouveau-Brunswick", "classificationCode": null, "classificationTypeCode": null, "geoLevel": null, "vintage": null, "terminated": 0, "memberUomCode": null}, {"memberId": 6, "parentMemberId": 1, "memberNameEn": "Quebec", "memberNameFr": "Qu\u00e9bec", "classificationCode": null, "classificationTypeCode": null, "geoLevel": null, "vintage": null, "terminated": 0, "memberUomCode": null}, {"memberId": 7, "parentMemberId": 1, "memberNameEn": "Ontario", "memberNameFr": "Ontario", "classificationCode": null, "classificationTypeCode": null, "geoLevel": null, "vintage": null, "terminated": 0, "memberUomCode": null}, {"memberId": 8, "parentMemberId": 1, "memberNameEn": "Manitoba", "memberNameFr": "Manitoba", "classificationCode": null, "classificationTypeCode": null, "geoLevel": null, "vintage": null, "terminated": 0, "memberUomCode": null}, {"memberId": 9, "parentMemberId": 1, "memberNameEn": "Saskatchewan", "memberNameFr": "Saskatchewan", "classificationCode": null, "classificationTypeCode": null, "geoLevel": null, "vintage": null, "terminated": 0, "memberUomCode": null}, {"memberId": 10, "parentMemberId": 1, "memberNameEn": "Alberta", "memberNameFr": "Alberta", "classificationCode": null, "classificationTypeCode": null, "geoLevel": null, "vintage": null, "terminated": 0, "memberUomCode": null}, {"memberId": 11, "parentMemberId": 1, "memberNameEn": "British Columbia", "memberNameFr": "Colombie-Britannique", "classificationCode": null, "classificationTypeCode": null, "geoLevel": null, "vintage": null, "terminated": 0, "memberUomCode": null}, {"memberId": 12, "parentMemberId": 1, "memberNameEn": "Yukon", "memberNameFr": "Yukon", "classificationCode": null, "classificationTypeCode": null, "geoLevel": null, "vintage": null, "terminated": 0, "memberUomCode": null}, {"memberId": 13, "parentMemberId": 1, "memberNameEn": "Northwest Territories", "memberNameFr": "Territoires du Nord-Ouest", "classificationCode": null, "classificationTypeCode": null, "geoLevel": null, "vintage": null, "terminated": 0, "memberUomCode": null}, {"memberId": 14, "parentMemberId": 1, "memberNameEn": "Nunavut", "memberNameFr": "Nunavut", "classificationCode": null, "classificationTypeCode": null, "geoLevel": null, "vintage": null, "terminated": 0, "memberUomCode": null}]}, {"dimensionPositionId": 2, "dimensionNameEn": "Household spending, shelter", "dimensionNameFr": "D\u00e9penses des m\u00e9nages, logement", "hasUom": false, "member": [{"memberId": 1, "parentMemberId": null, "memberNameEn": "Total shelter", "memberNameFr": "Total, logement", "classificationCode": null, "classificationTypeCode": null, "geoLevel": null, "vintage": null, "terminated": 0, "memberUomCode": null}, {"memberId": 2, "parentMemberId": 1, "memberNameEn": "Principal accommodation", "memberNameFr": "R\u00e9sidence principale", "classificationCode": null, "classificationTypeCode": null, "geoLevel": null, "vintage": null, "terminated": 0, "memberUomCode": null}, {"memberId": 3, "parentMemberId": 2, "memberNameEn": "Rented living quarters", "memberNameFr": "Logement lou\u00e9 par l'occupant", "classificationCode": null, "classificationTypeCode": null, "geoLevel": null, "vintage": null, "terminated": 0, "memberUomCode": null}, {"memberId": 4, "parentMemberId": 3, "memberNameEn": "Rent", "memberNameFr": "Loyer", "classificationCode": null, "classificationTypeCode": null, "geoLevel": null, "vintage": null, "terminated": 0, "memberUomCode": null}, {"memberId": 5, "parentMemberId": 3, "memberNameEn": "Tenants' maintenance, repairs and alterations", "memberNameFr": "Entretien, r\u00e9parations et modifications pay\u00e9s par le locataire", "classificationCode": null, "classificationTypeCode": null, "geoLevel": null, "vintage": null, "terminated": 0, "memberUomCode": null}, {"memberId": 6, "parentMemberId": 3, "memberNameEn": "Tenants' insurance premiums", "memberNameFr": "Primes d'assurance des locataires", "classificationCode": null, "classificationTypeCode": null, "geoLevel": null, "vintage": null, "terminated": 0, "memberUomCode": null}, {"memberId": 7, "parentMemberId": 2, "memberNameEn": "Owned living quarters", "memberNameFr": "Logement appartenant \u00e0 l'occupant", "classificationCode": null, "classificationTypeCode": null, "geoLevel": null, "vintage": null, "terminated": 0, "memberUomCode": null}, {"memberId": 8, "parentMemberId": 7, "memberNameEn": "Regular mortgage payments for owned living quarters", "memberNameFr": "Versements hypoth\u00e9caires p\u00e9riodiques pour logement appartenant \u00e0 l'occupant", "classificationCode": null, "classificationTypeCode": null, "geoLevel": null, "vintage": null, "terminated": 0, "memberUomCode": null}, {"memberId": 9, "parentMemberId": 7, "memberNameEn": "Maintenance, repairs and replacements for owned living quarters", "memberNameFr": "Entretien, r\u00e9parations et remplacements pour logement appartenant \u00e0 l'occupant", "classificationCode": null, "classificationTypeCode": null, "geoLevel": null, "vintage": null, "terminated": 1, "memberUomCode": null}, {"memberId": 33, "parentMemberId": 7, "memberNameEn": "Repairs and maintenance for owned living quarters", "memberNameFr": "R\u00e9parations et entretien pour logement appartenant \u00e0 l'occupant", "classificationCode": null, "classificationTypeCode": null, "geoLevel": null, "vintage": null, "terminated": 0, "memberUomCode": null}, {"memberId": 10, "parentMemberId": 7, "memberNameEn": "Condominium charges for owned living quarters", "memberNameFr": "Frais de copropri\u00e9t\u00e9 pour logement appartenant \u00e0 l'occupant", "classificationCode": null, "classificationTypeCode": null, "geoLevel": null, "vintage": null, "terminated": 0, "memberUomCode": null}, {"memberId": 11, "parentMemberId": 7, "memberNameEn": "Property taxes for owned living quarters", "memberNameFr": "Taxes fonci\u00e8res pour logement appartenant \u00e0 l'occupant", "classificationCode": null, "classificationTypeCode": null, "geoLevel": null, "vintage": null, "terminated": 0, "memberUomCode": null}, {"memberId": 12, "parentMemberId": 7, "memberNameEn": "Homeowners' insurance premiums for owned living quarters", "memberNameFr": "Primes d'assurance des propri\u00e9taires pour logement appartenant \u00e0 l'occupant", "classificationCode": null, "classificationTypeCode": null, "geoLevel": null, "vintage": null, "terminated": 0, "memberUomCode": null}, {"memberId": 13, "parentMemberId": 7, "memberNameEn": "Other expenditures for owned living quarters", "memberNameFr": "Autres d\u00e9penses pour logement appartenant \u00e0 l'occupant", "classificationCode": null, "classificationTypeCode": null, "geoLevel": null, "vintage": null, "terminated": 0, "memberUomCode": null}, {"memberId": 14, "parentMemberId": 13, "memberNameEn": "Commissions for sale of owned living quarters", "memberNameFr": "Commissions pour vente immobili\u00e8re pour logement appartenant \u00e0 l'occupant", "classificationCode": null, "classificationTypeCode": null, "geoLevel": null, "vintage": null, "terminated": 0, "memberUomCode": null}, {"memberId": 15, "parentMemberId": 13, "memberNameEn": "Legal fees related to owned living quarters", "memberNameFr": "Frais de notaire ou d'avocat reli\u00e9s aux logements appartenant \u00e0 l'occupant", "classificationCode": null, "classificationTypeCode": null, "geoLevel": null, "vintage": null, "terminated": 0, "memberUomCode": null}, {"memberId": 16, "parentMemberId": 13, "memberNameEn": "Mortgage insurance premiums for owned living quarters", "memberNameFr": "Primes d'assurance hypoth\u00e9caire pour logement appartenant \u00e0 l'occupant", "classificationCode": null, "classificationTypeCode": null, "geoLevel": null, "vintage": null, "terminated": 0, "memberUomCode": null}, {"memberId": 17, "parentMemberId": 13, "memberNameEn": "Appraisals, surveying and mortgage penalties for owned living quarters", "memberNameFr": "Frais d'\u00e9valuation, d'arpentages et p\u00e9nalit\u00e9s hypoth\u00e9caires pour logement appartenant \u00e0 l'occupant", "classificationCode": null, "classificationTypeCode": null, "geoLevel": null, "vintage": null, "terminated": 0, "memberUomCode": null}, {"memberId": 18, "parentMemberId": 13, "memberNameEn": "Transfer taxes and land registration fees for owned living quarters", "memberNameFr": "Droits de cession immobili\u00e8re et frais d'enregistrement foncier pour logement appartenant \u00e0 l'occupant", "classificationCode": null, "classificationTypeCode": null, "geoLevel": null, "vintage": null, "terminated": 0, "memberUomCode": null}, {"memberId": 19, "parentMemberId": 2, "memberNameEn": "Water, fuel and electricity for principal accommodation", "memberNameFr": "Eau, combustible et \u00e9lectricit\u00e9 pour la r\u00e9sidence principale", "classificationCode": null, "classificationTypeCode": null, "geoLevel": null, "vintage": null, "terminated": 0, "memberUomCode": null}, {"memberId": 20, "parentMemberId": 19, "memberNameEn": "Water and sewage for principal accommodation", "memberNameFr": "Eau et \u00e9go\u00fbts pour la r\u00e9sidence principale", "classificationCode": null, "classificationTypeCode": null, "geoLevel": null, "vintage": null, "terminated": 0, "memberUomCode": null}, {"memberId": 21, "parentMemberId": 19, "memberNameEn": "Fuel for principal accommodation (for example, oil, gas, propane, wood)", "memberNameFr": "Combustibles pour la r\u00e9sidence principale (par exemple, mazout, gaz naturel, propane, bois de chauffage)", "classificationCode": null, "classificationTypeCode": null, "geoLevel": null, "vintage": null, "terminated": 1, "memberUomCode": null}, {"memberId": 22, "parentMemberId": 19, "memberNameEn": "Electricity for principal accommodation", "memberNameFr": "\u00c9lectricit\u00e9 pour la r\u00e9sidence principale", "classificationCode": null, "classificationTypeCode": null, "geoLevel": null, "vintage": null, "terminated": 0, "memberUomCode": null}, {"memberId": 34, "parentMemberId": 19, "memberNameEn": "Natural gas (piped gas) for principal accommodation", "memberNameFr": "Gaz naturel (gaz canalis\u00e9) pour la r\u00e9sidence principale", "classificationCode": null, "classificationTypeCode": null, "geoLevel": null, "vintage": null, "terminated": 0, "memberUomCode": null}, {"memberId": 35, "parentMemberId": 19, "memberNameEn": "Other fuel for heating and cooking for principal accommodation (for example, oil, propane, wood)", "memberNameFr": "Autre combustible pour le chauffage et la cuisson pour la r\u00e9sidence principale (par exemple, le mazout, le propane, le bois)", "classificationCode": null, "classificationTypeCode": null, "geoLevel": null, "vintage": null, "terminated": 0, "memberUomCode": null}, {"memberId": 23, "parentMemberId": 1, "memberNameEn": "Other accommodation", "memberNameFr": "Autres logements", "classificationCode": null, "classificationTypeCode": null, "geoLevel": null, "vintage": null, "terminated": 0, "memberUomCode": null}, {"memberId": 24, "parentMemberId": 23, "memberNameEn": "Owned vacation home", "memberNameFr": "Maison de vill\u00e9giature poss\u00e9d\u00e9e", "classificationCode": null, "classificationTypeCode": null, "geoLevel": null, "vintage": null, "terminated": 0, "memberUomCode": null}, {"memberId": 25, "parentMemberId": 24, "memberNameEn": "Maintenance, repairs, and replacements on owned vacation home", "memberNameFr": "Entretien, r\u00e9parations et remplacements pour la maison de vill\u00e9giature poss\u00e9d\u00e9e", "classificationCode": null, "classificationTypeCode": null, "geoLevel": null, "vintage": null, "terminated": 1, "memberUomCode": null}, {"memberId": 36, "parentMemberId": 24, "memberNameEn": "Repairs and maintenance on owned vacation home", "memberNameFr": "R\u00e9parations et entretien pour la maison de vill\u00e9giature poss\u00e9d\u00e9e", "classificationCode": null, "classificationTypeCode": null, "geoLevel": null, "vintage": null, "terminated": 0, "memberUomCode": null}, {"memberId": 26, "parentMemberId": 24, "memberNameEn": "Property taxes and sewage charges for owned vacation home", "memberNameFr": "Taxes fonci\u00e8res et frais d'\u00e9gouts pour la maison de vill\u00e9giature poss\u00e9d\u00e9e", "classificationCode": null, "classificationTypeCode": null, "geoLevel": null, "vintage": null, "terminated": 0, "memberUomCode": null}, {"memberId": 27, "parentMemberId": 24, "memberNameEn": "Insurance premiums for owned vacation home", "memberNameFr": "Primes d'assurance pour la maison vill\u00e9giature poss\u00e9d\u00e9e", "classificationCode": null, "classificationTypeCode": null, "geoLevel": null, "vintage": null, "terminated": 0, "memberUomCode": null}, {"memberId": 28, "parentMemberId": 24, "memberNameEn": "Electricity, water and fuel for owned vacation home", "memberNameFr": "\u00c9lectricit\u00e9, eau et combustible pour la maison de vill\u00e9giature poss\u00e9d\u00e9e", "classificationCode": null, "classificationTypeCode": null, "geoLevel": null, "vintage": null, "terminated": 0, "memberUomCode": null}, {"memberId": 29, "parentMemberId": 24, "memberNameEn": "Other expenses for owned vacation home", "memberNameFr": "Autres d\u00e9penses pour la maison vill\u00e9giature poss\u00e9d\u00e9e", "classificationCode": null, "classificationTypeCode": null, "geoLevel": null, "vintage": null, "terminated": 0, "memberUomCode": null}, {"memberId": 30, "parentMemberId": 23, "memberNameEn": "Traveller accommodation", "memberNameFr": "H\u00e9bergement des voyageurs", "classificationCode": null, "classificationTypeCode": null, "geoLevel": null, "vintage": null, "terminated": 0, "memberUomCode": null}, {"memberId": 31, "parentMemberId": 30, "memberNameEn": "Hotels and motels", "memberNameFr": "H\u00f4tels et motels", "classificationCode": null, "classificationTypeCode": null, "geoLevel": null, "vintage": null, "terminated": 0, "memberUomCode": null}, {"memberId": 32, "parentMemberId": 30, "memberNameEn": "Other accommodation away from home", "memberNameFr": "Autres h\u00e9bergements hors du foyer", "classificationCode": null, "classificationTypeCode": null, "geoLevel": null, "vintage": null, "terminated": 0, "memberUomCode": null}]}, {"dimensionPositionId": 3, "dimensionNameEn": "Statistics", "dimensionNameFr": "Statistiques", "hasUom": true, "member": [{"memberId": 1, "parentMemberId": null, "memberNameEn": "Average expenditure", "memberNameFr": "D\u00e9penses moyennes", "classificationCode": null, "classificationTypeCode": null, "geoLevel": null, "vintage": null, "terminated": 0, "memberUomCode": 81}, {"memberId": 2, "parentMemberId": null, "memberNameEn": "Percent of households reporting", "memberNameFr": "Pourcentage des m\u00e9nages d\u00e9clarants", "classificationCode": null, "classificationTypeCode": null, "geoLevel": null, "vintage": null, "terminated": 0, "memberUomCode": 239}, {"memberId": 3, "parentMemberId": null, "memberNameEn": "Estimated number of households reporting", "memberNameFr": "Nombre estim\u00e9 des m\u00e9nages d\u00e9clarants", "classificationCode": null, "classificationTypeCode": null, "geoLevel": null, "vintage": null, "terminated": 0, "memberUomCode": 223}, {"memberId": 4, "parentMemberId": null, "memberNameEn": "Median expenditure per household reporting", "memberNameFr": "D\u00e9penses m\u00e9dianes par m\u00e9nage d\u00e9clarant", "classificationCode": null, "classificationTypeCode": null, "geoLevel": null, "vintage": null, "terminated": 0, "memberUomCode": 81}]}]