[{"dimensionPositionId": 1, "dimensionNameEn": "Geography", "dimensionNameFr": "G\u00e9ographie", "hasUom": false, "member": [{"memberId": 1, "parentMemberId": null, "memberNameEn": "Canada", "memberNameFr": "Canada", "classificationCode": null, "classificationTypeCode": null, "geoLevel": null, "vintage": null, "terminated": 0, "memberUomCode": null}, {"memberId": 2, "parentMemberId": 1, "memberNameEn": "Atlantic provinces", "memberNameFr": "Provinces de l'Atlantique", "classificationCode": null, "classificationTypeCode": null, "geoLevel": null, "vintage": null, "terminated": 0, "memberUomCode": null}, {"memberId": 3, "parentMemberId": 2, "memberNameEn": "Newfoundland and Labrador", "memberNameFr": "Terre-Neuve-et-Labrador", "classificationCode": null, "classificationTypeCode": null, "geoLevel": null, "vintage": null, "terminated": 0, "memberUomCode": null}, {"memberId": 4, "parentMemberId": 2, "memberNameEn": "Prince Edward Island", "memberNameFr": "\u00cele-du-Prince-\u00c9douard", "classificationCode": null, "classificationTypeCode": null, "geoLevel": null, "vintage": null, "terminated": 0, "memberUomCode": null}, {"memberId": 5, "parentMemberId": 2, "memberNameEn": "Nova Scotia", "memberNameFr": "Nouvelle-\u00c9cosse", "classificationCode": null, "classificationTypeCode": null, "geoLevel": null, "vintage": null, "terminated": 0, "memberUomCode": null}, {"memberId": 6, "parentMemberId": 2, "memberNameEn": "New Brunswick", "memberNameFr": "Nouveau-Brunswick", "classificationCode": null, "classificationTypeCode": null, "geoLevel": null, "vintage": null, "terminated": 0, "memberUomCode": null}, {"memberId": 7, "parentMemberId": 1, "memberNameEn": "Quebec", "memberNameFr": "Qu\u00e9bec", "classificationCode": null, "classificationTypeCode": null, "geoLevel": null, "vintage": null, "terminated": 0, "memberUomCode": null}, {"memberId": 8, "parentMemberId": 1, "memberNameEn": "Ontario", "memberNameFr": "Ontario", "classificationCode": null, "classificationTypeCode": null, "geoLevel": null, "vintage": null, "terminated": 0, "memberUomCode": null}, {"memberId": 9, "parentMemberId": 1, "memberNameEn": "Prairie provinces", "memberNameFr": "Provinces des Prairies", "classificationCode": null, "classificationTypeCode": null, "geoLevel": null, "vintage": null, "terminated": 0, "memberUomCode": null}, {"memberId": 10, "parentMemberId": 9, "memberNameEn": "Manitoba", "memberNameFr": "Manitoba", "classificationCode": null, "classificationTypeCode": null, "geoLevel": null, "vintage": null, "terminated": 0, "memberUomCode": null}, {"memberId": 11, "parentMemberId": 9, "memberNameEn": "Saskatchewan", "memberNameFr": "Saskatchewan", "classificationCode": null, "classificationTypeCode": null, "geoLevel": null, "vintage": null, "terminated": 0, "memberUomCode": null}, {"memberId": 12, "parentMemberId": 9, "memberNameEn": "Alberta", "memberNameFr": "Alberta", "classificationCode": null, "classificationTypeCode": null, "geoLevel": null, "vintage": null, "terminated": 0, "memberUomCode": null}, {"memberId": 13, "parentMemberId": 1, "memberNameEn": "British Columbia", "memberNameFr": "Colombie-Britannique", "classificationCode": null, "classificationTypeCode": null, "geoLevel": null, "vintage": null, "terminated": 0, "memberUomCode": null}]}, {"dimensionPositionId": 2, "dimensionNameEn": "Income concept", "dimensionNameFr": "Concept de revenu", "hasUom": true, "member": [{"memberId": 1, "parentMemberId": null, "memberNameEn": "Average market income", "memberNameFr": "Revenu moyen du march\u00e9", "classificationCode": null, "classificationTypeCode": null, "geoLevel": null, "vintage": null, "terminated": 0, "memberUomCode": 389}, {"memberId": 8, "parentMemberId": null, "memberNameEn": "Median market income", "memberNameFr": "Revenu du march\u00e9 m\u00e9dian", "classificationCode": null, "classificationTypeCode": null, "geoLevel": null, "vintage": null, "terminated": 0, "memberUomCode": 389}, {"memberId": 2, "parentMemberId": null, "memberNameEn": "Average government transfers", "memberNameFr": "Transferts gouvernementaux moyens", "classificationCode": null, "classificationTypeCode": null, "geoLevel": null, "vintage": null, "terminated": 0, "memberUomCode": 389}, {"memberId": 9, "parentMemberId": null, "memberNameEn": "Median government transfers", "memberNameFr": "Transferts gouvernementaux m\u00e9dians", "classificationCode": null, "classificationTypeCode": null, "geoLevel": null, "vintage": null, "terminated": 0, "memberUomCode": 389}, {"memberId": 3, "parentMemberId": null, "memberNameEn": "Average total income", "memberNameFr": "Revenu total moyen", "classificationCode": null, "classificationTypeCode": null, "geoLevel": null, "vintage": null, "terminated": 0, "memberUomCode": 389}, {"memberId": 10, "parentMemberId": null, "memberNameEn": "Median total income", "memberNameFr": "Revenu total m\u00e9dian", "classificationCode": null, "classificationTypeCode": null, "geoLevel": null, "vintage": null, "terminated": 0, "memberUomCode": 389}, {"memberId": 4, "parentMemberId": null, "memberNameEn": "Average income tax", "memberNameFr": "Imp\u00f4t moyen sur le revenu", "classificationCode": null, "classificationTypeCode": null, "geoLevel": null, "vintage": null, "terminated": 0, "memberUomCode": 389}, {"memberId": 11, "parentMemberId": null, "memberNameEn": "Median income tax", "memberNameFr": "Imp\u00f4t sur le revenu m\u00e9dian", "classificationCode": null, "classificationTypeCode": null, "geoLevel": null, "vintage": null, "terminated": 0, "memberUomCode": 389}, {"memberId": 5, "parentMemberId": null, "memberNameEn": "Average after-tax income", "memberNameFr": "Revenu moyen apr\u00e8s imp\u00f4t", "classificationCode": null, "classificationTypeCode": null, "geoLevel": null, "vintage": null, "terminated": 0, "memberUomCode": 389}, {"memberId": 12, "parentMemberId": null, "memberNameEn": "Median after-tax income", "memberNameFr": "Revenu apr\u00e8s imp\u00f4t m\u00e9dian", "classificationCode": null, "classificationTypeCode": null, "geoLevel": null, "vintage": null, "terminated": 0, "memberUomCode": 389}, {"memberId": 6, "parentMemberId": null, "memberNameEn": "Implicit government transfer rate", "memberNameFr": "Taux implicite de transferts gouvernementaux", "classificationCode": null, "classificationTypeCode": null, "geoLevel": null, "vintage": null, "terminated": 0, "memberUomCode": 239}, {"memberId": 7, "parentMemberId": null, "memberNameEn": "Implicit income tax rate", "memberNameFr": "Taux implicite d'imp\u00f4t sur le revenu", "classificationCode": null, "classificationTypeCode": null, "geoLevel": null, "vintage": null, "terminated": 0, "memberUomCode": 239}]}, {"dimensionPositionId": 3, "dimensionNameEn": "Economic family type", "dimensionNameFr": "Type de famille \u00e9conomique", "hasUom": false, "member": [{"memberId": 1, "parentMemberId": null, "memberNameEn": "All family units", "memberNameFr": "Ensemble des unit\u00e9s familiales", "classificationCode": null, "classificationTypeCode": null, "geoLevel": null, "vintage": null, "terminated": 0, "memberUomCode": null}, {"memberId": 2, "parentMemberId": 1, "memberNameEn": "Economic families, two persons or more", "memberNameFr": "Familles \u00e9conomiques, deux personnes ou plus", "classificationCode": null, "classificationTypeCode": null, "geoLevel": null, "vintage": null, "terminated": 0, "memberUomCode": null}, {"memberId": 3, "parentMemberId": 2, "memberNameEn": "Elderly families", "memberNameFr": "Familles de personnes \u00e2g\u00e9es", "classificationCode": null, "classificationTypeCode": null, "geoLevel": null, "vintage": null, "terminated": 0, "memberUomCode": null}, {"memberId": 4, "parentMemberId": 3, "memberNameEn": "Elderly married couples", "memberNameFr": "Couples mari\u00e9s de personnes \u00e2g\u00e9es", "classificationCode": null, "classificationTypeCode": null, "geoLevel": null, "vintage": null, "terminated": 0, "memberUomCode": null}, {"memberId": 5, "parentMemberId": 3, "memberNameEn": "Other elderly families", "memberNameFr": "Autres familles de personnes \u00e2g\u00e9es", "classificationCode": null, "classificationTypeCode": null, "geoLevel": null, "vintage": null, "terminated": 0, "memberUomCode": null}, {"memberId": 6, "parentMemberId": 2, "memberNameEn": "Non-elderly families", "memberNameFr": "Familles autres que de personnes \u00e2g\u00e9es", "classificationCode": null, "classificationTypeCode": null, "geoLevel": null, "vintage": null, "terminated": 0, "memberUomCode": null}, {"memberId": 7, "parentMemberId": 6, "memberNameEn": "Married couples", "memberNameFr": "Couples mari\u00e9s", "classificationCode": null, "classificationTypeCode": null, "geoLevel": null, "vintage": null, "terminated": 0, "memberUomCode": null}, {"memberId": 8, "parentMemberId": 7, "memberNameEn": "Married couples, no earners", "memberNameFr": "Couples mari\u00e9s, aucune personne gagnant un revenu d'emploi", "classificationCode": null, "classificationTypeCode": null, "geoLevel": null, "vintage": null, "terminated": 0, "memberUomCode": null}, {"memberId": 9, "parentMemberId": 7, "memberNameEn": "Married couples, one earner", "memberNameFr": "Couples mari\u00e9s, une personne gagnant un revenu d'emploi", "classificationCode": null, "classificationTypeCode": null, "geoLevel": null, "vintage": null, "terminated": 0, "memberUomCode": null}, {"memberId": 10, "parentMemberId": 7, "memberNameEn": "Married couples, two earners", "memberNameFr": "Couples mari\u00e9s, deux personnes gagnant un revenu d'emploi", "classificationCode": null, "classificationTypeCode": null, "geoLevel": null, "vintage": null, "terminated": 0, "memberUomCode": null}, {"memberId": 11, "parentMemberId": 6, "memberNameEn": "Two-parent families with children", "memberNameFr": "Familles biparentales avec enfants", "classificationCode": null, "classificationTypeCode": null, "geoLevel": null, "vintage": null, "terminated": 0, "memberUomCode": null}, {"memberId": 12, "parentMemberId": 11, "memberNameEn": "Two-parent families with children, no earners", "memberNameFr": "Familles biparentales avec enfants, aucune personne gagnant un revenu d'emploi", "classificationCode": null, "classificationTypeCode": null, "geoLevel": null, "vintage": null, "terminated": 0, "memberUomCode": null}, {"memberId": 13, "parentMemberId": 11, "memberNameEn": "Two-parent families with children, one earner", "memberNameFr": "Familles biparentales avec enfants, une personne gagnant un revenu d'emploi", "classificationCode": null, "classificationTypeCode": null, "geoLevel": null, "vintage": null, "terminated": 0, "memberUomCode": null}, {"memberId": 14, "parentMemberId": 11, "memberNameEn": "Two-parent families with children, two earners", "memberNameFr": "Familles biparentales avec enfants, deux personnes gagnant un revenu d'emploi", "classificationCode": null, "classificationTypeCode": null, "geoLevel": null, "vintage": null, "terminated": 0, "memberUomCode": null}, {"memberId": 15, "parentMemberId": 11, "memberNameEn": "Two-parent families with children, three or more earners", "memberNameFr": "Familles biparentales avec enfants, trois personnes ou plus gagnant un revenu d'emploi", "classificationCode": null, "classificationTypeCode": null, "geoLevel": null, "vintage": null, "terminated": 0, "memberUomCode": null}, {"memberId": 16, "parentMemberId": 6, "memberNameEn": "Married couples with other relatives", "memberNameFr": "Couples mari\u00e9s avec d'autres personnes apparent\u00e9es", "classificationCode": null, "classificationTypeCode": null, "geoLevel": null, "vintage": null, "terminated": 0, "memberUomCode": null}, {"memberId": 17, "parentMemberId": 6, "memberNameEn": "Lone-parent families", "memberNameFr": "Familles monoparentales", "classificationCode": null, "classificationTypeCode": null, "geoLevel": null, "vintage": null, "terminated": 0, "memberUomCode": null}, {"memberId": 18, "parentMemberId": 17, "memberNameEn": "Male lone-parent families", "memberNameFr": "Familles monoparentales, homme \u00e0 leur t\u00eate", "classificationCode": null, "classificationTypeCode": null, "geoLevel": null, "vintage": null, "terminated": 0, "memberUomCode": null}, {"memberId": 19, "parentMemberId": 17, "memberNameEn": "Female lone-parent families", "memberNameFr": "Familles monoparentales, femme \u00e0 leur t\u00eate", "classificationCode": null, "classificationTypeCode": null, "geoLevel": null, "vintage": null, "terminated": 0, "memberUomCode": null}, {"memberId": 20, "parentMemberId": 19, "memberNameEn": "Female lone-parent families, no earners", "memberNameFr": "Familles monoparentales, femme \u00e0 leur t\u00eate, aucune personne gagnant un revenu d'emploi", "classificationCode": null, "classificationTypeCode": null, "geoLevel": null, "vintage": null, "terminated": 0, "memberUomCode": null}, {"memberId": 21, "parentMemberId": 19, "memberNameEn": "Female lone-parent families, one earner", "memberNameFr": "Familles monoparentales, femme \u00e0 leur t\u00eate, une personne gagnant un revenu d'emploi", "classificationCode": null, "classificationTypeCode": null, "geoLevel": null, "vintage": null, "terminated": 0, "memberUomCode": null}, {"memberId": 22, "parentMemberId": 19, "memberNameEn": "Female lone-parent families, two or more earners", "memberNameFr": "Familles monoparentales, femme \u00e0 leur t\u00eate, deux personnes ou plus gagnant un revenu d'emploi", "classificationCode": null, "classificationTypeCode": null, "geoLevel": null, "vintage": null, "terminated": 0, "memberUomCode": null}, {"memberId": 23, "parentMemberId": 6, "memberNameEn": "Other non-elderly families", "memberNameFr": "Autres familles (autres que de personnes \u00e2g\u00e9es)", "classificationCode": null, "classificationTypeCode": null, "geoLevel": null, "vintage": null, "terminated": 0, "memberUomCode": null}, {"memberId": 24, "parentMemberId": 1, "memberNameEn": "Unattached individuals", "memberNameFr": "Personnes seules", "classificationCode": null, "classificationTypeCode": null, "geoLevel": null, "vintage": null, "terminated": 0, "memberUomCode": null}, {"memberId": 25, "parentMemberId": 24, "memberNameEn": "Elderly males", "memberNameFr": "Personnes \u00e2g\u00e9es, hommes", "classificationCode": null, "classificationTypeCode": null, "geoLevel": null, "vintage": null, "terminated": 0, "memberUomCode": null}, {"memberId": 26, "parentMemberId": 25, "memberNameEn": "Elderly males, non-earner", "memberNameFr": "Personnes \u00e2g\u00e9es, hommes, ne gagnant pas un revenu d'emploi", "classificationCode": null, "classificationTypeCode": null, "geoLevel": null, "vintage": null, "terminated": 0, "memberUomCode": null}, {"memberId": 27, "parentMemberId": 25, "memberNameEn": "Elderly males, earner", "memberNameFr": "Personnes \u00e2g\u00e9es, hommes, gagnant un revenu d'emploi", "classificationCode": null, "classificationTypeCode": null, "geoLevel": null, "vintage": null, "terminated": 0, "memberUomCode": null}, {"memberId": 28, "parentMemberId": 24, "memberNameEn": "Elderly females", "memberNameFr": "Personnes \u00e2g\u00e9es, femmes", "classificationCode": null, "classificationTypeCode": null, "geoLevel": null, "vintage": null, "terminated": 0, "memberUomCode": null}, {"memberId": 29, "parentMemberId": 28, "memberNameEn": "Elderly females, non-earner", "memberNameFr": "Personnes \u00e2g\u00e9es, femmes, ne gagnant pas un revenu d'emploi", "classificationCode": null, "classificationTypeCode": null, "geoLevel": null, "vintage": null, "terminated": 0, "memberUomCode": null}, {"memberId": 30, "parentMemberId": 28, "memberNameEn": "Elderly females, earner", "memberNameFr": "Personnes \u00e2g\u00e9es, femmes, gagnant un revenu d'emploi", "classificationCode": null, "classificationTypeCode": null, "geoLevel": null, "vintage": null, "terminated": 0, "memberUomCode": null}, {"memberId": 31, "parentMemberId": 24, "memberNameEn": "Non-elderly males", "memberNameFr": "Autres que personnes \u00e2g\u00e9es, hommes", "classificationCode": null, "classificationTypeCode": null, "geoLevel": null, "vintage": null, "terminated": 0, "memberUomCode": null}, {"memberId": 32, "parentMemberId": 31, "memberNameEn": "Non-elderly males, non-earner", "memberNameFr": "Autres que personnes \u00e2g\u00e9es, hommes, ne gagnant pas un revenu d'emploi", "classificationCode": null, "classificationTypeCode": null, "geoLevel": null, "vintage": null, "terminated": 0, "memberUomCode": null}, {"memberId": 33, "parentMemberId": 31, "memberNameEn": "Non-elderly males, earner", "memberNameFr": "Autres que personnes \u00e2g\u00e9es, hommes, gagnant un revenu d'emploi", "classificationCode": null, "classificationTypeCode": null, "geoLevel": null, "vintage": null, "terminated": 0, "memberUomCode": null}, {"memberId": 34, "parentMemberId": 24, "memberNameEn": "Non-elderly females", "memberNameFr": "Autres que personnes \u00e2g\u00e9es, femmes", "classificationCode": null, "classificationTypeCode": null, "geoLevel": null, "vintage": null, "terminated": 0, "memberUomCode": null}, {"memberId": 35, "parentMemberId": 34, "memberNameEn": "Non-elderly females, non-earner", "memberNameFr": "Autres que personnes \u00e2g\u00e9es, femmes, ne gagnant pas un revenu d'emploi", "classificationCode": null, "classificationTypeCode": null, "geoLevel": null, "vintage": null, "terminated": 0, "memberUomCode": null}, {"memberId": 36, "parentMemberId": 34, "memberNameEn": "Non-elderly females, earner", "memberNameFr": "Autres que personnes \u00e2g\u00e9es, femmes, gagnant un revenu d'emploi", "classificationCode": null, "classificationTypeCode": null, "geoLevel": null, "vintage": null, "terminated": 0, "memberUomCode": null}]}]