[{"dimensionPositionId": 1, "dimensionNameEn": "Geography", "dimensionNameFr": "G\u00e9ographie", "hasUom": false, "member": [{"memberId": 1, "parentMemberId": null, "memberNameEn": "Canada", "memberNameFr": "Canada", "classificationCode": "11124", "classificationTypeCode": "1", "geoLevel": 0, "vintage": 2016, "terminated": 0, "memberUomCode": null}]}, {"dimensionPositionId": 2, "dimensionNameEn": "Registered pension plans", "dimensionNameFr": "R\u00e9gimes de pension agr\u00e9\u00e9s", "hasUom": false, "member": [{"memberId": 1, "parentMemberId": null, "memberNameEn": "Total of registered pension plans", "memberNameFr": "Total des r\u00e9gimes de pension agr\u00e9\u00e9s", "classificationCode": null, "classificationTypeCode": null, "geoLevel": null, "vintage": null, "terminated": 0, "memberUomCode": null}, {"memberId": 2, "parentMemberId": 1, "memberNameEn": "Public sector registered pension plans", "memberNameFr": "R\u00e9gimes de pension agr\u00e9\u00e9s du secteur public", "classificationCode": null, "classificationTypeCode": null, "geoLevel": null, "vintage": null, "terminated": 0, "memberUomCode": null}, {"memberId": 3, "parentMemberId": 1, "memberNameEn": "Private sector registered pension plans", "memberNameFr": "R\u00e9gimes de pension agr\u00e9\u00e9s du secteur priv\u00e9", "classificationCode": null, "classificationTypeCode": null, "geoLevel": null, "vintage": null, "terminated": 0, "memberUomCode": null}, {"memberId": 4, "parentMemberId": null, "memberNameEn": "Defined benefit registered pension plans", "memberNameFr": "R\u00e9gimes de pension agr\u00e9\u00e9s \u00e0 prestations d\u00e9termin\u00e9es", "classificationCode": null, "classificationTypeCode": null, "geoLevel": null, "vintage": null, "terminated": 0, "memberUomCode": null}, {"memberId": 5, "parentMemberId": null, "memberNameEn": "Defined contribution registered pension plans", "memberNameFr": "R\u00e9gimes de pension agr\u00e9\u00e9s \u00e0 cotisations d\u00e9termin\u00e9es", "classificationCode": null, "classificationTypeCode": null, "geoLevel": null, "vintage": null, "terminated": 0, "memberUomCode": null}, {"memberId": 6, "parentMemberId": null, "memberNameEn": "Contributory registered pension plans", "memberNameFr": "R\u00e9gimes de pension agr\u00e9\u00e9s contributifs", "classificationCode": null, "classificationTypeCode": null, "geoLevel": null, "vintage": null, "terminated": 0, "memberUomCode": null}, {"memberId": 7, "parentMemberId": null, "memberNameEn": "Non-contributory registered pension plans", "memberNameFr": "R\u00e9gimes de pension agr\u00e9\u00e9s non-contributifs", "classificationCode": null, "classificationTypeCode": null, "geoLevel": null, "vintage": null, "terminated": 0, "memberUomCode": null}]}, {"dimensionPositionId": 3, "dimensionNameEn": "Size of plan", "dimensionNameFr": "Taille du r\u00e9gime", "hasUom": false, "member": [{"memberId": 1, "parentMemberId": null, "memberNameEn": "Size of plan, total members", "memberNameFr": "Taille du r\u00e9gime, total des adh\u00e9rents", "classificationCode": null, "classificationTypeCode": null, "geoLevel": null, "vintage": null, "terminated": 0, "memberUomCode": null}, {"memberId": 2, "parentMemberId": 1, "memberNameEn": "Size of plan, 0 members", "memberNameFr": "Taille du r\u00e9gime, 0 adh\u00e9rent", "classificationCode": null, "classificationTypeCode": null, "geoLevel": null, "vintage": null, "terminated": 0, "memberUomCode": null}, {"memberId": 3, "parentMemberId": 1, "memberNameEn": "Size of plan, 1 member", "memberNameFr": "Taille du r\u00e9gime, 1 adh\u00e9rent", "classificationCode": null, "classificationTypeCode": null, "geoLevel": null, "vintage": null, "terminated": 0, "memberUomCode": null}, {"memberId": 4, "parentMemberId": 1, "memberNameEn": "Size of plan, 2 to 9 members", "memberNameFr": "Taille du r\u00e9gime, 2 \u00e0 9 adh\u00e9rents", "classificationCode": null, "classificationTypeCode": null, "geoLevel": null, "vintage": null, "terminated": 0, "memberUomCode": null}, {"memberId": 5, "parentMemberId": 1, "memberNameEn": "Size of plan, 10 to 49 members", "memberNameFr": "Taille du r\u00e9gime, 10 \u00e0 49 adh\u00e9rents", "classificationCode": null, "classificationTypeCode": null, "geoLevel": null, "vintage": null, "terminated": 0, "memberUomCode": null}, {"memberId": 6, "parentMemberId": 1, "memberNameEn": "Size of plan, 50 to 99 members", "memberNameFr": "Taille du r\u00e9gime, 50 \u00e0 99 adh\u00e9rents", "classificationCode": null, "classificationTypeCode": null, "geoLevel": null, "vintage": null, "terminated": 0, "memberUomCode": null}, {"memberId": 7, "parentMemberId": 1, "memberNameEn": "Size of plan, 100 to 499 members", "memberNameFr": "Taille du r\u00e9gime, 100 \u00e0 499 adh\u00e9rents", "classificationCode": null, "classificationTypeCode": null, "geoLevel": null, "vintage": null, "terminated": 0, "memberUomCode": null}, {"memberId": 8, "parentMemberId": 1, "memberNameEn": "Size of plan, 500 to 999 members", "memberNameFr": "Taille du r\u00e9gime, 500 \u00e0 999 adh\u00e9rents", "classificationCode": null, "classificationTypeCode": null, "geoLevel": null, "vintage": null, "terminated": 0, "memberUomCode": null}, {"memberId": 9, "parentMemberId": 1, "memberNameEn": "Size of plan, 1,000 to 4,999 members", "memberNameFr": "Taille du r\u00e9gime, 1 000 \u00e0 4 999 adh\u00e9rents", "classificationCode": null, "classificationTypeCode": null, "geoLevel": null, "vintage": null, "terminated": 0, "memberUomCode": null}, {"memberId": 10, "parentMemberId": 1, "memberNameEn": "Size of plan, 5,000 to 9,999 members", "memberNameFr": "Taille du r\u00e9gime, 5 000 \u00e0 9 999 adh\u00e9rents", "classificationCode": null, "classificationTypeCode": null, "geoLevel": null, "vintage": null, "terminated": 0, "memberUomCode": null}, {"memberId": 11, "parentMemberId": 1, "memberNameEn": "Size of plan, 10,000 to 29,999 members", "memberNameFr": "Taille du r\u00e9gime, 10 000 \u00e0 29 999 adh\u00e9rents", "classificationCode": null, "classificationTypeCode": null, "geoLevel": null, "vintage": null, "terminated": 0, "memberUomCode": null}, {"memberId": 12, "parentMemberId": 1, "memberNameEn": "Size of plan, 30,000 members and over", "memberNameFr": "Taille du r\u00e9gime, 30 000 adh\u00e9rents et plus", "classificationCode": null, "classificationTypeCode": null, "geoLevel": null, "vintage": null, "terminated": 0, "memberUomCode": null}]}, {"dimensionPositionId": 4, "dimensionNameEn": "Plans, active members and asset value", "dimensionNameFr": "R\u00e9gimes, adh\u00e9rents actifs et valeur de l'actif", "hasUom": false, "member": [{"memberId": 1, "parentMemberId": null, "memberNameEn": "Plans", "memberNameFr": "R\u00e9gimes", "classificationCode": null, "classificationTypeCode": null, "geoLevel": null, "vintage": null, "terminated": 0, "memberUomCode": null}, {"memberId": 2, "parentMemberId": null, "memberNameEn": "Active members, both sexes", "memberNameFr": "Adh\u00e9rents actifs, les deux sexes", "classificationCode": null, "classificationTypeCode": null, "geoLevel": null, "vintage": null, "terminated": 0, "memberUomCode": null}, {"memberId": 3, "parentMemberId": 2, "memberNameEn": "Active members, males", "memberNameFr": "Adh\u00e9rents actifs, hommes", "classificationCode": null, "classificationTypeCode": null, "geoLevel": null, "vintage": null, "terminated": 0, "memberUomCode": null}, {"memberId": 4, "parentMemberId": 2, "memberNameEn": "Active members, females", "memberNameFr": "Adh\u00e9rents actifs, femmes", "classificationCode": null, "classificationTypeCode": null, "geoLevel": null, "vintage": null, "terminated": 0, "memberUomCode": null}, {"memberId": 5, "parentMemberId": null, "memberNameEn": "Market value of assets", "memberNameFr": "Valeur marchande de l'actif", "classificationCode": null, "classificationTypeCode": null, "geoLevel": null, "vintage": null, "terminated": 0, "memberUomCode": null}]}, {"dimensionPositionId": 5, "dimensionNameEn": "Statistics", "dimensionNameFr": "Statistiques", "hasUom": true, "member": [{"memberId": 1, "parentMemberId": null, "memberNameEn": "Number", "memberNameFr": "Nombre", "classificationCode": null, "classificationTypeCode": null, "geoLevel": null, "vintage": null, "terminated": 0, "memberUomCode": 223}, {"memberId": 2, "parentMemberId": null, "memberNameEn": "Percent", "memberNameFr": "Pourcentage", "classificationCode": null, "classificationTypeCode": null, "geoLevel": null, "vintage": null, "terminated": 0, "memberUomCode": 239}, {"memberId": 3, "parentMemberId": null, "memberNameEn": "Dollars", "memberNameFr": "Dollars", "classificationCode": null, "classificationTypeCode": null, "geoLevel": null, "vintage": null, "terminated": 0, "memberUomCode": 81}]}]