[{"dimensionPositionId": 1, "dimensionNameEn": "Geography", "dimensionNameFr": "G\u00e9ographie", "hasUom": false, "member": [{"memberId": 1, "parentMemberId": null, "memberNameEn": "Canada", "memberNameFr": "Canada", "classificationCode": "11124", "classificationTypeCode": "1", "geoLevel": 0, "vintage": 2016, "terminated": 0, "memberUomCode": null}, {"memberId": 2, "parentMemberId": 1, "memberNameEn": "Atlantic provinces", "memberNameFr": "Provinces de l'Atlantique", "classificationCode": "1", "classificationTypeCode": "1", "geoLevel": 1, "vintage": 2016, "terminated": 0, "memberUomCode": null}, {"memberId": 3, "parentMemberId": 2, "memberNameEn": "Newfoundland and Labrador", "memberNameFr": "Terre-Neuve-et-Labrador", "classificationCode": "10", "classificationTypeCode": "1", "geoLevel": 2, "vintage": 2016, "terminated": 0, "memberUomCode": null}, {"memberId": 4, "parentMemberId": 2, "memberNameEn": "Prince Edward Island", "memberNameFr": "\u00cele-du-Prince-\u00c9douard", "classificationCode": "11", "classificationTypeCode": "1", "geoLevel": 2, "vintage": 2016, "terminated": 0, "memberUomCode": null}, {"memberId": 5, "parentMemberId": 2, "memberNameEn": "Nova Scotia", "memberNameFr": "Nouvelle-\u00c9cosse", "classificationCode": "12", "classificationTypeCode": "1", "geoLevel": 2, "vintage": 2016, "terminated": 0, "memberUomCode": null}, {"memberId": 6, "parentMemberId": 2, "memberNameEn": "New Brunswick", "memberNameFr": "Nouveau-Brunswick", "classificationCode": "13", "classificationTypeCode": "1", "geoLevel": 2, "vintage": 2016, "terminated": 0, "memberUomCode": null}, {"memberId": 7, "parentMemberId": 1, "memberNameEn": "Quebec", "memberNameFr": "Qu\u00e9bec", "classificationCode": "24", "classificationTypeCode": "1", "geoLevel": 2, "vintage": 2016, "terminated": 0, "memberUomCode": null}, {"memberId": 8, "parentMemberId": 1, "memberNameEn": "Ontario", "memberNameFr": "Ontario", "classificationCode": "35", "classificationTypeCode": "1", "geoLevel": 2, "vintage": 2016, "terminated": 0, "memberUomCode": null}, {"memberId": 9, "parentMemberId": 1, "memberNameEn": "Prairie provinces", "memberNameFr": "Provinces des Prairies", "classificationCode": "4", "classificationTypeCode": "1", "geoLevel": 1, "vintage": 2016, "terminated": 0, "memberUomCode": null}, {"memberId": 10, "parentMemberId": 9, "memberNameEn": "Manitoba", "memberNameFr": "Manitoba", "classificationCode": "46", "classificationTypeCode": "1", "geoLevel": 2, "vintage": 2016, "terminated": 0, "memberUomCode": null}, {"memberId": 11, "parentMemberId": 9, "memberNameEn": "Saskatchewan", "memberNameFr": "Saskatchewan", "classificationCode": "47", "classificationTypeCode": "1", "geoLevel": 2, "vintage": 2016, "terminated": 0, "memberUomCode": null}, {"memberId": 12, "parentMemberId": 9, "memberNameEn": "Alberta", "memberNameFr": "Alberta", "classificationCode": "48", "classificationTypeCode": "1", "geoLevel": 2, "vintage": 2016, "terminated": 0, "memberUomCode": null}, {"memberId": 13, "parentMemberId": 1, "memberNameEn": "British Columbia", "memberNameFr": "Colombie-Britannique", "classificationCode": "59", "classificationTypeCode": "1", "geoLevel": 2, "vintage": 2016, "terminated": 0, "memberUomCode": null}, {"memberId": 14, "parentMemberId": 1, "memberNameEn": "Qu\u00e9bec, Quebec", "memberNameFr": "Qu\u00e9bec, Qu\u00e9bec", "classificationCode": "421", "classificationTypeCode": "1", "geoLevel": 503, "vintage": 2011, "terminated": 0, "memberUomCode": null}, {"memberId": 15, "parentMemberId": 1, "memberNameEn": "Montr\u00e9al, Quebec", "memberNameFr": "Montr\u00e9al, Qu\u00e9bec", "classificationCode": "462", "classificationTypeCode": "1", "geoLevel": 503, "vintage": 2011, "terminated": 0, "memberUomCode": null}, {"memberId": 16, "parentMemberId": 1, "memberNameEn": "Ottawa-Gatineau, Ontario/Quebec", "memberNameFr": "Ottawa-Gatineau, Ontario/Qu\u00e9bec", "classificationCode": "505", "classificationTypeCode": "1", "geoLevel": 503, "vintage": 2011, "terminated": 0, "memberUomCode": null}, {"memberId": 17, "parentMemberId": 1, "memberNameEn": "Toronto, Ontario", "memberNameFr": "Toronto, Ontario", "classificationCode": "535", "classificationTypeCode": "1", "geoLevel": 503, "vintage": 2011, "terminated": 0, "memberUomCode": null}, {"memberId": 18, "parentMemberId": 1, "memberNameEn": "Winnipeg, Manitoba", "memberNameFr": "Winnipeg, Manitoba", "classificationCode": "602", "classificationTypeCode": "1", "geoLevel": 503, "vintage": 2011, "terminated": 0, "memberUomCode": null}, {"memberId": 19, "parentMemberId": 1, "memberNameEn": "Calgary, Alberta", "memberNameFr": "Calgary, Alberta", "classificationCode": "825", "classificationTypeCode": "1", "geoLevel": 503, "vintage": 2011, "terminated": 0, "memberUomCode": null}, {"memberId": 20, "parentMemberId": 1, "memberNameEn": "Edmonton, Alberta", "memberNameFr": "Edmonton, Alberta", "classificationCode": "835", "classificationTypeCode": "1", "geoLevel": 503, "vintage": 2011, "terminated": 0, "memberUomCode": null}, {"memberId": 21, "parentMemberId": 1, "memberNameEn": "Vancouver, British Columbia", "memberNameFr": "Vancouver, Colombie-Britannique", "classificationCode": "933", "classificationTypeCode": "1", "geoLevel": 503, "vintage": 2011, "terminated": 0, "memberUomCode": null}]}, {"dimensionPositionId": 2, "dimensionNameEn": "Income concept", "dimensionNameFr": "Concept de revenu", "hasUom": true, "member": [{"memberId": 1, "parentMemberId": null, "memberNameEn": "Number of persons", "memberNameFr": "Nombre de personnes", "classificationCode": null, "classificationTypeCode": null, "geoLevel": null, "vintage": null, "terminated": 0, "memberUomCode": 223}, {"memberId": 2, "parentMemberId": null, "memberNameEn": "Number of families", "memberNameFr": "Nombre de familles", "classificationCode": null, "classificationTypeCode": null, "geoLevel": null, "vintage": null, "terminated": 0, "memberUomCode": 223}, {"memberId": 3, "parentMemberId": null, "memberNameEn": "Average market income", "memberNameFr": "Revenu du march\u00e9 moyen", "classificationCode": null, "classificationTypeCode": null, "geoLevel": null, "vintage": null, "terminated": 0, "memberUomCode": 404}, {"memberId": 4, "parentMemberId": null, "memberNameEn": "Median market income", "memberNameFr": "Revenu du march\u00e9 m\u00e9dian", "classificationCode": null, "classificationTypeCode": null, "geoLevel": null, "vintage": null, "terminated": 0, "memberUomCode": 404}, {"memberId": 5, "parentMemberId": null, "memberNameEn": "Average government transfers", "memberNameFr": "Transferts gouvernementaux moyens", "classificationCode": null, "classificationTypeCode": null, "geoLevel": null, "vintage": null, "terminated": 0, "memberUomCode": 404}, {"memberId": 6, "parentMemberId": null, "memberNameEn": "Median government transfers", "memberNameFr": "Transferts gouvernementaux m\u00e9dians", "classificationCode": null, "classificationTypeCode": null, "geoLevel": null, "vintage": null, "terminated": 0, "memberUomCode": 404}, {"memberId": 7, "parentMemberId": null, "memberNameEn": "Average total income", "memberNameFr": "Revenu total moyen", "classificationCode": null, "classificationTypeCode": null, "geoLevel": null, "vintage": null, "terminated": 0, "memberUomCode": 404}, {"memberId": 8, "parentMemberId": null, "memberNameEn": "Median total income", "memberNameFr": "Revenu total m\u00e9dian", "classificationCode": null, "classificationTypeCode": null, "geoLevel": null, "vintage": null, "terminated": 0, "memberUomCode": 404}, {"memberId": 9, "parentMemberId": null, "memberNameEn": "Average income tax", "memberNameFr": "Imp\u00f4t moyen sur le revenu", "classificationCode": null, "classificationTypeCode": null, "geoLevel": null, "vintage": null, "terminated": 0, "memberUomCode": 404}, {"memberId": 10, "parentMemberId": null, "memberNameEn": "Median income tax", "memberNameFr": "Imp\u00f4t sur le revenu m\u00e9dian", "classificationCode": null, "classificationTypeCode": null, "geoLevel": null, "vintage": null, "terminated": 0, "memberUomCode": 404}, {"memberId": 11, "parentMemberId": null, "memberNameEn": "Average after-tax income", "memberNameFr": "Revenu moyen apr\u00e8s imp\u00f4t", "classificationCode": null, "classificationTypeCode": null, "geoLevel": null, "vintage": null, "terminated": 0, "memberUomCode": 404}, {"memberId": 12, "parentMemberId": null, "memberNameEn": "Median after-tax income", "memberNameFr": "Revenu apr\u00e8s imp\u00f4t m\u00e9dian", "classificationCode": null, "classificationTypeCode": null, "geoLevel": null, "vintage": null, "terminated": 0, "memberUomCode": 404}]}, {"dimensionPositionId": 3, "dimensionNameEn": "Economic family type", "dimensionNameFr": "Type de famille \u00e9conomique", "hasUom": false, "member": [{"memberId": 1, "parentMemberId": null, "memberNameEn": "Economic families and persons not in an economic family", "memberNameFr": "Familles \u00e9conomiques et personnes hors famille \u00e9conomique", "classificationCode": null, "classificationTypeCode": null, "geoLevel": null, "vintage": null, "terminated": 0, "memberUomCode": null}, {"memberId": 2, "parentMemberId": 1, "memberNameEn": "Economic families", "memberNameFr": "Familles \u00e9conomiques", "classificationCode": null, "classificationTypeCode": null, "geoLevel": null, "vintage": null, "terminated": 0, "memberUomCode": null}, {"memberId": 3, "parentMemberId": 2, "memberNameEn": "Elderly families", "memberNameFr": "Familles de personnes \u00e2g\u00e9es", "classificationCode": null, "classificationTypeCode": null, "geoLevel": null, "vintage": null, "terminated": 0, "memberUomCode": null}, {"memberId": 4, "parentMemberId": 3, "memberNameEn": "Elderly couples", "memberNameFr": "Couples de personnes \u00e2g\u00e9es", "classificationCode": null, "classificationTypeCode": null, "geoLevel": null, "vintage": null, "terminated": 0, "memberUomCode": null}, {"memberId": 5, "parentMemberId": 3, "memberNameEn": "Other elderly families", "memberNameFr": "Autres familles de personnes \u00e2g\u00e9es", "classificationCode": null, "classificationTypeCode": null, "geoLevel": null, "vintage": null, "terminated": 0, "memberUomCode": null}, {"memberId": 6, "parentMemberId": 2, "memberNameEn": "Non-elderly families", "memberNameFr": "Familles de personnes non \u00e2g\u00e9es", "classificationCode": null, "classificationTypeCode": null, "geoLevel": null, "vintage": null, "terminated": 0, "memberUomCode": null}, {"memberId": 7, "parentMemberId": 6, "memberNameEn": "Couples", "memberNameFr": "Couples", "classificationCode": null, "classificationTypeCode": null, "geoLevel": null, "vintage": null, "terminated": 0, "memberUomCode": null}, {"memberId": 8, "parentMemberId": 6, "memberNameEn": "Couples with children", "memberNameFr": "Couples avec des enfants", "classificationCode": null, "classificationTypeCode": null, "geoLevel": null, "vintage": null, "terminated": 0, "memberUomCode": null}, {"memberId": 9, "parentMemberId": 6, "memberNameEn": "Couples with other relatives", "memberNameFr": "Couples avec d'autres personnes apparent\u00e9es", "classificationCode": null, "classificationTypeCode": null, "geoLevel": null, "vintage": null, "terminated": 0, "memberUomCode": null}, {"memberId": 10, "parentMemberId": 6, "memberNameEn": "Lone-parent families", "memberNameFr": "Familles monoparentales", "classificationCode": null, "classificationTypeCode": null, "geoLevel": null, "vintage": null, "terminated": 0, "memberUomCode": null}, {"memberId": 11, "parentMemberId": 10, "memberNameEn": "Male lone-parent families", "memberNameFr": "Familles monoparentales ayant un homme \u00e0 leur t\u00eate", "classificationCode": null, "classificationTypeCode": null, "geoLevel": null, "vintage": null, "terminated": 0, "memberUomCode": null}, {"memberId": 12, "parentMemberId": 10, "memberNameEn": "Female lone-parent families", "memberNameFr": "Familles monoparentales ayant une femme \u00e0 leur t\u00eate", "classificationCode": null, "classificationTypeCode": null, "geoLevel": null, "vintage": null, "terminated": 0, "memberUomCode": null}, {"memberId": 13, "parentMemberId": 6, "memberNameEn": "Other non-elderly families", "memberNameFr": "Autres familles de personnes non \u00e2g\u00e9es", "classificationCode": null, "classificationTypeCode": null, "geoLevel": null, "vintage": null, "terminated": 0, "memberUomCode": null}, {"memberId": 14, "parentMemberId": 1, "memberNameEn": "Persons not in an economic family", "memberNameFr": "Personnes hors famille \u00e9conomique", "classificationCode": null, "classificationTypeCode": null, "geoLevel": null, "vintage": null, "terminated": 0, "memberUomCode": null}, {"memberId": 15, "parentMemberId": 14, "memberNameEn": "Elderly persons not in an economic family", "memberNameFr": "Personnes \u00e2g\u00e9es hors famille \u00e9conomique", "classificationCode": null, "classificationTypeCode": null, "geoLevel": null, "vintage": null, "terminated": 0, "memberUomCode": null}, {"memberId": 16, "parentMemberId": 15, "memberNameEn": "Elderly males not in an economic family", "memberNameFr": "Hommes \u00e2g\u00e9s hors famille \u00e9conomique", "classificationCode": null, "classificationTypeCode": null, "geoLevel": null, "vintage": null, "terminated": 0, "memberUomCode": null}, {"memberId": 17, "parentMemberId": 15, "memberNameEn": "Elderly females not in an economic family", "memberNameFr": "Femmes \u00e2g\u00e9es hors famille \u00e9conomique", "classificationCode": null, "classificationTypeCode": null, "geoLevel": null, "vintage": null, "terminated": 0, "memberUomCode": null}, {"memberId": 18, "parentMemberId": 14, "memberNameEn": "Non-elderly persons not in an economic family", "memberNameFr": "Personnes non \u00e2g\u00e9es hors famille \u00e9conomique", "classificationCode": null, "classificationTypeCode": null, "geoLevel": null, "vintage": null, "terminated": 0, "memberUomCode": null}, {"memberId": 19, "parentMemberId": 18, "memberNameEn": "Non-elderly males not in an economic family", "memberNameFr": "Hommes non \u00e2g\u00e9s hors famille \u00e9conomique", "classificationCode": null, "classificationTypeCode": null, "geoLevel": null, "vintage": null, "terminated": 0, "memberUomCode": null}, {"memberId": 20, "parentMemberId": 18, "memberNameEn": "Non-elderly females not in an economic family", "memberNameFr": "Femmes non \u00e2g\u00e9es hors famille \u00e9conomique", "classificationCode": null, "classificationTypeCode": null, "geoLevel": null, "vintage": null, "terminated": 0, "memberUomCode": null}]}]