[{"dimensionPositionId": 1, "dimensionNameEn": "Geography", "dimensionNameFr": "G\u00e9ographie", "hasUom": false, "member": [{"memberId": 1, "parentMemberId": null, "memberNameEn": "Canada", "memberNameFr": "Canada", "classificationCode": "11124", "classificationTypeCode": "1", "geoLevel": null, "vintage": 2016, "terminated": 0, "memberUomCode": null}, {"memberId": 2, "parentMemberId": 1, "memberNameEn": "Newfoundland and Labrador", "memberNameFr": "Terre-Neuve-et-Labrador", "classificationCode": "10", "classificationTypeCode": "1", "geoLevel": 2, "vintage": 2016, "terminated": 0, "memberUomCode": null}, {"memberId": 3, "parentMemberId": 2, "memberNameEn": "St. John's, Newfoundland and Labrador", "memberNameFr": "St. John's, Terre-Neuve-et-Labrador", "classificationCode": "001", "classificationTypeCode": "1", "geoLevel": 503, "vintage": 2016, "terminated": 0, "memberUomCode": null}, {"memberId": 49, "parentMemberId": 2, "memberNameEn": "Bay Roberts, Newfoundland and Labrador", "memberNameFr": "Bay Roberts, Terre-Neuve-et-Labrador", "classificationCode": "005", "classificationTypeCode": "1", "geoLevel": 504, "vintage": 2016, "terminated": 0, "memberUomCode": null}, {"memberId": 50, "parentMemberId": 2, "memberNameEn": "Grand Falls-Windsor, Newfoundland and Labrador", "memberNameFr": "Grand Falls-Windsor, Terre-Neuve-et-Labrador", "classificationCode": "010", "classificationTypeCode": "1", "geoLevel": 504, "vintage": 2016, "terminated": 0, "memberUomCode": null}, {"memberId": 184, "parentMemberId": 2, "memberNameEn": "Gander, Newfoundland and Labrador", "memberNameFr": "Gander, Terre-Neuve-et-Labrador", "classificationCode": "011", "classificationTypeCode": "1", "geoLevel": 504, "vintage": 2016, "terminated": 0, "memberUomCode": null}, {"memberId": 51, "parentMemberId": 2, "memberNameEn": "Corner Brook, Newfoundland and Labrador", "memberNameFr": "Corner Brook, Terre-Neuve-et-Labrador", "classificationCode": "015", "classificationTypeCode": "1", "geoLevel": 504, "vintage": 2016, "terminated": 0, "memberUomCode": null}, {"memberId": 52, "parentMemberId": 2, "memberNameEn": "Non CMA-CA, Newfoundland and Labrador", "memberNameFr": "Non RMR-AR, Terre-Neuve-et-Labrador", "classificationCode": "10000", "classificationTypeCode": "1", "geoLevel": null, "vintage": null, "terminated": 0, "memberUomCode": null}, {"memberId": 4, "parentMemberId": 1, "memberNameEn": "Prince Edward Island", "memberNameFr": "\u00cele-du-Prince-\u00c9douard", "classificationCode": "11", "classificationTypeCode": "1", "geoLevel": 2, "vintage": 2016, "terminated": 0, "memberUomCode": null}, {"memberId": 53, "parentMemberId": 4, "memberNameEn": "Charlottetown, Prince Edward Island", "memberNameFr": "Charlottetown, \u00cele-du-Prince-\u00c9douard", "classificationCode": "105", "classificationTypeCode": "1", "geoLevel": 504, "vintage": 2016, "terminated": 0, "memberUomCode": null}, {"memberId": 54, "parentMemberId": 4, "memberNameEn": "Summerside, Prince Edward Island", "memberNameFr": "Summerside, \u00cele-du-Prince-\u00c9douard", "classificationCode": "110", "classificationTypeCode": "1", "geoLevel": 504, "vintage": 2016, "terminated": 0, "memberUomCode": null}, {"memberId": 55, "parentMemberId": 4, "memberNameEn": "Non CMA-CA, Prince Edward Island", "memberNameFr": "Non RMR-AR, \u00cele-du-Prince-\u00c9douard", "classificationCode": "11100", "classificationTypeCode": "1", "geoLevel": null, "vintage": null, "terminated": 0, "memberUomCode": null}, {"memberId": 5, "parentMemberId": 1, "memberNameEn": "Nova Scotia", "memberNameFr": "Nouvelle-\u00c9cosse", "classificationCode": "12", "classificationTypeCode": "1", "geoLevel": 2, "vintage": 2016, "terminated": 0, "memberUomCode": null}, {"memberId": 6, "parentMemberId": 5, "memberNameEn": "Halifax, Nova Scotia", "memberNameFr": "Halifax, Nouvelle-\u00c9cosse", "classificationCode": "205", "classificationTypeCode": "1", "geoLevel": 503, "vintage": 2016, "terminated": 0, "memberUomCode": null}, {"memberId": 56, "parentMemberId": 5, "memberNameEn": "Kentville, Nova Scotia", "memberNameFr": "Kentville, Nouvelle-\u00c9cosse", "classificationCode": "210", "classificationTypeCode": "1", "geoLevel": 504, "vintage": 2016, "terminated": 0, "memberUomCode": null}, {"memberId": 57, "parentMemberId": 5, "memberNameEn": "Truro, Nova Scotia", "memberNameFr": "Truro, Nouvelle-\u00c9cosse", "classificationCode": "215", "classificationTypeCode": "1", "geoLevel": 504, "vintage": 2016, "terminated": 0, "memberUomCode": null}, {"memberId": 58, "parentMemberId": 5, "memberNameEn": "New Glasgow, Nova Scotia", "memberNameFr": "New Glasgow, Nouvelle-\u00c9cosse", "classificationCode": "220", "classificationTypeCode": "1", "geoLevel": 504, "vintage": 2016, "terminated": 0, "memberUomCode": null}, {"memberId": 59, "parentMemberId": 5, "memberNameEn": "Cape Breton, Nova Scotia", "memberNameFr": "Cape Breton, Nouvelle-\u00c9cosse", "classificationCode": "225", "classificationTypeCode": "1", "geoLevel": 504, "vintage": 2016, "terminated": 0, "memberUomCode": null}, {"memberId": 60, "parentMemberId": 5, "memberNameEn": "Non CMA-CA, Nova Scotia", "memberNameFr": "Non RMR-AR, Nouvelle-\u00c9cosse", "classificationCode": "12200", "classificationTypeCode": "1", "geoLevel": null, "vintage": null, "terminated": 0, "memberUomCode": null}, {"memberId": 7, "parentMemberId": 1, "memberNameEn": "New Brunswick", "memberNameFr": "Nouveau-Brunswick", "classificationCode": "13", "classificationTypeCode": "1", "geoLevel": 2, "vintage": 2016, "terminated": 0, "memberUomCode": null}, {"memberId": 43, "parentMemberId": 7, "memberNameEn": "Moncton, New Brunswick", "memberNameFr": "Moncton, Nouveau-Brunswick", "classificationCode": "305", "classificationTypeCode": "1", "geoLevel": 503, "vintage": 2016, "terminated": 0, "memberUomCode": null}, {"memberId": 8, "parentMemberId": 7, "memberNameEn": "Saint John, New Brunswick", "memberNameFr": "Saint John, Nouveau-Brunswick", "classificationCode": "310", "classificationTypeCode": "1", "geoLevel": 503, "vintage": 2016, "terminated": 0, "memberUomCode": null}, {"memberId": 61, "parentMemberId": 7, "memberNameEn": "Fredericton, New Brunswick", "memberNameFr": "Fredericton, Nouveau-Brunswick", "classificationCode": "320", "classificationTypeCode": "1", "geoLevel": 504, "vintage": 2016, "terminated": 0, "memberUomCode": null}, {"memberId": 62, "parentMemberId": 7, "memberNameEn": "Bathurst, New Brunswick", "memberNameFr": "Bathurst, Nouveau-Brunswick", "classificationCode": "328", "classificationTypeCode": "1", "geoLevel": 504, "vintage": 2016, "terminated": 0, "memberUomCode": null}, {"memberId": 63, "parentMemberId": 7, "memberNameEn": "Miramichi, New Brunswick", "memberNameFr": "Miramichi, Nouveau-Brunswick", "classificationCode": "329", "classificationTypeCode": "1", "geoLevel": 504, "vintage": 2016, "terminated": 0, "memberUomCode": null}, {"memberId": 64, "parentMemberId": 7, "memberNameEn": "Campbellton, New Brunswick part", "memberNameFr": "Campbellton, partie Nouveau-Brunswick", "classificationCode": "13330", "classificationTypeCode": "1", "geoLevel": 506, "vintage": 2016, "terminated": 0, "memberUomCode": null}, {"memberId": 65, "parentMemberId": 7, "memberNameEn": "Edmundston, New Brunswick", "memberNameFr": "Edmundston, Nouveau-Brunswick", "classificationCode": "335", "classificationTypeCode": "1", "geoLevel": 504, "vintage": 2016, "terminated": 0, "memberUomCode": null}, {"memberId": 66, "parentMemberId": 7, "memberNameEn": "Non CMA-CA, New Brunswick", "memberNameFr": "Non RMR-AR, Nouveau-Brunswick", "classificationCode": "13300", "classificationTypeCode": "1", "geoLevel": null, "vintage": null, "terminated": 0, "memberUomCode": null}, {"memberId": 9, "parentMemberId": 1, "memberNameEn": "Quebec", "memberNameFr": "Qu\u00e9bec", "classificationCode": "24", "classificationTypeCode": "1", "geoLevel": 2, "vintage": 2016, "terminated": 0, "memberUomCode": null}, {"memberId": 67, "parentMemberId": 9, "memberNameEn": "Campbellton, Quebec part", "memberNameFr": "Campbellton, partie Qu\u00e9bec", "classificationCode": "24330", "classificationTypeCode": "1", "geoLevel": 506, "vintage": 2016, "terminated": 0, "memberUomCode": null}, {"memberId": 68, "parentMemberId": 9, "memberNameEn": "Matane, Quebec", "memberNameFr": "Matane, Qu\u00e9bec", "classificationCode": "403", "classificationTypeCode": "1", "geoLevel": 504, "vintage": 2016, "terminated": 0, "memberUomCode": null}, {"memberId": 69, "parentMemberId": 9, "memberNameEn": "Rimouski, Quebec", "memberNameFr": "Rimouski, Qu\u00e9bec", "classificationCode": "404", "classificationTypeCode": "1", "geoLevel": 504, "vintage": 2016, "terminated": 0, "memberUomCode": null}, {"memberId": 70, "parentMemberId": 9, "memberNameEn": "Rivi\u00e8re-du-loup, Quebec", "memberNameFr": "Rivi\u00e8re-du-loup, Qu\u00e9bec", "classificationCode": "405", "classificationTypeCode": "1", "geoLevel": 504, "vintage": 2016, "terminated": 0, "memberUomCode": null}, {"memberId": 71, "parentMemberId": 9, "memberNameEn": "Baie-Comeau, Quebec", "memberNameFr": "Baie-Comeau, Qu\u00e9bec", "classificationCode": "406", "classificationTypeCode": "1", "geoLevel": 504, "vintage": 2016, "terminated": 0, "memberUomCode": null}, {"memberId": 10, "parentMemberId": 9, "memberNameEn": "Saguenay, Quebec", "memberNameFr": "Saguenay, Qu\u00e9bec", "classificationCode": "408", "classificationTypeCode": "1", "geoLevel": 503, "vintage": 2016, "terminated": 0, "memberUomCode": null}, {"memberId": 72, "parentMemberId": 9, "memberNameEn": "Alma, Quebec", "memberNameFr": "Alma, Qu\u00e9bec", "classificationCode": "410", "classificationTypeCode": "1", "geoLevel": 504, "vintage": 2016, "terminated": 0, "memberUomCode": null}, {"memberId": 73, "parentMemberId": 9, "memberNameEn": "Dolbeau-Mistassini, Quebec", "memberNameFr": "Dolbeau-Mistassini, Qu\u00e9bec", "classificationCode": "411", "classificationTypeCode": "1", "geoLevel": 504, "vintage": 2016, "terminated": 0, "memberUomCode": null}, {"memberId": 74, "parentMemberId": 9, "memberNameEn": "Sept-\u00celes, Quebec", "memberNameFr": "Sept-\u00celes, Qu\u00e9bec", "classificationCode": "412", "classificationTypeCode": "1", "geoLevel": 504, "vintage": 2016, "terminated": 0, "memberUomCode": null}, {"memberId": 11, "parentMemberId": 9, "memberNameEn": "Qu\u00e9bec, Quebec", "memberNameFr": "Qu\u00e9bec, Qu\u00e9bec", "classificationCode": "421", "classificationTypeCode": "1", "geoLevel": 503, "vintage": 2016, "terminated": 0, "memberUomCode": null}, {"memberId": 185, "parentMemberId": 9, "memberNameEn": "Sainte-Marie, Quebec", "memberNameFr": "Sainte-Marie, Qu\u00e9bec", "classificationCode": "423", "classificationTypeCode": "1", "geoLevel": 504, "vintage": 2016, "terminated": 0, "memberUomCode": null}, {"memberId": 75, "parentMemberId": 9, "memberNameEn": "Saint-Georges, Quebec", "memberNameFr": "Saint-Georges, Qu\u00e9bec", "classificationCode": "428", "classificationTypeCode": "1", "geoLevel": 504, "vintage": 2016, "terminated": 0, "memberUomCode": null}, {"memberId": 76, "parentMemberId": 9, "memberNameEn": "Thetford Mines, Quebec", "memberNameFr": "Thetford Mines, Qu\u00e9bec", "classificationCode": "430", "classificationTypeCode": "1", "geoLevel": 504, "vintage": 2016, "terminated": 0, "memberUomCode": null}, {"memberId": 12, "parentMemberId": 9, "memberNameEn": "Sherbrooke, Quebec", "memberNameFr": "Sherbrooke, Qu\u00e9bec", "classificationCode": "433", "classificationTypeCode": "1", "geoLevel": 503, "vintage": 2016, "terminated": 0, "memberUomCode": null}, {"memberId": 77, "parentMemberId": 9, "memberNameEn": "Cowansville, Quebec", "memberNameFr": "Cowansville, Qu\u00e9bec", "classificationCode": "437", "classificationTypeCode": "1", "geoLevel": 504, "vintage": 2016, "terminated": 0, "memberUomCode": null}, {"memberId": 78, "parentMemberId": 9, "memberNameEn": "Victoriaville, Quebec", "memberNameFr": "Victoriaville, Qu\u00e9bec", "classificationCode": "440", "classificationTypeCode": "1", "geoLevel": 504, "vintage": 2016, "terminated": 0, "memberUomCode": null}, {"memberId": 13, "parentMemberId": 9, "memberNameEn": "Trois-Rivi\u00e8res, Quebec", "memberNameFr": "Trois-Rivi\u00e8res, Qu\u00e9bec", "classificationCode": "442", "classificationTypeCode": "1", "geoLevel": 503, "vintage": 2016, "terminated": 0, "memberUomCode": null}, {"memberId": 79, "parentMemberId": 9, "memberNameEn": "Shawinigan, Quebec", "memberNameFr": "Shawinigan, Qu\u00e9bec", "classificationCode": "444", "classificationTypeCode": "1", "geoLevel": 504, "vintage": 2016, "terminated": 0, "memberUomCode": null}, {"memberId": 80, "parentMemberId": 9, "memberNameEn": "La Tuque, Quebec", "memberNameFr": "La Tuque, Qu\u00e9bec", "classificationCode": "446", "classificationTypeCode": "1", "geoLevel": 504, "vintage": 2006, "terminated": 1, "memberUomCode": null}, {"memberId": 81, "parentMemberId": 9, "memberNameEn": "Drummondville, Quebec", "memberNameFr": "Drummondville, Qu\u00e9bec", "classificationCode": "447", "classificationTypeCode": "1", "geoLevel": 504, "vintage": 2016, "terminated": 0, "memberUomCode": null}, {"memberId": 82, "parentMemberId": 9, "memberNameEn": "Granby, Quebec", "memberNameFr": "Granby, Qu\u00e9bec", "classificationCode": "450", "classificationTypeCode": "1", "geoLevel": 504, "vintage": 2016, "terminated": 0, "memberUomCode": null}, {"memberId": 83, "parentMemberId": 9, "memberNameEn": "Saint-Hyacinthe, Quebec", "memberNameFr": "Saint-Hyacinthe, Qu\u00e9bec", "classificationCode": "452", "classificationTypeCode": "1", "geoLevel": 504, "vintage": 2016, "terminated": 0, "memberUomCode": null}, {"memberId": 84, "parentMemberId": 9, "memberNameEn": "Sorel-Tracy, Quebec", "memberNameFr": "Sorel-Tracy, Qu\u00e9bec", "classificationCode": "454", "classificationTypeCode": "1", "geoLevel": 504, "vintage": 2016, "terminated": 0, "memberUomCode": null}, {"memberId": 85, "parentMemberId": 9, "memberNameEn": "Joliette, Quebec", "memberNameFr": "Joliette, Quebec", "classificationCode": "456", "classificationTypeCode": "1", "geoLevel": 504, "vintage": 2016, "terminated": 0, "memberUomCode": null}, {"memberId": 86, "parentMemberId": 9, "memberNameEn": "Saint-Jean-sur-Richelieu, Quebec", "memberNameFr": "Saint-Jean-sur-Richelieu, Qu\u00e9bec", "classificationCode": "459", "classificationTypeCode": "1", "geoLevel": 504, "vintage": 2011, "terminated": 1, "memberUomCode": null}, {"memberId": 14, "parentMemberId": 9, "memberNameEn": "Montr\u00e9al, Quebec", "memberNameFr": "Montr\u00e9al, Qu\u00e9bec", "classificationCode": "462", "classificationTypeCode": "1", "geoLevel": 503, "vintage": 2016, "terminated": 0, "memberUomCode": null}, {"memberId": 87, "parentMemberId": 9, "memberNameEn": "Salaberry-de-Valleyfield, Quebec", "memberNameFr": "Salaberry-de-Valleyfield, Qu\u00e9bec", "classificationCode": "465", "classificationTypeCode": "1", "geoLevel": 504, "vintage": 2016, "terminated": 0, "memberUomCode": null}, {"memberId": 88, "parentMemberId": 9, "memberNameEn": "Lachute, Quebec", "memberNameFr": "Lachute, Qu\u00e9bec", "classificationCode": "468", "classificationTypeCode": "1", "geoLevel": 504, "vintage": 2016, "terminated": 0, "memberUomCode": null}, {"memberId": 89, "parentMemberId": 9, "memberNameEn": "Val-d'Or, Quebec", "memberNameFr": "Val-d'Or, Qu\u00e9bec", "classificationCode": "480", "classificationTypeCode": "1", "geoLevel": 504, "vintage": 2016, "terminated": 0, "memberUomCode": null}, {"memberId": 90, "parentMemberId": 9, "memberNameEn": "Amos, Quebec", "memberNameFr": "Amos, Qu\u00e9bec", "classificationCode": "481", "classificationTypeCode": "1", "geoLevel": 504, "vintage": 2011, "terminated": 1, "memberUomCode": null}, {"memberId": 91, "parentMemberId": 9, "memberNameEn": "Rouyn-Noranda, Quebec", "memberNameFr": "Rouyn-Noranda, Qu\u00e9bec", "classificationCode": "485", "classificationTypeCode": "1", "geoLevel": 504, "vintage": 2016, "terminated": 0, "memberUomCode": null}, {"memberId": 92, "parentMemberId": 9, "memberNameEn": "Hawkesbury, Quebec part", "memberNameFr": "Hawkesbury, partie Qu\u00e9bec", "classificationCode": "24502", "classificationTypeCode": "1", "geoLevel": 506, "vintage": 2016, "terminated": 0, "memberUomCode": null}, {"memberId": 15, "parentMemberId": 9, "memberNameEn": "Ottawa-Gatineau, Quebec part", "memberNameFr": "Ottawa-Gatineau, partie Qu\u00e9bec", "classificationCode": "24505", "classificationTypeCode": "1", "geoLevel": 505, "vintage": 2016, "terminated": 0, "memberUomCode": null}, {"memberId": 93, "parentMemberId": 9, "memberNameEn": "Non CMA-CA, Quebec", "memberNameFr": "Non RMR-AR, Qu\u00e9bec", "classificationCode": "24400", "classificationTypeCode": "1", "geoLevel": null, "vintage": null, "terminated": 0, "memberUomCode": null}, {"memberId": 16, "parentMemberId": 1, "memberNameEn": "Ontario", "memberNameFr": "Ontario", "classificationCode": "35", "classificationTypeCode": "1", "geoLevel": 2, "vintage": 2016, "terminated": 0, "memberUomCode": null}, {"memberId": 94, "parentMemberId": 16, "memberNameEn": "Cornwall, Ontario", "memberNameFr": "Cornwall, Ontario", "classificationCode": "501", "classificationTypeCode": "1", "geoLevel": 504, "vintage": 2016, "terminated": 0, "memberUomCode": null}, {"memberId": 95, "parentMemberId": 16, "memberNameEn": "Hawkesbury, Ontario part", "memberNameFr": "Hawkesbury, partie Ontario", "classificationCode": "35502", "classificationTypeCode": "1", "geoLevel": 506, "vintage": 2016, "terminated": 0, "memberUomCode": null}, {"memberId": 17, "parentMemberId": 16, "memberNameEn": "Ottawa-Gatineau, Ontario part", "memberNameFr": "Ottawa-Gatineau, partie Ontario", "classificationCode": "35505", "classificationTypeCode": "1", "geoLevel": 505, "vintage": 2016, "terminated": 0, "memberUomCode": null}, {"memberId": 186, "parentMemberId": 16, "memberNameEn": "Arnprior, Ontario", "memberNameFr": "Arnprior, Ontario", "classificationCode": "507", "classificationTypeCode": "1", "geoLevel": 504, "vintage": 2016, "terminated": 0, "memberUomCode": null}, {"memberId": 187, "parentMemberId": 16, "memberNameEn": "Carleton Place, Ontario", "memberNameFr": "Carleton Place, Ontario", "classificationCode": "509", "classificationTypeCode": "1", "geoLevel": 504, "vintage": 2016, "terminated": 0, "memberUomCode": null}, {"memberId": 96, "parentMemberId": 16, "memberNameEn": "Brockville, Ontario", "memberNameFr": "Brockville, Ontario", "classificationCode": "512", "classificationTypeCode": "1", "geoLevel": 504, "vintage": 2016, "terminated": 0, "memberUomCode": null}, {"memberId": 97, "parentMemberId": 16, "memberNameEn": "Pembroke, Ontario", "memberNameFr": "Pembroke, Ontario", "classificationCode": "515", "classificationTypeCode": "1", "geoLevel": 504, "vintage": 2016, "terminated": 0, "memberUomCode": null}, {"memberId": 98, "parentMemberId": 16, "memberNameEn": "Petawawa, Ontario", "memberNameFr": "Petawawa, Ontario", "classificationCode": "516", "classificationTypeCode": "1", "geoLevel": 504, "vintage": 2016, "terminated": 0, "memberUomCode": null}, {"memberId": 41, "parentMemberId": 16, "memberNameEn": "Kingston, Ontario", "memberNameFr": "Kingston, Ontario", "classificationCode": "521", "classificationTypeCode": "1", "geoLevel": 503, "vintage": 2016, "terminated": 0, "memberUomCode": null}, {"memberId": 99, "parentMemberId": 16, "memberNameEn": "Belleville, Ontario", "memberNameFr": "Belleville, Ontario", "classificationCode": "522", "classificationTypeCode": "1", "geoLevel": 503, "vintage": 2016, "terminated": 0, "memberUomCode": null}, {"memberId": 100, "parentMemberId": 16, "memberNameEn": "Cobourg, Ontario", "memberNameFr": "Cobourg, Ontario", "classificationCode": "527", "classificationTypeCode": "1", "geoLevel": 504, "vintage": 2016, "terminated": 0, "memberUomCode": null}, {"memberId": 101, "parentMemberId": 16, "memberNameEn": "Port Hope, Ontario", "memberNameFr": "Port Hope, Ontario", "classificationCode": "528", "classificationTypeCode": "1", "geoLevel": 504, "vintage": 2016, "terminated": 0, "memberUomCode": null}, {"memberId": 44, "parentMemberId": 16, "memberNameEn": "Peterborough, Ontario", "memberNameFr": "Peterborough, Ontario", "classificationCode": "529", "classificationTypeCode": "1", "geoLevel": 503, "vintage": 2016, "terminated": 0, "memberUomCode": null}, {"memberId": 102, "parentMemberId": 16, "memberNameEn": "Kawartha Lakes, Ontario", "memberNameFr": "Kawartha Lakes, Ontario", "classificationCode": "530", "classificationTypeCode": "1", "geoLevel": 504, "vintage": 2016, "terminated": 0, "memberUomCode": null}, {"memberId": 103, "parentMemberId": 16, "memberNameEn": "Centre Wellington, Ontario", "memberNameFr": "Centre Wellington, Ontario", "classificationCode": "531", "classificationTypeCode": "1", "geoLevel": 504, "vintage": 2016, "terminated": 0, "memberUomCode": null}, {"memberId": 18, "parentMemberId": 16, "memberNameEn": "Oshawa, Ontario", "memberNameFr": "Oshawa, Ontario", "classificationCode": "532", "classificationTypeCode": "1", "geoLevel": 503, "vintage": 2016, "terminated": 0, "memberUomCode": null}, {"memberId": 104, "parentMemberId": 16, "memberNameEn": "Ingersoll, Ontario", "memberNameFr": "Ingersoll, Ontario", "classificationCode": "533", "classificationTypeCode": "1", "geoLevel": 504, "vintage": 2016, "terminated": 0, "memberUomCode": null}, {"memberId": 19, "parentMemberId": 16, "memberNameEn": "Toronto, Ontario", "memberNameFr": "Toronto, Ontario", "classificationCode": "535", "classificationTypeCode": "1", "geoLevel": 503, "vintage": 2016, "terminated": 0, "memberUomCode": null}, {"memberId": 20, "parentMemberId": 16, "memberNameEn": "Hamilton, Ontario", "memberNameFr": "Hamilton, Ontario", "classificationCode": "537", "classificationTypeCode": "1", "geoLevel": 503, "vintage": 2016, "terminated": 0, "memberUomCode": null}, {"memberId": 21, "parentMemberId": 16, "memberNameEn": "St. Catharines-Niagara, Ontario", "memberNameFr": "St. Catharines-Niagara, Ontario", "classificationCode": "539", "classificationTypeCode": "1", "geoLevel": 503, "vintage": 2016, "terminated": 0, "memberUomCode": null}, {"memberId": 22, "parentMemberId": 16, "memberNameEn": "Kitchener-Cambridge-Waterloo, Ontario", "memberNameFr": "Kitchener-Cambridge-Waterloo, Ontario", "classificationCode": "541", "classificationTypeCode": "1", "geoLevel": 503, "vintage": 2016, "terminated": 0, "memberUomCode": null}, {"memberId": 45, "parentMemberId": 16, "memberNameEn": "Brantford, Ontario", "memberNameFr": "Brantford, Ontario", "classificationCode": "543", "classificationTypeCode": "1", "geoLevel": 503, "vintage": 2016, "terminated": 0, "memberUomCode": null}, {"memberId": 105, "parentMemberId": 16, "memberNameEn": "Woodstock, Ontario", "memberNameFr": "Woodstock, Ontario", "classificationCode": "544", "classificationTypeCode": "1", "geoLevel": 504, "vintage": 2016, "terminated": 0, "memberUomCode": null}, {"memberId": 106, "parentMemberId": 16, "memberNameEn": "Tillsonburg, Ontario", "memberNameFr": "Tillsonburg, Ontario", "classificationCode": "546", "classificationTypeCode": "1", "geoLevel": 504, "vintage": 2016, "terminated": 0, "memberUomCode": null}, {"memberId": 107, "parentMemberId": 16, "memberNameEn": "Norfolk, Ontario", "memberNameFr": "Norfolk, Ontario", "classificationCode": "547", "classificationTypeCode": "1", "geoLevel": 504, "vintage": 2016, "terminated": 0, "memberUomCode": null}, {"memberId": 46, "parentMemberId": 16, "memberNameEn": "Guelph, Ontario", "memberNameFr": "Guelph, Ontario", "classificationCode": "550", "classificationTypeCode": "1", "geoLevel": 503, "vintage": 2016, "terminated": 0, "memberUomCode": null}, {"memberId": 108, "parentMemberId": 16, "memberNameEn": "Stratford, Ontario", "memberNameFr": "Stratford, Ontario", "classificationCode": "553", "classificationTypeCode": "1", "geoLevel": 504, "vintage": 2016, "terminated": 0, "memberUomCode": null}, {"memberId": 23, "parentMemberId": 16, "memberNameEn": "London, Ontario", "memberNameFr": "London, Ontario", "classificationCode": "555", "classificationTypeCode": "1", "geoLevel": 503, "vintage": 2016, "terminated": 0, "memberUomCode": null}, {"memberId": 109, "parentMemberId": 16, "memberNameEn": "Chatham-Kent, Ontario", "memberNameFr": "Chatham-Kent, Ontario", "classificationCode": "556", "classificationTypeCode": "1", "geoLevel": 504, "vintage": 2016, "terminated": 0, "memberUomCode": null}, {"memberId": 110, "parentMemberId": 16, "memberNameEn": "Leamington, Ontario", "memberNameFr": "Leamington, Ontario", "classificationCode": "557", "classificationTypeCode": "1", "geoLevel": 504, "vintage": 2016, "terminated": 0, "memberUomCode": null}, {"memberId": 24, "parentMemberId": 16, "memberNameEn": "Windsor, Ontario", "memberNameFr": "Windsor, Ontario", "classificationCode": "559", "classificationTypeCode": "1", "geoLevel": 503, "vintage": 2016, "terminated": 0, "memberUomCode": null}, {"memberId": 111, "parentMemberId": 16, "memberNameEn": "Sarnia, Ontario", "memberNameFr": "Sarnia, Ontario", "classificationCode": "562", "classificationTypeCode": "1", "geoLevel": 504, "vintage": 2016, "terminated": 0, "memberUomCode": null}, {"memberId": 188, "parentMemberId": 16, "memberNameEn": "Wasaga Beach, Ontario", "memberNameFr": "Wasaga Beach, Ontario", "classificationCode": "565", "classificationTypeCode": "1", "geoLevel": 504, "vintage": 2016, "terminated": 0, "memberUomCode": null}, {"memberId": 112, "parentMemberId": 16, "memberNameEn": "Owen Sound, Ontario", "memberNameFr": "Owen Sound, Ontario", "classificationCode": "566", "classificationTypeCode": "1", "geoLevel": 504, "vintage": 2016, "terminated": 0, "memberUomCode": null}, {"memberId": 113, "parentMemberId": 16, "memberNameEn": "Collingwood , Ontario", "memberNameFr": "Collingwood , Ontario", "classificationCode": "567", "classificationTypeCode": "1", "geoLevel": 504, "vintage": 2016, "terminated": 0, "memberUomCode": null}, {"memberId": 47, "parentMemberId": 16, "memberNameEn": "Barrie, Ontario", "memberNameFr": "Barrie, Ontario", "classificationCode": "568", "classificationTypeCode": "1", "geoLevel": 503, "vintage": 2016, "terminated": 0, "memberUomCode": null}, {"memberId": 114, "parentMemberId": 16, "memberNameEn": "Orillia, Ontario", "memberNameFr": "Orillia, Ontario", "classificationCode": "569", "classificationTypeCode": "1", "geoLevel": 504, "vintage": 2016, "terminated": 0, "memberUomCode": null}, {"memberId": 115, "parentMemberId": 16, "memberNameEn": "Midland, Ontario", "memberNameFr": "Midland, Ontario", "classificationCode": "571", "classificationTypeCode": "1", "geoLevel": 504, "vintage": 2016, "terminated": 0, "memberUomCode": null}, {"memberId": 116, "parentMemberId": 16, "memberNameEn": "North Bay, Ontario", "memberNameFr": "North Bay, Ontario", "classificationCode": "575", "classificationTypeCode": "1", "geoLevel": 504, "vintage": 2016, "terminated": 0, "memberUomCode": null}, {"memberId": 25, "parentMemberId": 16, "memberNameEn": "Greater Sudbury, Ontario", "memberNameFr": "Grand Sudbury, Ontario", "classificationCode": "580", "classificationTypeCode": "1", "geoLevel": 503, "vintage": 2016, "terminated": 0, "memberUomCode": null}, {"memberId": 117, "parentMemberId": 16, "memberNameEn": "Elliot Lake, Ontario", "memberNameFr": "Elliot Lake, Ontario", "classificationCode": "582", "classificationTypeCode": "1", "geoLevel": 504, "vintage": 2016, "terminated": 0, "memberUomCode": null}, {"memberId": 118, "parentMemberId": 16, "memberNameEn": "Temiskaming Shores, Ontario", "memberNameFr": "Temiskaming Shores, Ontario", "classificationCode": "584", "classificationTypeCode": "1", "geoLevel": 504, "vintage": 2011, "terminated": 1, "memberUomCode": null}, {"memberId": 119, "parentMemberId": 16, "memberNameEn": "Timmins, Ontario", "memberNameFr": "Timmins, Ontario", "classificationCode": "586", "classificationTypeCode": "1", "geoLevel": 504, "vintage": 2016, "terminated": 0, "memberUomCode": null}, {"memberId": 120, "parentMemberId": 16, "memberNameEn": "Sault Ste. Marie, Ontario", "memberNameFr": "Sault Ste. Marie, Ontario", "classificationCode": "590", "classificationTypeCode": "1", "geoLevel": 504, "vintage": 2016, "terminated": 0, "memberUomCode": null}, {"memberId": 26, "parentMemberId": 16, "memberNameEn": "Thunder Bay, Ontario", "memberNameFr": "Thunder Bay, Ontario", "classificationCode": "595", "classificationTypeCode": "1", "geoLevel": 503, "vintage": 2016, "terminated": 0, "memberUomCode": null}, {"memberId": 121, "parentMemberId": 16, "memberNameEn": "Kenora, Ontario", "memberNameFr": "Kenora, Ontario", "classificationCode": "598", "classificationTypeCode": "1", "geoLevel": 504, "vintage": 2016, "terminated": 0, "memberUomCode": null}, {"memberId": 122, "parentMemberId": 16, "memberNameEn": "Non CMA-CA, Ontario", "memberNameFr": "Non RMR-AR, Ontario", "classificationCode": "35500", "classificationTypeCode": "1", "geoLevel": null, "vintage": null, "terminated": 0, "memberUomCode": null}, {"memberId": 27, "parentMemberId": 1, "memberNameEn": "Manitoba", "memberNameFr": "Manitoba", "classificationCode": "46", "classificationTypeCode": "1", "geoLevel": 2, "vintage": 2016, "terminated": 0, "memberUomCode": null}, {"memberId": 28, "parentMemberId": 27, "memberNameEn": "Winnipeg, Manitoba", "memberNameFr": "Winnipeg, Manitoba", "classificationCode": "602", "classificationTypeCode": "1", "geoLevel": 503, "vintage": 2016, "terminated": 0, "memberUomCode": null}, {"memberId": 189, "parentMemberId": 27, "memberNameEn": "Winkler, Manitoba", "memberNameFr": "Winkler, Manitoba", "classificationCode": "603", "classificationTypeCode": "1", "geoLevel": 504, "vintage": 2016, "terminated": 0, "memberUomCode": null}, {"memberId": 179, "parentMemberId": 27, "memberNameEn": "Steinbach, Manitoba", "memberNameFr": "Steinbach, Manitoba", "classificationCode": "605", "classificationTypeCode": "1", "geoLevel": 504, "vintage": 2016, "terminated": 0, "memberUomCode": null}, {"memberId": 123, "parentMemberId": 27, "memberNameEn": "Portage la Prairie, Manitoba", "memberNameFr": "Portage la Prairie, Manitoba", "classificationCode": "607", "classificationTypeCode": "1", "geoLevel": 504, "vintage": 2016, "terminated": 0, "memberUomCode": null}, {"memberId": 124, "parentMemberId": 27, "memberNameEn": "Brandon, Manitoba", "memberNameFr": "Brandon, Manitoba", "classificationCode": "610", "classificationTypeCode": "1", "geoLevel": 504, "vintage": 2016, "terminated": 0, "memberUomCode": null}, {"memberId": 125, "parentMemberId": 27, "memberNameEn": "Thompson, Manitoba", "memberNameFr": "Thompson, Manitoba", "classificationCode": "640", "classificationTypeCode": "1", "geoLevel": 504, "vintage": 2016, "terminated": 0, "memberUomCode": null}, {"memberId": 126, "parentMemberId": 27, "memberNameEn": "Non CMA-CA, Manitoba", "memberNameFr": "Non RMR-AR, Manitoba", "classificationCode": "46600", "classificationTypeCode": "1", "geoLevel": null, "vintage": null, "terminated": 0, "memberUomCode": null}, {"memberId": 29, "parentMemberId": 1, "memberNameEn": "Saskatchewan", "memberNameFr": "Saskatchewan", "classificationCode": "47", "classificationTypeCode": "1", "geoLevel": 2, "vintage": 2016, "terminated": 0, "memberUomCode": null}, {"memberId": 30, "parentMemberId": 29, "memberNameEn": "Regina, Saskatchewan", "memberNameFr": "Regina, Saskatchewan", "classificationCode": "705", "classificationTypeCode": "1", "geoLevel": 503, "vintage": 2016, "terminated": 0, "memberUomCode": null}, {"memberId": 127, "parentMemberId": 29, "memberNameEn": "Yorkton, Saskatchewan", "memberNameFr": "Yorkton, Saskatchewan", "classificationCode": "710", "classificationTypeCode": "1", "geoLevel": 504, "vintage": 2016, "terminated": 0, "memberUomCode": null}, {"memberId": 128, "parentMemberId": 29, "memberNameEn": "Moose Jaw, Saskatchewan", "memberNameFr": "Moose Jaw, Saskatchewan", "classificationCode": "715", "classificationTypeCode": "1", "geoLevel": 504, "vintage": 2016, "terminated": 0, "memberUomCode": null}, {"memberId": 129, "parentMemberId": 29, "memberNameEn": "Swift Current, Saskatchewan", "memberNameFr": "Swift Current, Saskatchewan", "classificationCode": "720", "classificationTypeCode": "1", "geoLevel": 504, "vintage": 2016, "terminated": 0, "memberUomCode": null}, {"memberId": 31, "parentMemberId": 29, "memberNameEn": "Saskatoon, Saskatchewan", "memberNameFr": "Saskatoon, Saskatchewan", "classificationCode": "725", "classificationTypeCode": "1", "geoLevel": 503, "vintage": 2016, "terminated": 0, "memberUomCode": null}, {"memberId": 130, "parentMemberId": 29, "memberNameEn": "North Battleford, Saskatchewan", "memberNameFr": "North Battleford, Saskatchewan", "classificationCode": "735", "classificationTypeCode": "1", "geoLevel": 504, "vintage": 2016, "terminated": 0, "memberUomCode": null}, {"memberId": 131, "parentMemberId": 29, "memberNameEn": "Prince Albert, Saskatchewan", "memberNameFr": "Prince Albert, Saskatchewan", "classificationCode": "745", "classificationTypeCode": "1", "geoLevel": 504, "vintage": 2016, "terminated": 0, "memberUomCode": null}, {"memberId": 132, "parentMemberId": 29, "memberNameEn": "Estevan, Saskatchewan", "memberNameFr": "Estevan, Saskatchewan", "classificationCode": "750", "classificationTypeCode": "1", "geoLevel": 504, "vintage": 2016, "terminated": 0, "memberUomCode": null}, {"memberId": 190, "parentMemberId": 29, "memberNameEn": "Weyburn, Saskatchewan", "memberNameFr": "Weyburn, Saskatchewan", "classificationCode": "755", "classificationTypeCode": "1", "geoLevel": 504, "vintage": 2016, "terminated": 0, "memberUomCode": null}, {"memberId": 133, "parentMemberId": 29, "memberNameEn": "Lloydminster, Saskatchewan part", "memberNameFr": "Lloydminster, partie Saskatchewan", "classificationCode": "47840", "classificationTypeCode": "1", "geoLevel": 506, "vintage": 2016, "terminated": 0, "memberUomCode": null}, {"memberId": 134, "parentMemberId": 29, "memberNameEn": "Non CMA-CA, Saskatchewan", "memberNameFr": "Non RMR-AR, Saskatchewan", "classificationCode": "47700", "classificationTypeCode": "1", "geoLevel": null, "vintage": null, "terminated": 0, "memberUomCode": null}, {"memberId": 32, "parentMemberId": 1, "memberNameEn": "Alberta", "memberNameFr": "Alberta", "classificationCode": "48", "classificationTypeCode": "1", "geoLevel": 2, "vintage": 2016, "terminated": 0, "memberUomCode": null}, {"memberId": 135, "parentMemberId": 32, "memberNameEn": "Medicine Hat, Alberta", "memberNameFr": "Medicine Hat, Alberta", "classificationCode": "805", "classificationTypeCode": "1", "geoLevel": 504, "vintage": 2016, "terminated": 0, "memberUomCode": null}, {"memberId": 136, "parentMemberId": 32, "memberNameEn": "Brooks, Alberta", "memberNameFr": "Brooks, Alberta", "classificationCode": "806", "classificationTypeCode": "1", "geoLevel": 504, "vintage": 2016, "terminated": 0, "memberUomCode": null}, {"memberId": 137, "parentMemberId": 32, "memberNameEn": "Lethbridge, Alberta", "memberNameFr": "Lethbridge, Alberta", "classificationCode": "810", "classificationTypeCode": "1", "geoLevel": 503, "vintage": 2016, "terminated": 0, "memberUomCode": null}, {"memberId": 138, "parentMemberId": 32, "memberNameEn": "Okotoks, Alberta", "memberNameFr": "Okotoks, Alberta", "classificationCode": "820", "classificationTypeCode": "1", "geoLevel": 504, "vintage": 2016, "terminated": 0, "memberUomCode": null}, {"memberId": 180, "parentMemberId": 32, "memberNameEn": "High River, Alberta", "memberNameFr": "High River, Alberta", "classificationCode": "821", "classificationTypeCode": "1", "geoLevel": 504, "vintage": 2016, "terminated": 0, "memberUomCode": null}, {"memberId": 33, "parentMemberId": 32, "memberNameEn": "Calgary, Alberta", "memberNameFr": "Calgary, Alberta", "classificationCode": "825", "classificationTypeCode": "1", "geoLevel": 503, "vintage": 2016, "terminated": 0, "memberUomCode": null}, {"memberId": 181, "parentMemberId": 32, "memberNameEn": "Strathmore, Alberta", "memberNameFr": "Strathmore, Alberta", "classificationCode": "826", "classificationTypeCode": "1", "geoLevel": 504, "vintage": 2016, "terminated": 0, "memberUomCode": null}, {"memberId": 139, "parentMemberId": 32, "memberNameEn": "Canmore, Alberta", "memberNameFr": "Canmore, Alberta", "classificationCode": "828", "classificationTypeCode": "1", "geoLevel": 504, "vintage": 2016, "terminated": 0, "memberUomCode": null}, {"memberId": 140, "parentMemberId": 32, "memberNameEn": "Red Deer, Alberta", "memberNameFr": "Red Deer, Alberta", "classificationCode": "830", "classificationTypeCode": "1", "geoLevel": 504, "vintage": 2016, "terminated": 0, "memberUomCode": null}, {"memberId": 182, "parentMemberId": 32, "memberNameEn": "Sylvan Lake, Alberta", "memberNameFr": "Sylvan Lake, Alberta", "classificationCode": "831", "classificationTypeCode": "1", "geoLevel": 504, "vintage": 2016, "terminated": 0, "memberUomCode": null}, {"memberId": 183, "parentMemberId": 32, "memberNameEn": "Lacombe, Alberta", "memberNameFr": "Lacombe, Alberta", "classificationCode": "832", "classificationTypeCode": "1", "geoLevel": 504, "vintage": 2016, "terminated": 0, "memberUomCode": null}, {"memberId": 141, "parentMemberId": 32, "memberNameEn": "Camrose, Alberta", "memberNameFr": "Camrose, Alberta", "classificationCode": "833", "classificationTypeCode": "1", "geoLevel": 504, "vintage": 2016, "terminated": 0, "memberUomCode": null}, {"memberId": 34, "parentMemberId": 32, "memberNameEn": "Edmonton, Alberta", "memberNameFr": "Edmonton, Alberta", "classificationCode": "835", "classificationTypeCode": "1", "geoLevel": 503, "vintage": 2016, "terminated": 0, "memberUomCode": null}, {"memberId": 142, "parentMemberId": 32, "memberNameEn": "Lloydminster, Alberta part", "memberNameFr": "Lloydminster, partie Alberta", "classificationCode": "48840", "classificationTypeCode": "1", "geoLevel": 506, "vintage": 2016, "terminated": 0, "memberUomCode": null}, {"memberId": 143, "parentMemberId": 32, "memberNameEn": "Cold Lake, Alberta", "memberNameFr": "Cold Lake, Alberta", "classificationCode": "845", "classificationTypeCode": "1", "geoLevel": 504, "vintage": 2016, "terminated": 0, "memberUomCode": null}, {"memberId": 144, "parentMemberId": 32, "memberNameEn": "Grande Prairie, Alberta", "memberNameFr": "Grande Prairie, Alberta", "classificationCode": "850", "classificationTypeCode": "1", "geoLevel": 504, "vintage": 2016, "terminated": 0, "memberUomCode": null}, {"memberId": 145, "parentMemberId": 32, "memberNameEn": "Wood Buffalo, Alberta", "memberNameFr": "Wood Buffalo, Alberta", "classificationCode": "860", "classificationTypeCode": "1", "geoLevel": 504, "vintage": 2016, "terminated": 0, "memberUomCode": null}, {"memberId": 146, "parentMemberId": 32, "memberNameEn": "Wetaskiwin, Alberta", "memberNameFr": "Wetaskiwin, Alberta", "classificationCode": "865", "classificationTypeCode": "1", "geoLevel": 504, "vintage": 2016, "terminated": 0, "memberUomCode": null}, {"memberId": 147, "parentMemberId": 32, "memberNameEn": "Non CMA-CA, Alberta", "memberNameFr": "Non RMR-AR, Alberta", "classificationCode": "48800", "classificationTypeCode": "1", "geoLevel": null, "vintage": null, "terminated": 0, "memberUomCode": null}, {"memberId": 35, "parentMemberId": 1, "memberNameEn": "British Columbia", "memberNameFr": "Colombie-Britannique", "classificationCode": "59", "classificationTypeCode": "1", "geoLevel": 2, "vintage": 2016, "terminated": 0, "memberUomCode": null}, {"memberId": 148, "parentMemberId": 35, "memberNameEn": "Cranbrook, British Columbia", "memberNameFr": "Cranbrook, Colombie-Britannique", "classificationCode": "905", "classificationTypeCode": "1", "geoLevel": 504, "vintage": 2016, "terminated": 0, "memberUomCode": null}, {"memberId": 191, "parentMemberId": 35, "memberNameEn": "Nelson, British Columbia", "memberNameFr": "Nelson, Colombie-Britannique", "classificationCode": "907", "classificationTypeCode": "1", "geoLevel": 504, "vintage": 2016, "terminated": 0, "memberUomCode": null}, {"memberId": 149, "parentMemberId": 35, "memberNameEn": "Penticton, British Columbia", "memberNameFr": "Penticton, Colombie-Britannique", "classificationCode": "913", "classificationTypeCode": "1", "geoLevel": 504, "vintage": 2016, "terminated": 0, "memberUomCode": null}, {"memberId": 48, "parentMemberId": 35, "memberNameEn": "Kelowna, British Columbia", "memberNameFr": "Kelowna, Colombie-Britannique", "classificationCode": "915", "classificationTypeCode": "1", "geoLevel": 503, "vintage": 2016, "terminated": 0, "memberUomCode": null}, {"memberId": 150, "parentMemberId": 35, "memberNameEn": "Vernon, British Columbia", "memberNameFr": "Vernon, Colombie-Britannique", "classificationCode": "918", "classificationTypeCode": "1", "geoLevel": 504, "vintage": 2016, "terminated": 0, "memberUomCode": null}, {"memberId": 151, "parentMemberId": 35, "memberNameEn": "Salmon Arm, British Columbia", "memberNameFr": "Salmon Arm, Colombie-Britannique", "classificationCode": "920", "classificationTypeCode": "1", "geoLevel": 504, "vintage": 2016, "terminated": 0, "memberUomCode": null}, {"memberId": 152, "parentMemberId": 35, "memberNameEn": "Kamloops, British Columbia", "memberNameFr": "Kamloops, Colombie-Britannique", "classificationCode": "925", "classificationTypeCode": "1", "geoLevel": 504, "vintage": 2016, "terminated": 0, "memberUomCode": null}, {"memberId": 153, "parentMemberId": 35, "memberNameEn": "Chilliwack, British Columbia", "memberNameFr": "Chilliwack, Colombie-Britannique", "classificationCode": "930", "classificationTypeCode": "1", "geoLevel": 504, "vintage": 2016, "terminated": 0, "memberUomCode": null}, {"memberId": 42, "parentMemberId": 35, "memberNameEn": "Abbotsford-Mission, British Columbia", "memberNameFr": "Abbotsford-Mission, Colombie-Britannique", "classificationCode": "932", "classificationTypeCode": "1", "geoLevel": 503, "vintage": 2016, "terminated": 0, "memberUomCode": null}, {"memberId": 36, "parentMemberId": 35, "memberNameEn": "Vancouver, British Columbia", "memberNameFr": "Vancouver, Colombie-Britannique", "classificationCode": "933", "classificationTypeCode": "1", "geoLevel": 503, "vintage": 2016, "terminated": 0, "memberUomCode": null}, {"memberId": 154, "parentMemberId": 35, "memberNameEn": "Squamish, British Columbia", "memberNameFr": "Squamish, Colombie-Britannique", "classificationCode": "934", "classificationTypeCode": "1", "geoLevel": 504, "vintage": 2016, "terminated": 0, "memberUomCode": null}, {"memberId": 37, "parentMemberId": 35, "memberNameEn": "Victoria, British Columbia", "memberNameFr": "Victoria, Colombie-Britannique", "classificationCode": "935", "classificationTypeCode": "1", "geoLevel": 503, "vintage": 2016, "terminated": 0, "memberUomCode": null}, {"memberId": 155, "parentMemberId": 35, "memberNameEn": "Duncan, British Columbia", "memberNameFr": "Duncan, Colombie-Britannique", "classificationCode": "937", "classificationTypeCode": "1", "geoLevel": 504, "vintage": 2016, "terminated": 0, "memberUomCode": null}, {"memberId": 156, "parentMemberId": 35, "memberNameEn": "Nanaimo, British Columbia", "memberNameFr": "Nanaimo, Colombie-Britannique", "classificationCode": "938", "classificationTypeCode": "1", "geoLevel": 504, "vintage": 2016, "terminated": 0, "memberUomCode": null}, {"memberId": 157, "parentMemberId": 35, "memberNameEn": "Parksville, British Columbia", "memberNameFr": "Parksville, Colombie-Britannique", "classificationCode": "939", "classificationTypeCode": "1", "geoLevel": 504, "vintage": 2016, "terminated": 0, "memberUomCode": null}, {"memberId": 158, "parentMemberId": 35, "memberNameEn": "Port Alberni, British Columbia", "memberNameFr": "Port Alberni, Colombie-Britannique", "classificationCode": "940", "classificationTypeCode": "1", "geoLevel": 504, "vintage": 2016, "terminated": 0, "memberUomCode": null}, {"memberId": 159, "parentMemberId": 35, "memberNameEn": "Courtenay, British Columbia", "memberNameFr": "Courtenay, Colombie-Britannique", "classificationCode": "943", "classificationTypeCode": "1", "geoLevel": 504, "vintage": 2016, "terminated": 0, "memberUomCode": null}, {"memberId": 160, "parentMemberId": 35, "memberNameEn": "Campbell River, British Columbia", "memberNameFr": "Campbell River, Colombie-Britannique", "classificationCode": "944", "classificationTypeCode": "1", "geoLevel": 504, "vintage": 2016, "terminated": 0, "memberUomCode": null}, {"memberId": 161, "parentMemberId": 35, "memberNameEn": "Powell River, British Columbia", "memberNameFr": "Powell River, Colombie-Britannique", "classificationCode": "945", "classificationTypeCode": "1", "geoLevel": 504, "vintage": 2016, "terminated": 0, "memberUomCode": null}, {"memberId": 162, "parentMemberId": 35, "memberNameEn": "Williams Lake, British Columbia", "memberNameFr": "Williams Lake, Colombie-Britannique", "classificationCode": "950", "classificationTypeCode": "1", "geoLevel": 504, "vintage": 2016, "terminated": 0, "memberUomCode": null}, {"memberId": 163, "parentMemberId": 35, "memberNameEn": "Quesnel, British Columbia", "memberNameFr": "Quesnel, Colombie-Britannique", "classificationCode": "952", "classificationTypeCode": "1", "geoLevel": 504, "vintage": 2016, "terminated": 0, "memberUomCode": null}, {"memberId": 164, "parentMemberId": 35, "memberNameEn": "Prince Rupert, British Columbia", "memberNameFr": "Prince Rupert, Colombie-Britannique", "classificationCode": "955", "classificationTypeCode": "1", "geoLevel": 504, "vintage": 2016, "terminated": 0, "memberUomCode": null}, {"memberId": 165, "parentMemberId": 35, "memberNameEn": "Kitimat, British Columbia", "memberNameFr": "Kitimat, Colombie-Britannique", "classificationCode": "960", "classificationTypeCode": "1", "geoLevel": 504, "vintage": 2006, "terminated": 1, "memberUomCode": null}, {"memberId": 166, "parentMemberId": 35, "memberNameEn": "Terrace, British Columbia", "memberNameFr": "Terrace, Colombie-Britannique", "classificationCode": "965", "classificationTypeCode": "1", "geoLevel": 504, "vintage": 2016, "terminated": 0, "memberUomCode": null}, {"memberId": 167, "parentMemberId": 35, "memberNameEn": "Prince George, British Columbia", "memberNameFr": "Prince George, Colombie-Britannique", "classificationCode": "970", "classificationTypeCode": "1", "geoLevel": 504, "vintage": 2016, "terminated": 0, "memberUomCode": null}, {"memberId": 168, "parentMemberId": 35, "memberNameEn": "Dawson Creek, British Columbia", "memberNameFr": "Dawson Creek, Colombie-Britannique", "classificationCode": "975", "classificationTypeCode": "1", "geoLevel": 504, "vintage": 2016, "terminated": 0, "memberUomCode": null}, {"memberId": 169, "parentMemberId": 35, "memberNameEn": "Fort St. John, British Columbia", "memberNameFr": "Fort St. John, Colombie-Britannique", "classificationCode": "977", "classificationTypeCode": "1", "geoLevel": 504, "vintage": 2016, "terminated": 0, "memberUomCode": null}, {"memberId": 170, "parentMemberId": 35, "memberNameEn": "Non CMA-CA, British Columbia", "memberNameFr": "Non RMR-AR, Colombie-Britannique", "classificationCode": "59900", "classificationTypeCode": "1", "geoLevel": null, "vintage": null, "terminated": 0, "memberUomCode": null}, {"memberId": 38, "parentMemberId": 1, "memberNameEn": "Yukon", "memberNameFr": "Yukon", "classificationCode": "60", "classificationTypeCode": "1", "geoLevel": 2, "vintage": 2016, "terminated": 0, "memberUomCode": null}, {"memberId": 171, "parentMemberId": 38, "memberNameEn": "Whitehorse, Yukon", "memberNameFr": "Whitehorse, Yukon", "classificationCode": "990", "classificationTypeCode": "1", "geoLevel": 504, "vintage": 2016, "terminated": 0, "memberUomCode": null}, {"memberId": 172, "parentMemberId": 38, "memberNameEn": "Non CMA-CA, Yukon", "memberNameFr": "Non RMR-AR, Yukon", "classificationCode": "60A00", "classificationTypeCode": "1", "geoLevel": null, "vintage": null, "terminated": 0, "memberUomCode": null}, {"memberId": 39, "parentMemberId": 1, "memberNameEn": "Northwest Territories", "memberNameFr": "Territoires du Nord-Ouest", "classificationCode": "61", "classificationTypeCode": "1", "geoLevel": 2, "vintage": 2016, "terminated": 0, "memberUomCode": null}, {"memberId": 173, "parentMemberId": 39, "memberNameEn": "Yellowknife, Northwest Territories", "memberNameFr": "Yellowknife, Territoires du Nord-Ouest", "classificationCode": "995", "classificationTypeCode": "1", "geoLevel": 504, "vintage": 2016, "terminated": 0, "memberUomCode": null}, {"memberId": 174, "parentMemberId": 39, "memberNameEn": "Non CMA-CA, Northwest Territories", "memberNameFr": "Non RMR-AR, Territoires du Nord-Ouest", "classificationCode": "61B00", "classificationTypeCode": "1", "geoLevel": null, "vintage": null, "terminated": 0, "memberUomCode": null}, {"memberId": 40, "parentMemberId": 1, "memberNameEn": "Nunavut", "memberNameFr": "Nunavut", "classificationCode": "62", "classificationTypeCode": "1", "geoLevel": 2, "vintage": 2016, "terminated": 0, "memberUomCode": null}, {"memberId": 175, "parentMemberId": 1, "memberNameEn": "Campbellton, combined NewBrunswick/Quebec", "memberNameFr": "Campbellton, combin\u00e9  Nouveau-Brunswick/Qu\u00e9bec", "classificationCode": "330", "classificationTypeCode": "1", "geoLevel": 504, "vintage": 2016, "terminated": 0, "memberUomCode": null}, {"memberId": 176, "parentMemberId": 1, "memberNameEn": "Hawkesbury, combined Ontario/Quebec", "memberNameFr": "Hawkesbury, combin\u00e9 Ontario/Qu\u00e9bec", "classificationCode": "502", "classificationTypeCode": "1", "geoLevel": 504, "vintage": 2016, "terminated": 0, "memberUomCode": null}, {"memberId": 177, "parentMemberId": 1, "memberNameEn": "Ottawa - Gatineau, combined Ontario/Quebec", "memberNameFr": "Ottawa - Gatineau, combin\u00e9 Ontario/Qu\u00e9bec", "classificationCode": "505", "classificationTypeCode": "1", "geoLevel": 503, "vintage": 2016, "terminated": 0, "memberUomCode": null}, {"memberId": 178, "parentMemberId": 1, "memberNameEn": "Lloydminster, combined Alberta/Saskatchewan", "memberNameFr": "Lloydminster, combin\u00e9 Alberta/Saskatchewan", "classificationCode": "840", "classificationTypeCode": "1", "geoLevel": 504, "vintage": 2016, "terminated": 0, "memberUomCode": null}]}, {"dimensionPositionId": 2, "dimensionNameEn": "Sex", "dimensionNameFr": "Sexe", "hasUom": false, "member": [{"memberId": 1, "parentMemberId": null, "memberNameEn": "Both sexes", "memberNameFr": "Les deux sexes", "classificationCode": null, "classificationTypeCode": null, "geoLevel": null, "vintage": null, "terminated": 0, "memberUomCode": null}, {"memberId": 2, "parentMemberId": 1, "memberNameEn": "Males", "memberNameFr": "Hommes", "classificationCode": null, "classificationTypeCode": null, "geoLevel": null, "vintage": null, "terminated": 0, "memberUomCode": null}, {"memberId": 3, "parentMemberId": 1, "memberNameEn": "Females", "memberNameFr": "Femmes", "classificationCode": null, "classificationTypeCode": null, "geoLevel": null, "vintage": null, "terminated": 0, "memberUomCode": null}]}, {"dimensionPositionId": 3, "dimensionNameEn": "Individuals and income", "dimensionNameFr": "Personnes et revenu", "hasUom": true, "member": [{"memberId": 1, "parentMemberId": null, "memberNameEn": "Number of tax filers and dependants", "memberNameFr": "Nombre des d\u00e9clarants et d\u00e9pendants", "classificationCode": null, "classificationTypeCode": null, "geoLevel": null, "vintage": null, "terminated": 0, "memberUomCode": 249}, {"memberId": 2, "parentMemberId": null, "memberNameEn": "Amount of income (Dollars)", "memberNameFr": "Montant du revenu (Dollars)", "classificationCode": null, "classificationTypeCode": null, "geoLevel": null, "vintage": null, "terminated": 0, "memberUomCode": 81}]}, {"dimensionPositionId": 4, "dimensionNameEn": "Source of income", "dimensionNameFr": "Source de revenu", "hasUom": false, "member": [{"memberId": 1, "parentMemberId": null, "memberNameEn": "Total income", "memberNameFr": "Revenu total", "classificationCode": null, "classificationTypeCode": null, "geoLevel": null, "vintage": null, "terminated": 0, "memberUomCode": null}, {"memberId": 2, "parentMemberId": 1, "memberNameEn": "Total employment income", "memberNameFr": "Revenu total d'emploi", "classificationCode": null, "classificationTypeCode": null, "geoLevel": null, "vintage": null, "terminated": 0, "memberUomCode": null}, {"memberId": 3, "parentMemberId": 2, "memberNameEn": "Wages, salaries and commissions", "memberNameFr": "Salaires, traitements et commissions", "classificationCode": null, "classificationTypeCode": null, "geoLevel": null, "vintage": null, "terminated": 0, "memberUomCode": null}, {"memberId": 4, "parentMemberId": 2, "memberNameEn": "Net self-employment income", "memberNameFr": "Revenu net provenant d'un travail autonome", "classificationCode": null, "classificationTypeCode": null, "geoLevel": null, "vintage": null, "terminated": 0, "memberUomCode": null}, {"memberId": 5, "parentMemberId": 1, "memberNameEn": " Dividend and interest income", "memberNameFr": "Revenu de dividendes et d'int\u00e9r\u00eats", "classificationCode": null, "classificationTypeCode": null, "geoLevel": null, "vintage": null, "terminated": 0, "memberUomCode": null}, {"memberId": 6, "parentMemberId": 1, "memberNameEn": "Total government transfers", "memberNameFr": "Total des transferts gouvernementaux", "classificationCode": null, "classificationTypeCode": null, "geoLevel": null, "vintage": null, "terminated": 0, "memberUomCode": null}, {"memberId": 7, "parentMemberId": 6, "memberNameEn": "Employment Insurance (EI) benefits", "memberNameFr": "Prestations d'Assurance-emploi (AE)", "classificationCode": null, "classificationTypeCode": null, "geoLevel": null, "vintage": null, "terminated": 0, "memberUomCode": null}, {"memberId": 8, "parentMemberId": 6, "memberNameEn": "Old Age Security (OAS) and net federal supplements", "memberNameFr": "S\u00e9curit\u00e9 de la vieillesse (SV) et suppl\u00e9ments f\u00e9d\u00e9raux nets", "classificationCode": null, "classificationTypeCode": null, "geoLevel": null, "vintage": null, "terminated": 0, "memberUomCode": null}, {"memberId": 9, "parentMemberId": 6, "memberNameEn": "Canada Pension Plan (CPP) and Quebec Pension Plan (QPP) benefits", "memberNameFr": "Prestations du R\u00e9gime de pensions du Canada (RPC) et du R\u00e9gime de rentes du Qu\u00e9bec (RRQ)", "classificationCode": null, "classificationTypeCode": null, "geoLevel": null, "vintage": null, "terminated": 0, "memberUomCode": null}, {"memberId": 10, "parentMemberId": 6, "memberNameEn": "Federal Child Benefits", "memberNameFr": "Prestations f\u00e9d\u00e9rales pour enfants", "classificationCode": null, "classificationTypeCode": null, "geoLevel": null, "vintage": null, "terminated": 0, "memberUomCode": null}, {"memberId": 11, "parentMemberId": 6, "memberNameEn": "Goods and Services Tax (GST) Credit and Harmonized Sales Tax (HST) Credit", "memberNameFr": "Cr\u00e9dits pour la taxe sur les produits et les services (TPS) et la Taxe de vente harmonis\u00e9e (TVH)", "classificationCode": null, "classificationTypeCode": null, "geoLevel": null, "vintage": null, "terminated": 0, "memberUomCode": null}, {"memberId": 12, "parentMemberId": 6, "memberNameEn": "Workers' Compensation Benefits", "memberNameFr": "Indemnit\u00e9s pour accidents du travail", "classificationCode": null, "classificationTypeCode": null, "geoLevel": null, "vintage": null, "terminated": 0, "memberUomCode": null}, {"memberId": 13, "parentMemberId": 6, "memberNameEn": "Social Assistance Benefits", "memberNameFr": "Prestations d'assistance sociale", "classificationCode": null, "classificationTypeCode": null, "geoLevel": null, "vintage": null, "terminated": 0, "memberUomCode": null}, {"memberId": 14, "parentMemberId": 6, "memberNameEn": "Provincial Refundable Tax Credits and Family Benefits", "memberNameFr": "Cr\u00e9dits d'imp\u00f4t provinciaux remboursables et Prestations familiales", "classificationCode": null, "classificationTypeCode": null, "geoLevel": null, "vintage": null, "terminated": 0, "memberUomCode": null}, {"memberId": 18, "parentMemberId": 6, "memberNameEn": "Other government transfers", "memberNameFr": "Autres transferts gouvernementaux", "classificationCode": null, "classificationTypeCode": null, "geoLevel": null, "vintage": null, "terminated": 0, "memberUomCode": null}, {"memberId": 15, "parentMemberId": 1, "memberNameEn": "Private pensions", "memberNameFr": "Pensions priv\u00e9es", "classificationCode": null, "classificationTypeCode": null, "geoLevel": null, "vintage": null, "terminated": 0, "memberUomCode": null}, {"memberId": 16, "parentMemberId": 1, "memberNameEn": "Registered Retirement Savings Plan (RRSP)", "memberNameFr": "R\u00e9gime enregistr\u00e9 d'\u00e9pargne-retraite (REER)", "classificationCode": null, "classificationTypeCode": null, "geoLevel": null, "vintage": null, "terminated": 0, "memberUomCode": null}, {"memberId": 17, "parentMemberId": 1, "memberNameEn": "Other income", "memberNameFr": "Autres revenus", "classificationCode": null, "classificationTypeCode": null, "geoLevel": null, "vintage": null, "terminated": 0, "memberUomCode": null}]}]