[{"dimensionPositionId": 1, "dimensionNameEn": "Geography", "dimensionNameFr": "G\u00e9ographie", "hasUom": false, "member": [{"memberId": 1, "parentMemberId": null, "memberNameEn": "Canada", "memberNameFr": "Canada", "classificationCode": "1124", "classificationTypeCode": "1", "geoLevel": 0, "vintage": 2016, "terminated": 0, "memberUomCode": null}, {"memberId": 3, "parentMemberId": 1, "memberNameEn": "Newfoundland and Labrador", "memberNameFr": "Terre-Neuve-et-Labrador", "classificationCode": "10", "classificationTypeCode": "1", "geoLevel": 2, "vintage": 2016, "terminated": 0, "memberUomCode": null}, {"memberId": 4, "parentMemberId": 1, "memberNameEn": "Prince Edward Island", "memberNameFr": "\u00cele-du-Prince-\u00c9douard", "classificationCode": "11", "classificationTypeCode": "1", "geoLevel": 2, "vintage": 2016, "terminated": 0, "memberUomCode": null}, {"memberId": 5, "parentMemberId": 1, "memberNameEn": "Nova Scotia", "memberNameFr": "Nouvelle-\u00c9cosse", "classificationCode": "12", "classificationTypeCode": "1", "geoLevel": 2, "vintage": 2016, "terminated": 0, "memberUomCode": null}, {"memberId": 6, "parentMemberId": 1, "memberNameEn": "New Brunswick", "memberNameFr": "Nouveau-Brunswick", "classificationCode": "13", "classificationTypeCode": "1", "geoLevel": 2, "vintage": 2016, "terminated": 0, "memberUomCode": null}, {"memberId": 7, "parentMemberId": 1, "memberNameEn": "Quebec", "memberNameFr": "Qu\u00e9bec", "classificationCode": "24", "classificationTypeCode": "1", "geoLevel": 2, "vintage": 2016, "terminated": 0, "memberUomCode": null}, {"memberId": 8, "parentMemberId": 1, "memberNameEn": "Ontario", "memberNameFr": "Ontario", "classificationCode": "35", "classificationTypeCode": "1", "geoLevel": 2, "vintage": 2016, "terminated": 0, "memberUomCode": null}, {"memberId": 10, "parentMemberId": 1, "memberNameEn": "Manitoba", "memberNameFr": "Manitoba", "classificationCode": "46", "classificationTypeCode": "1", "geoLevel": 2, "vintage": 2016, "terminated": 0, "memberUomCode": null}, {"memberId": 11, "parentMemberId": 1, "memberNameEn": "Saskatchewan", "memberNameFr": "Saskatchewan", "classificationCode": "47", "classificationTypeCode": "1", "geoLevel": 2, "vintage": 2016, "terminated": 0, "memberUomCode": null}, {"memberId": 12, "parentMemberId": 1, "memberNameEn": "Alberta", "memberNameFr": "Alberta", "classificationCode": "48", "classificationTypeCode": "1", "geoLevel": 2, "vintage": 2016, "terminated": 0, "memberUomCode": null}, {"memberId": 13, "parentMemberId": 1, "memberNameEn": "British Columbia", "memberNameFr": "Colombie-Britannique", "classificationCode": "59", "classificationTypeCode": "1", "geoLevel": 2, "vintage": 2016, "terminated": 0, "memberUomCode": null}, {"memberId": 15, "parentMemberId": null, "memberNameEn": "All census metropolitan areas", "memberNameFr": "Toutes les r\u00e9gions m\u00e9tropolitaines de recensement", "classificationCode": null, "classificationTypeCode": null, "geoLevel": null, "vintage": null, "terminated": 0, "memberUomCode": null}, {"memberId": 16, "parentMemberId": 15, "memberNameEn": "St. John's, Newfoundland and Labrador", "memberNameFr": "St. John's, Terre-Neuve-et-Labrador", "classificationCode": "1", "classificationTypeCode": "1", "geoLevel": 503, "vintage": 2011, "terminated": 0, "memberUomCode": null}, {"memberId": 17, "parentMemberId": 15, "memberNameEn": "Halifax, Nova Scotia", "memberNameFr": "Halifax, Nouvelle-\u00c9cosse", "classificationCode": "205", "classificationTypeCode": "1", "geoLevel": 503, "vintage": 2011, "terminated": 0, "memberUomCode": null}, {"memberId": 18, "parentMemberId": 15, "memberNameEn": "Saint John, New Brunswick", "memberNameFr": "Saint John, Nouveau-Brunswick", "classificationCode": "310", "classificationTypeCode": "1", "geoLevel": 503, "vintage": 2011, "terminated": 0, "memberUomCode": null}, {"memberId": 19, "parentMemberId": 15, "memberNameEn": "Montr\u00e9al, Quebec", "memberNameFr": "Montr\u00e9al, Qu\u00e9bec", "classificationCode": "462", "classificationTypeCode": "1", "geoLevel": 503, "vintage": 2011, "terminated": 0, "memberUomCode": null}, {"memberId": 20, "parentMemberId": 15, "memberNameEn": "Qu\u00e9bec, Quebec", "memberNameFr": "Qu\u00e9bec, Qu\u00e9bec", "classificationCode": "421", "classificationTypeCode": "1", "geoLevel": 503, "vintage": 2011, "terminated": 0, "memberUomCode": null}, {"memberId": 21, "parentMemberId": 15, "memberNameEn": "Saguenay, Quebec", "memberNameFr": "Saguenay, Qu\u00e9bec", "classificationCode": "408", "classificationTypeCode": "1", "geoLevel": 503, "vintage": 2011, "terminated": 0, "memberUomCode": null}, {"memberId": 22, "parentMemberId": 15, "memberNameEn": "Sherbrooke, Quebec", "memberNameFr": "Sherbrooke, Qu\u00e9bec", "classificationCode": "433", "classificationTypeCode": "1", "geoLevel": 503, "vintage": 2011, "terminated": 0, "memberUomCode": null}, {"memberId": 23, "parentMemberId": 15, "memberNameEn": "Trois-Rivi\u00e8res, Quebec", "memberNameFr": "Trois-Rivi\u00e8res, Qu\u00e9bec", "classificationCode": "442", "classificationTypeCode": "1", "geoLevel": 503, "vintage": 2011, "terminated": 0, "memberUomCode": null}, {"memberId": 24, "parentMemberId": 15, "memberNameEn": "Greater Sudbury, Ontario", "memberNameFr": "Greater Sudbury, Ontario", "classificationCode": "580", "classificationTypeCode": "1", "geoLevel": 503, "vintage": 2011, "terminated": 0, "memberUomCode": null}, {"memberId": 25, "parentMemberId": 15, "memberNameEn": "Hamilton, Ontario", "memberNameFr": "Hamilton, Ontario", "classificationCode": "537", "classificationTypeCode": "1", "geoLevel": 503, "vintage": 2011, "terminated": 0, "memberUomCode": null}, {"memberId": 26, "parentMemberId": 15, "memberNameEn": "Kitchener-Cambridge-Waterloo, Ontario", "memberNameFr": "Kitchener-Cambridge-Waterloo, Ontario", "classificationCode": "541", "classificationTypeCode": "1", "geoLevel": 503, "vintage": 2011, "terminated": 0, "memberUomCode": null}, {"memberId": 27, "parentMemberId": 15, "memberNameEn": "London, Ontario", "memberNameFr": "London, Ontario", "classificationCode": "555", "classificationTypeCode": "1", "geoLevel": 503, "vintage": 2011, "terminated": 0, "memberUomCode": null}, {"memberId": 28, "parentMemberId": 15, "memberNameEn": "Oshawa, Ontario", "memberNameFr": "Oshawa, Ontario", "classificationCode": "532", "classificationTypeCode": "1", "geoLevel": 503, "vintage": 2011, "terminated": 0, "memberUomCode": null}, {"memberId": 29, "parentMemberId": 15, "memberNameEn": "Ottawa-Gatineau, Ontario/Quebec", "memberNameFr": "Ottawa-Gatineau, Ontario/Qu\u00e9bec", "classificationCode": "505", "classificationTypeCode": "1", "geoLevel": 503, "vintage": 2011, "terminated": 0, "memberUomCode": null}, {"memberId": 30, "parentMemberId": 29, "memberNameEn": "Ottawa-Gatineau, Quebec part, Quebec", "memberNameFr": "Ottawa-Gatineau, partie qu\u00e9b\u00e9coise, Qu\u00e9bec", "classificationCode": "24505", "classificationTypeCode": "1", "geoLevel": 505, "vintage": 2011, "terminated": 0, "memberUomCode": null}, {"memberId": 31, "parentMemberId": 29, "memberNameEn": "Ottawa-Gatineau, Ontario part, Ontario", "memberNameFr": "Ottawa-Gatineau, partie ontarienne, Ontario", "classificationCode": "35505", "classificationTypeCode": "1", "geoLevel": 505, "vintage": 2011, "terminated": 0, "memberUomCode": null}, {"memberId": 32, "parentMemberId": 15, "memberNameEn": "St. Catharines-Niagara, Ontario", "memberNameFr": "St. Catharines-Niagara, Ontario", "classificationCode": "539", "classificationTypeCode": "1", "geoLevel": 503, "vintage": 2011, "terminated": 0, "memberUomCode": null}, {"memberId": 33, "parentMemberId": 15, "memberNameEn": "Thunder Bay, Ontario", "memberNameFr": "Thunder Bay, Ontario", "classificationCode": "595", "classificationTypeCode": "1", "geoLevel": 503, "vintage": 2011, "terminated": 0, "memberUomCode": null}, {"memberId": 34, "parentMemberId": 15, "memberNameEn": "Toronto, Ontario", "memberNameFr": "Toronto, Ontario", "classificationCode": "535", "classificationTypeCode": "1", "geoLevel": 503, "vintage": 2011, "terminated": 0, "memberUomCode": null}, {"memberId": 35, "parentMemberId": 15, "memberNameEn": "Windsor, Ontario", "memberNameFr": "Windsor, Ontario", "classificationCode": "559", "classificationTypeCode": "1", "geoLevel": 503, "vintage": 2011, "terminated": 0, "memberUomCode": null}, {"memberId": 36, "parentMemberId": 15, "memberNameEn": "Winnipeg, Manitoba", "memberNameFr": "Winnipeg, Manitoba", "classificationCode": "602", "classificationTypeCode": "1", "geoLevel": 503, "vintage": 2011, "terminated": 0, "memberUomCode": null}, {"memberId": 37, "parentMemberId": 15, "memberNameEn": "Regina, Saskatchewan", "memberNameFr": "Regina, Saskatchewan", "classificationCode": "705", "classificationTypeCode": "1", "geoLevel": 503, "vintage": 2011, "terminated": 0, "memberUomCode": null}, {"memberId": 38, "parentMemberId": 15, "memberNameEn": "Saskatoon, Saskatchewan", "memberNameFr": "Saskatoon, Saskatchewan", "classificationCode": "725", "classificationTypeCode": "1", "geoLevel": 503, "vintage": 2011, "terminated": 0, "memberUomCode": null}, {"memberId": 39, "parentMemberId": 15, "memberNameEn": "Calgary, Alberta", "memberNameFr": "Calgary, Alberta", "classificationCode": "825", "classificationTypeCode": "1", "geoLevel": 503, "vintage": 2011, "terminated": 0, "memberUomCode": null}, {"memberId": 40, "parentMemberId": 15, "memberNameEn": "Edmonton, Alberta", "memberNameFr": "Edmonton, Alberta", "classificationCode": "835", "classificationTypeCode": "1", "geoLevel": 503, "vintage": 2011, "terminated": 0, "memberUomCode": null}, {"memberId": 41, "parentMemberId": 15, "memberNameEn": "Vancouver, British Columbia", "memberNameFr": "Vancouver, Colombie-Britannique", "classificationCode": "933", "classificationTypeCode": "1", "geoLevel": 503, "vintage": 2011, "terminated": 0, "memberUomCode": null}, {"memberId": 42, "parentMemberId": 15, "memberNameEn": "Victoria, British Columbia", "memberNameFr": "Victoria, Colombie-Britannique", "classificationCode": "935", "classificationTypeCode": "1", "geoLevel": 503, "vintage": 2011, "terminated": 0, "memberUomCode": null}, {"memberId": 43, "parentMemberId": null, "memberNameEn": "All census agglomerations", "memberNameFr": "Toutes les agglom\u00e9rations de recensement", "classificationCode": null, "classificationTypeCode": null, "geoLevel": null, "vintage": null, "terminated": 0, "memberUomCode": null}, {"memberId": 44, "parentMemberId": null, "memberNameEn": "Non-census metropolitan area and non-census agglomeration", "memberNameFr": "Autres que les r\u00e9gions m\u00e9tropolitaines de recensement et autres que les agglom\u00e9rations de recensement", "classificationCode": null, "classificationTypeCode": null, "geoLevel": null, "vintage": null, "terminated": 0, "memberUomCode": null}]}, {"dimensionPositionId": 2, "dimensionNameEn": "Selected characteristics", "dimensionNameFr": "Certaines caract\u00e9ristiques", "hasUom": false, "member": [{"memberId": 1, "parentMemberId": null, "memberNameEn": "Both sexes", "memberNameFr": "Les deux sexes", "classificationCode": null, "classificationTypeCode": null, "geoLevel": null, "vintage": null, "terminated": 0, "memberUomCode": null}, {"memberId": 2, "parentMemberId": 1, "memberNameEn": "Males", "memberNameFr": "Hommes", "classificationCode": null, "classificationTypeCode": null, "geoLevel": null, "vintage": null, "terminated": 0, "memberUomCode": null}, {"memberId": 3, "parentMemberId": 1, "memberNameEn": "Females", "memberNameFr": "Femmes", "classificationCode": null, "classificationTypeCode": null, "geoLevel": null, "vintage": null, "terminated": 0, "memberUomCode": null}, {"memberId": 4, "parentMemberId": null, "memberNameEn": "Total, 18 years and over", "memberNameFr": "Total, 18 ans et plus", "classificationCode": null, "classificationTypeCode": null, "geoLevel": null, "vintage": null, "terminated": 0, "memberUomCode": null}, {"memberId": 5, "parentMemberId": 4, "memberNameEn": "18 to 24 years", "memberNameFr": "18 \u00e0 24 ans", "classificationCode": null, "classificationTypeCode": null, "geoLevel": null, "vintage": null, "terminated": 0, "memberUomCode": null}, {"memberId": 6, "parentMemberId": 4, "memberNameEn": "25 to 54 years", "memberNameFr": "25 \u00e0 54 ans", "classificationCode": null, "classificationTypeCode": null, "geoLevel": null, "vintage": null, "terminated": 0, "memberUomCode": null}, {"memberId": 7, "parentMemberId": 4, "memberNameEn": "55 to 64 years", "memberNameFr": "55 \u00e0 64 ans", "classificationCode": null, "classificationTypeCode": null, "geoLevel": null, "vintage": null, "terminated": 0, "memberUomCode": null}, {"memberId": 8, "parentMemberId": 4, "memberNameEn": "65 years and above", "memberNameFr": "65 ans et plus", "classificationCode": null, "classificationTypeCode": null, "geoLevel": null, "vintage": null, "terminated": 0, "memberUomCode": null}, {"memberId": 9, "parentMemberId": null, "memberNameEn": "Total, immigrant and Canadian-born", "memberNameFr": "Total, immigrants et Canadiens de naissance", "classificationCode": null, "classificationTypeCode": null, "geoLevel": null, "vintage": null, "terminated": 0, "memberUomCode": null}, {"memberId": 10, "parentMemberId": 9, "memberNameEn": "Canadian-born", "memberNameFr": "D\u00e9clarants Canadiens de naissances", "classificationCode": null, "classificationTypeCode": null, "geoLevel": null, "vintage": null, "terminated": 0, "memberUomCode": null}, {"memberId": 11, "parentMemberId": 9, "memberNameEn": "Immigrant tax filers landed in Canada in 1980 or after", "memberNameFr": "D\u00e9clarants immigrants arriv\u00e9s au Canada en 1980 ou apr\u00e8s", "classificationCode": null, "classificationTypeCode": null, "geoLevel": null, "vintage": null, "terminated": 0, "memberUomCode": null}, {"memberId": 12, "parentMemberId": 11, "memberNameEn": "Immigrant tax filers lived in Canada for 0 to 5 years", "memberNameFr": "D\u00e9clarants immigrants qui vivent au Canada depuis 0 \u00e0 5 ans", "classificationCode": null, "classificationTypeCode": null, "geoLevel": null, "vintage": null, "terminated": 0, "memberUomCode": null}, {"memberId": 13, "parentMemberId": 11, "memberNameEn": "Immigrant tax filers lived in Canada for 6 to 10 years", "memberNameFr": "D\u00e9clarants immigrants qui vivent au Canada depuis 6 \u00e0 10 ans", "classificationCode": null, "classificationTypeCode": null, "geoLevel": null, "vintage": null, "terminated": 0, "memberUomCode": null}, {"memberId": 14, "parentMemberId": 11, "memberNameEn": "Immigrant tax filers lived in Canada for more than 10 years", "memberNameFr": "D\u00e9clarants immigrants qui vivent au Canada depuis plus de 10 ans", "classificationCode": null, "classificationTypeCode": null, "geoLevel": null, "vintage": null, "terminated": 0, "memberUomCode": null}]}, {"dimensionPositionId": 3, "dimensionNameEn": "Low income threshold", "dimensionNameFr": "Le seuil de faible revenu", "hasUom": false, "member": [{"memberId": 1, "parentMemberId": null, "memberNameEn": "Variable low income measure", "memberNameFr": "La mesure de faible revenu variable", "classificationCode": null, "classificationTypeCode": null, "geoLevel": null, "vintage": null, "terminated": 0, "memberUomCode": null}, {"memberId": 2, "parentMemberId": null, "memberNameEn": "Low income measure fixed in 2002", "memberNameFr": "La mesure de faible revenu fixe de 2002", "classificationCode": null, "classificationTypeCode": null, "geoLevel": null, "vintage": null, "terminated": 0, "memberUomCode": null}]}, {"dimensionPositionId": 4, "dimensionNameEn": "Years in low income", "dimensionNameFr": "Ann\u00e9es \u00e0 faible revenu", "hasUom": false, "member": [{"memberId": 1, "parentMemberId": null, "memberNameEn": "0 years in low income", "memberNameFr": "0 ann\u00e9e \u00e0 faible revenu", "classificationCode": null, "classificationTypeCode": null, "geoLevel": null, "vintage": null, "terminated": 0, "memberUomCode": null}, {"memberId": 2, "parentMemberId": null, "memberNameEn": "1 year in low income", "memberNameFr": "1 ann\u00e9e \u00e0 faible revenu", "classificationCode": null, "classificationTypeCode": null, "geoLevel": null, "vintage": null, "terminated": 0, "memberUomCode": null}, {"memberId": 3, "parentMemberId": null, "memberNameEn": "2 years in low income", "memberNameFr": "2 ann\u00e9es \u00e0 faible revenu", "classificationCode": null, "classificationTypeCode": null, "geoLevel": null, "vintage": null, "terminated": 0, "memberUomCode": null}, {"memberId": 4, "parentMemberId": null, "memberNameEn": "3 years in low income", "memberNameFr": "3 ann\u00e9es \u00e0 faible revenu", "classificationCode": null, "classificationTypeCode": null, "geoLevel": null, "vintage": null, "terminated": 0, "memberUomCode": null}, {"memberId": 5, "parentMemberId": null, "memberNameEn": "4 years in low income", "memberNameFr": "4 ann\u00e9es \u00e0 faible revenu", "classificationCode": null, "classificationTypeCode": null, "geoLevel": null, "vintage": null, "terminated": 0, "memberUomCode": null}, {"memberId": 6, "parentMemberId": null, "memberNameEn": "5 years in low income", "memberNameFr": "5 ann\u00e9es \u00e0 faible revenu", "classificationCode": null, "classificationTypeCode": null, "geoLevel": null, "vintage": null, "terminated": 0, "memberUomCode": null}, {"memberId": 7, "parentMemberId": null, "memberNameEn": "6 years in low income", "memberNameFr": "6 ann\u00e9es \u00e0 faible revenu", "classificationCode": null, "classificationTypeCode": null, "geoLevel": null, "vintage": null, "terminated": 0, "memberUomCode": null}, {"memberId": 8, "parentMemberId": null, "memberNameEn": "7 years in low income", "memberNameFr": "7 ann\u00e9es \u00e0 faible revenu", "classificationCode": null, "classificationTypeCode": null, "geoLevel": null, "vintage": null, "terminated": 0, "memberUomCode": null}, {"memberId": 9, "parentMemberId": null, "memberNameEn": "8 years in low income", "memberNameFr": "8 ann\u00e9es \u00e0 faible revenu", "classificationCode": null, "classificationTypeCode": null, "geoLevel": null, "vintage": null, "terminated": 0, "memberUomCode": null}]}, {"dimensionPositionId": 5, "dimensionNameEn": "Statistics", "dimensionNameFr": "Statistiques", "hasUom": true, "member": [{"memberId": 1, "parentMemberId": null, "memberNameEn": "Percentage of tax filers in low income", "memberNameFr": "Pourcentage des d\u00e9clarants \u00e0 faible revenu", "classificationCode": null, "classificationTypeCode": null, "geoLevel": null, "vintage": null, "terminated": 0, "memberUomCode": 239}, {"memberId": 2, "parentMemberId": null, "memberNameEn": "Number of tax filers in low income", "memberNameFr": "Nombre de d\u00e9clarants \u00e0 faible revenu", "classificationCode": null, "classificationTypeCode": null, "geoLevel": null, "vintage": null, "terminated": 0, "memberUomCode": 249}]}]