[{"dimensionPositionId": 1, "dimensionNameEn": "Geography", "dimensionNameFr": "G\u00e9ographie", "hasUom": false, "member": [{"memberId": 1, "parentMemberId": null, "memberNameEn": "Canada", "memberNameFr": "Canada", "classificationCode": "11124", "classificationTypeCode": "1", "geoLevel": 0, "vintage": 2016, "terminated": 0, "memberUomCode": null}]}, {"dimensionPositionId": 2, "dimensionNameEn": "Registered pension plans", "dimensionNameFr": "R\u00e9gimes de pension agr\u00e9\u00e9s", "hasUom": false, "member": [{"memberId": 1, "parentMemberId": null, "memberNameEn": "Total of registered pension plans", "memberNameFr": "Total des r\u00e9gimes de pension agr\u00e9\u00e9s", "classificationCode": null, "classificationTypeCode": null, "geoLevel": null, "vintage": null, "terminated": 0, "memberUomCode": null}, {"memberId": 2, "parentMemberId": 1, "memberNameEn": "Public sector registered pension plans", "memberNameFr": "R\u00e9gimes de pension agr\u00e9\u00e9s du secteur public", "classificationCode": null, "classificationTypeCode": null, "geoLevel": null, "vintage": null, "terminated": 0, "memberUomCode": null}, {"memberId": 3, "parentMemberId": 1, "memberNameEn": "Private sector registered pension plans", "memberNameFr": "R\u00e9gimes de pension agr\u00e9\u00e9s du secteur priv\u00e9", "classificationCode": null, "classificationTypeCode": null, "geoLevel": null, "vintage": null, "terminated": 0, "memberUomCode": null}, {"memberId": 4, "parentMemberId": null, "memberNameEn": "Defined benefit registered pension plans", "memberNameFr": "R\u00e9gimes de pension agr\u00e9\u00e9s \u00e0 prestations d\u00e9termin\u00e9es", "classificationCode": null, "classificationTypeCode": null, "geoLevel": null, "vintage": null, "terminated": 0, "memberUomCode": null}, {"memberId": 5, "parentMemberId": null, "memberNameEn": "Defined contribution registered pension plans", "memberNameFr": "R\u00e9gimes de pension agr\u00e9\u00e9s \u00e0 cotisations d\u00e9termin\u00e9es", "classificationCode": null, "classificationTypeCode": null, "geoLevel": null, "vintage": null, "terminated": 0, "memberUomCode": null}, {"memberId": 6, "parentMemberId": null, "memberNameEn": "Contributory registered pension plans", "memberNameFr": "R\u00e9gimes de pension agr\u00e9\u00e9s contributifs", "classificationCode": null, "classificationTypeCode": null, "geoLevel": null, "vintage": null, "terminated": 0, "memberUomCode": null}, {"memberId": 7, "parentMemberId": null, "memberNameEn": "Non-contributory registered pension plans", "memberNameFr": "R\u00e9gimes de pension agr\u00e9\u00e9s non-contributifs", "classificationCode": null, "classificationTypeCode": null, "geoLevel": null, "vintage": null, "terminated": 0, "memberUomCode": null}]}, {"dimensionPositionId": 3, "dimensionNameEn": "Source of contributions", "dimensionNameFr": "Source des cotisations", "hasUom": true, "member": [{"memberId": 1, "parentMemberId": null, "memberNameEn": "Total employee and employer contributions", "memberNameFr": "Cotisations totales de l'employ\u00e9 et l'employeur", "classificationCode": null, "classificationTypeCode": null, "geoLevel": null, "vintage": null, "terminated": 0, "memberUomCode": 81}, {"memberId": 2, "parentMemberId": 1, "memberNameEn": "Total employee contributions", "memberNameFr": "Total des cotisations de l'employ\u00e9", "classificationCode": null, "classificationTypeCode": null, "geoLevel": null, "vintage": null, "terminated": 0, "memberUomCode": 81}, {"memberId": 3, "parentMemberId": 2, "memberNameEn": "Required employee contributions", "memberNameFr": "Cotisations obligatoires de l'employ\u00e9", "classificationCode": null, "classificationTypeCode": null, "geoLevel": null, "vintage": null, "terminated": 0, "memberUomCode": 81}, {"memberId": 4, "parentMemberId": 2, "memberNameEn": "Voluntary employee contributions", "memberNameFr": "Cotisations facultatives de l'employ\u00e9", "classificationCode": null, "classificationTypeCode": null, "geoLevel": null, "vintage": null, "terminated": 0, "memberUomCode": 81}, {"memberId": 5, "parentMemberId": 1, "memberNameEn": "Total employer contributions", "memberNameFr": "Total des cotisations de l'employeur", "classificationCode": null, "classificationTypeCode": null, "geoLevel": null, "vintage": null, "terminated": 0, "memberUomCode": 81}, {"memberId": 6, "parentMemberId": 5, "memberNameEn": "Net employer contributions for current service", "memberNameFr": "Cotisations nettes de l'employeur pour le service courant", "classificationCode": null, "classificationTypeCode": null, "geoLevel": null, "vintage": null, "terminated": 0, "memberUomCode": 81}, {"memberId": 7, "parentMemberId": 6, "memberNameEn": "Employer contributions for current service required", "memberNameFr": "Cotisations obligatoires de l'employeur pour le service courant", "classificationCode": null, "classificationTypeCode": null, "geoLevel": null, "vintage": null, "terminated": 0, "memberUomCode": 81}, {"memberId": 8, "parentMemberId": 6, "memberNameEn": "Employer termination and death credits and surplus assets used", "memberNameFr": "Cr\u00e9dits provenant de cessation d'emploi ou de d\u00e9c\u00e8s et exc\u00e9dent d'actif utilis\u00e9 par l'employeur", "classificationCode": null, "classificationTypeCode": null, "geoLevel": null, "vintage": null, "terminated": 0, "memberUomCode": 81}, {"memberId": 9, "parentMemberId": 5, "memberNameEn": "Employer contributions, special payments for unfunded liability and experience or solvency deficiency", "memberNameFr": "Cotisations de l'employeur pour les paiements sp\u00e9ciaux des insuffisances actuarielles et passif non capitalis\u00e9", "classificationCode": null, "classificationTypeCode": null, "geoLevel": null, "vintage": null, "terminated": 0, "memberUomCode": 81}]}]