[{"dimensionPositionId": 1, "dimensionNameEn": "Geography", "dimensionNameFr": "G\u00e9ographie", "hasUom": false, "member": [{"memberId": 1, "parentMemberId": null, "memberNameEn": "Canada", "memberNameFr": "Canada", "classificationCode": null, "classificationTypeCode": null, "geoLevel": null, "vintage": null, "terminated": 0, "memberUomCode": null}, {"memberId": 2, "parentMemberId": 1, "memberNameEn": "Atlantic provinces", "memberNameFr": "Provinces de l'Atlantique", "classificationCode": null, "classificationTypeCode": null, "geoLevel": null, "vintage": null, "terminated": 0, "memberUomCode": null}, {"memberId": 3, "parentMemberId": 2, "memberNameEn": "Newfoundland and Labrador", "memberNameFr": "Terre-Neuve-et-Labrador", "classificationCode": null, "classificationTypeCode": null, "geoLevel": null, "vintage": null, "terminated": 0, "memberUomCode": null}, {"memberId": 4, "parentMemberId": 2, "memberNameEn": "Prince Edward Island", "memberNameFr": "\u00cele-du-Prince-\u00c9douard", "classificationCode": null, "classificationTypeCode": null, "geoLevel": null, "vintage": null, "terminated": 0, "memberUomCode": null}, {"memberId": 5, "parentMemberId": 2, "memberNameEn": "Nova Scotia", "memberNameFr": "Nouvelle-\u00c9cosse", "classificationCode": null, "classificationTypeCode": null, "geoLevel": null, "vintage": null, "terminated": 0, "memberUomCode": null}, {"memberId": 6, "parentMemberId": 2, "memberNameEn": "New Brunswick", "memberNameFr": "Nouveau-Brunswick", "classificationCode": null, "classificationTypeCode": null, "geoLevel": null, "vintage": null, "terminated": 0, "memberUomCode": null}, {"memberId": 7, "parentMemberId": 1, "memberNameEn": "Quebec", "memberNameFr": "Qu\u00e9bec", "classificationCode": null, "classificationTypeCode": null, "geoLevel": null, "vintage": null, "terminated": 0, "memberUomCode": null}, {"memberId": 8, "parentMemberId": 1, "memberNameEn": "Ontario", "memberNameFr": "Ontario", "classificationCode": null, "classificationTypeCode": null, "geoLevel": null, "vintage": null, "terminated": 0, "memberUomCode": null}, {"memberId": 9, "parentMemberId": 1, "memberNameEn": "Prairie provinces", "memberNameFr": "Provinces des Prairies", "classificationCode": null, "classificationTypeCode": null, "geoLevel": null, "vintage": null, "terminated": 0, "memberUomCode": null}, {"memberId": 10, "parentMemberId": 9, "memberNameEn": "Manitoba", "memberNameFr": "Manitoba", "classificationCode": null, "classificationTypeCode": null, "geoLevel": null, "vintage": null, "terminated": 0, "memberUomCode": null}, {"memberId": 11, "parentMemberId": 9, "memberNameEn": "Saskatchewan", "memberNameFr": "Saskatchewan", "classificationCode": null, "classificationTypeCode": null, "geoLevel": null, "vintage": null, "terminated": 0, "memberUomCode": null}, {"memberId": 12, "parentMemberId": 9, "memberNameEn": "Alberta", "memberNameFr": "Alberta", "classificationCode": null, "classificationTypeCode": null, "geoLevel": null, "vintage": null, "terminated": 0, "memberUomCode": null}, {"memberId": 13, "parentMemberId": 1, "memberNameEn": "British Columbia", "memberNameFr": "Colombie-Britannique", "classificationCode": null, "classificationTypeCode": null, "geoLevel": null, "vintage": null, "terminated": 0, "memberUomCode": null}, {"memberId": 29, "parentMemberId": null, "memberNameEn": "Total selected census metropolitan areas", "memberNameFr": "Total r\u00e9gions m\u00e9tropolitaines de recensement s\u00e9lectionn\u00e9es", "classificationCode": null, "classificationTypeCode": null, "geoLevel": null, "vintage": null, "terminated": 0, "memberUomCode": null}, {"memberId": 31, "parentMemberId": 29, "memberNameEn": "St. John's, Newfoundland and Labrador", "memberNameFr": "St. John's, Terre-Neuve-et-Labrador", "classificationCode": "10001", "classificationTypeCode": "1", "geoLevel": null, "vintage": null, "terminated": 0, "memberUomCode": null}, {"memberId": 14, "parentMemberId": 29, "memberNameEn": "Halifax, Nova Scotia", "memberNameFr": "Halifax, Nouvelle-\u00c9cosse", "classificationCode": "12205", "classificationTypeCode": "1", "geoLevel": null, "vintage": null, "terminated": 0, "memberUomCode": null}, {"memberId": 15, "parentMemberId": 29, "memberNameEn": "Qu\u00e9bec, Quebec", "memberNameFr": "Qu\u00e9bec, Qu\u00e9bec", "classificationCode": "24421", "classificationTypeCode": "1", "geoLevel": null, "vintage": null, "terminated": 0, "memberUomCode": null}, {"memberId": 32, "parentMemberId": 29, "memberNameEn": "Sherbrooke, Quebec", "memberNameFr": "Sherbrooke, Qu\u00e9bec", "classificationCode": "24433", "classificationTypeCode": "1", "geoLevel": null, "vintage": null, "terminated": 0, "memberUomCode": null}, {"memberId": 16, "parentMemberId": 29, "memberNameEn": "Montr\u00e9al, Quebec", "memberNameFr": "Montr\u00e9al, Qu\u00e9bec", "classificationCode": "24462", "classificationTypeCode": "1", "geoLevel": null, "vintage": null, "terminated": 0, "memberUomCode": null}, {"memberId": 17, "parentMemberId": 29, "memberNameEn": "Ottawa-Gatineau, Ontario/Quebec", "memberNameFr": "Ottawa-Gatineau, Ontario/Qu\u00e9bec", "classificationCode": "24505, 35505", "classificationTypeCode": "1", "geoLevel": null, "vintage": null, "terminated": 0, "memberUomCode": null}, {"memberId": 33, "parentMemberId": 29, "memberNameEn": "Oshawa, Ontario", "memberNameFr": "Oshawa, Ontario", "classificationCode": "35532", "classificationTypeCode": "1", "geoLevel": null, "vintage": null, "terminated": 0, "memberUomCode": null}, {"memberId": 18, "parentMemberId": 29, "memberNameEn": "Toronto, Ontario", "memberNameFr": "Toronto, Ontario", "classificationCode": "35535", "classificationTypeCode": "1", "geoLevel": null, "vintage": null, "terminated": 0, "memberUomCode": null}, {"memberId": 19, "parentMemberId": 29, "memberNameEn": "Hamilton, Ontario", "memberNameFr": "Hamilton, Ontario", "classificationCode": "35537", "classificationTypeCode": "1", "geoLevel": null, "vintage": null, "terminated": 0, "memberUomCode": null}, {"memberId": 20, "parentMemberId": 29, "memberNameEn": "St. Catharines-Niagara, Ontario", "memberNameFr": "St. Catharines-Niagara, Ontario", "classificationCode": "35539", "classificationTypeCode": "1", "geoLevel": null, "vintage": null, "terminated": 0, "memberUomCode": null}, {"memberId": 21, "parentMemberId": 29, "memberNameEn": "Kitchener-Cambridge-Waterloo, Ontario", "memberNameFr": "Kitchener-Cambridge-Waterloo, Ontario", "classificationCode": "35541", "classificationTypeCode": "1", "geoLevel": null, "vintage": null, "terminated": 0, "memberUomCode": null}, {"memberId": 22, "parentMemberId": 29, "memberNameEn": "London, Ontario", "memberNameFr": "London, Ontario", "classificationCode": "35555", "classificationTypeCode": "1", "geoLevel": null, "vintage": null, "terminated": 0, "memberUomCode": null}, {"memberId": 23, "parentMemberId": 29, "memberNameEn": "Windsor, Ontario", "memberNameFr": "Windsor, Ontario", "classificationCode": "35559", "classificationTypeCode": "1", "geoLevel": null, "vintage": null, "terminated": 0, "memberUomCode": null}, {"memberId": 24, "parentMemberId": 29, "memberNameEn": "Winnipeg, Manitoba", "memberNameFr": "Winnipeg, Manitoba", "classificationCode": "46602", "classificationTypeCode": "1", "geoLevel": null, "vintage": null, "terminated": 0, "memberUomCode": null}, {"memberId": 34, "parentMemberId": 29, "memberNameEn": "Regina, Saskatchewan", "memberNameFr": "Regina, Saskatchewan", "classificationCode": "47705", "classificationTypeCode": "1", "geoLevel": null, "vintage": null, "terminated": 0, "memberUomCode": null}, {"memberId": 35, "parentMemberId": 29, "memberNameEn": "Saskatoon, Saskatchewan", "memberNameFr": "Saskatoon, Saskatchewan", "classificationCode": "47725", "classificationTypeCode": "1", "geoLevel": null, "vintage": null, "terminated": 0, "memberUomCode": null}, {"memberId": 25, "parentMemberId": 29, "memberNameEn": "Calgary, Alberta", "memberNameFr": "Calgary, Alberta", "classificationCode": "48825", "classificationTypeCode": "1", "geoLevel": null, "vintage": null, "terminated": 0, "memberUomCode": null}, {"memberId": 26, "parentMemberId": 29, "memberNameEn": "Edmonton, Alberta", "memberNameFr": "Edmonton, Alberta", "classificationCode": "48835", "classificationTypeCode": "1", "geoLevel": null, "vintage": null, "terminated": 0, "memberUomCode": null}, {"memberId": 27, "parentMemberId": 29, "memberNameEn": "Vancouver, British Columbia", "memberNameFr": "Vancouver, Colombie-Britannique", "classificationCode": "59933", "classificationTypeCode": "1", "geoLevel": null, "vintage": null, "terminated": 0, "memberUomCode": null}, {"memberId": 28, "parentMemberId": 29, "memberNameEn": "Victoria, British Columbia", "memberNameFr": "Victoria, Colombie-Britannique", "classificationCode": "59935", "classificationTypeCode": "1", "geoLevel": null, "vintage": null, "terminated": 0, "memberUomCode": null}, {"memberId": 30, "parentMemberId": null, "memberNameEn": "All other non-selected areas", "memberNameFr": "Toutes les autres r\u00e9gions non s\u00e9lectionn\u00e9es", "classificationCode": null, "classificationTypeCode": null, "geoLevel": null, "vintage": null, "terminated": 0, "memberUomCode": null}]}, {"dimensionPositionId": 2, "dimensionNameEn": "National Occupational Classification for Statistics (NOC-S)", "dimensionNameFr": "Classification nationale des professions pour statistiques (CNP-S)", "hasUom": false, "member": [{"memberId": 1, "parentMemberId": null, "memberNameEn": "Management occupations", "memberNameFr": "Gestion", "classificationCode": "A", "classificationTypeCode": "23", "geoLevel": null, "vintage": null, "terminated": 0, "memberUomCode": null}, {"memberId": 2, "parentMemberId": null, "memberNameEn": "Business, finance and administrative occupations", "memberNameFr": "Affaires, finance et administration", "classificationCode": "B", "classificationTypeCode": "23", "geoLevel": null, "vintage": null, "terminated": 0, "memberUomCode": null}, {"memberId": 3, "parentMemberId": null, "memberNameEn": "Natural and applied sciences and related occupations", "memberNameFr": "Sciences naturelles et appliqu\u00e9es et professions apparent\u00e9es", "classificationCode": "C", "classificationTypeCode": "23", "geoLevel": null, "vintage": null, "terminated": 0, "memberUomCode": null}, {"memberId": 4, "parentMemberId": null, "memberNameEn": "Health occupations", "memberNameFr": "Secteur de la sant\u00e9", "classificationCode": "D", "classificationTypeCode": "23", "geoLevel": null, "vintage": null, "terminated": 0, "memberUomCode": null}, {"memberId": 5, "parentMemberId": null, "memberNameEn": "Occupations in social science, education, government service and religion", "memberNameFr": "Sciences sociales, enseignement, administration publique et religion", "classificationCode": "E", "classificationTypeCode": "23", "geoLevel": null, "vintage": null, "terminated": 0, "memberUomCode": null}, {"memberId": 6, "parentMemberId": null, "memberNameEn": "Occupations in art, culture, recreation and sport", "memberNameFr": "Arts, culture, sports et loisirs", "classificationCode": "F", "classificationTypeCode": "23", "geoLevel": null, "vintage": null, "terminated": 0, "memberUomCode": null}, {"memberId": 7, "parentMemberId": null, "memberNameEn": "Sales and service occupations", "memberNameFr": "Ventes et services", "classificationCode": "G", "classificationTypeCode": "23", "geoLevel": null, "vintage": null, "terminated": 0, "memberUomCode": null}, {"memberId": 8, "parentMemberId": null, "memberNameEn": "Trades, transport and equipment operators and related occupations", "memberNameFr": "M\u00e9tiers, transport et machinerie", "classificationCode": "H", "classificationTypeCode": "23", "geoLevel": null, "vintage": null, "terminated": 0, "memberUomCode": null}, {"memberId": 9, "parentMemberId": null, "memberNameEn": "Occupations unique to primary industry", "memberNameFr": "Professions propres au secteur primaire", "classificationCode": "I", "classificationTypeCode": "23", "geoLevel": null, "vintage": null, "terminated": 0, "memberUomCode": null}, {"memberId": 10, "parentMemberId": null, "memberNameEn": "Occupations unique to processing, manufacturing and utilities", "memberNameFr": "Transformation, fabrication et services d'utilit\u00e9 publique", "classificationCode": "J", "classificationTypeCode": "23", "geoLevel": null, "vintage": null, "terminated": 0, "memberUomCode": null}, {"memberId": 11, "parentMemberId": null, "memberNameEn": "Occupation unknown", "memberNameFr": "Profession inconnue", "classificationCode": null, "classificationTypeCode": null, "geoLevel": null, "vintage": null, "terminated": 0, "memberUomCode": null}]}, {"dimensionPositionId": 3, "dimensionNameEn": "Statistics", "dimensionNameFr": "Statistiques", "hasUom": true, "member": [{"memberId": 1, "parentMemberId": null, "memberNameEn": "Number of persons", "memberNameFr": "Nombre de personnes", "classificationCode": null, "classificationTypeCode": null, "geoLevel": null, "vintage": null, "terminated": 0, "memberUomCode": 223}, {"memberId": 2, "parentMemberId": null, "memberNameEn": "Average earnings", "memberNameFr": "Gains moyens", "classificationCode": null, "classificationTypeCode": null, "geoLevel": null, "vintage": null, "terminated": 0, "memberUomCode": 389}, {"memberId": 3, "parentMemberId": null, "memberNameEn": "Median earnings", "memberNameFr": "Gains m\u00e9dians", "classificationCode": null, "classificationTypeCode": null, "geoLevel": null, "vintage": null, "terminated": 0, "memberUomCode": 389}]}, {"dimensionPositionId": 4, "dimensionNameEn": "Selected characteristics", "dimensionNameFr": "Certaines caract\u00e9ristiques", "hasUom": false, "member": [{"memberId": 1, "parentMemberId": null, "memberNameEn": "All age groups", "memberNameFr": "Tous les groupes d'\u00e2ge", "classificationCode": null, "classificationTypeCode": null, "geoLevel": null, "vintage": null, "terminated": 0, "memberUomCode": null}, {"memberId": 2, "parentMemberId": 1, "memberNameEn": "15  to 24 years", "memberNameFr": "15 \u00e0 24 ans", "classificationCode": null, "classificationTypeCode": null, "geoLevel": null, "vintage": null, "terminated": 0, "memberUomCode": null}, {"memberId": 3, "parentMemberId": 1, "memberNameEn": "25 to 34 years", "memberNameFr": "25 \u00e0 34 ans", "classificationCode": null, "classificationTypeCode": null, "geoLevel": null, "vintage": null, "terminated": 0, "memberUomCode": null}, {"memberId": 4, "parentMemberId": 1, "memberNameEn": "35 to 44 years", "memberNameFr": "35 \u00e0 44 ans", "classificationCode": null, "classificationTypeCode": null, "geoLevel": null, "vintage": null, "terminated": 0, "memberUomCode": null}, {"memberId": 5, "parentMemberId": 1, "memberNameEn": "45 to 54 years", "memberNameFr": "45 \u00e0 54 ans", "classificationCode": null, "classificationTypeCode": null, "geoLevel": null, "vintage": null, "terminated": 0, "memberUomCode": null}, {"memberId": 6, "parentMemberId": 1, "memberNameEn": "55 years and over", "memberNameFr": "55 ans et plus", "classificationCode": null, "classificationTypeCode": null, "geoLevel": null, "vintage": null, "terminated": 0, "memberUomCode": null}, {"memberId": 7, "parentMemberId": null, "memberNameEn": "Both sexes", "memberNameFr": "Les deux sexes", "classificationCode": null, "classificationTypeCode": null, "geoLevel": null, "vintage": null, "terminated": 0, "memberUomCode": null}, {"memberId": 8, "parentMemberId": 7, "memberNameEn": "Males", "memberNameFr": "Hommes", "classificationCode": null, "classificationTypeCode": null, "geoLevel": null, "vintage": null, "terminated": 0, "memberUomCode": null}, {"memberId": 9, "parentMemberId": 7, "memberNameEn": "Females", "memberNameFr": "Femmes", "classificationCode": null, "classificationTypeCode": null, "geoLevel": null, "vintage": null, "terminated": 0, "memberUomCode": null}, {"memberId": 10, "parentMemberId": null, "memberNameEn": "All education levels", "memberNameFr": "Tous les niveaux d'instruction", "classificationCode": null, "classificationTypeCode": null, "geoLevel": null, "vintage": null, "terminated": 0, "memberUomCode": null}, {"memberId": 11, "parentMemberId": 10, "memberNameEn": "Elementary school, 0 to 8 years", "memberNameFr": "Primaire,  0 \u00e0 8 ans", "classificationCode": null, "classificationTypeCode": null, "geoLevel": null, "vintage": null, "terminated": 0, "memberUomCode": null}, {"memberId": 12, "parentMemberId": 10, "memberNameEn": "Some secondary", "memberNameFr": "\u00c9tudes secondaires partielles", "classificationCode": null, "classificationTypeCode": null, "geoLevel": null, "vintage": null, "terminated": 0, "memberUomCode": null}, {"memberId": 13, "parentMemberId": 10, "memberNameEn": "Some or completed high school", "memberNameFr": "\u00c9tudes secondaires partielles ou compl\u00e8tes", "classificationCode": null, "classificationTypeCode": null, "geoLevel": null, "vintage": null, "terminated": 1, "memberUomCode": null}, {"memberId": 14, "parentMemberId": 10, "memberNameEn": "Graduated high school", "memberNameFr": "\u00c9tudes secondaires compl\u00e9t\u00e9es", "classificationCode": null, "classificationTypeCode": null, "geoLevel": null, "vintage": null, "terminated": 0, "memberUomCode": null}, {"memberId": 15, "parentMemberId": 10, "memberNameEn": "Some postsecondary", "memberNameFr": "\u00c9tudes postsecondaires partielles", "classificationCode": null, "classificationTypeCode": null, "geoLevel": null, "vintage": null, "terminated": 0, "memberUomCode": null}, {"memberId": 16, "parentMemberId": 10, "memberNameEn": "Postsecondary certificate or diploma", "memberNameFr": "Certificat ou dipl\u00f4me d'\u00e9tudes postsecondaires", "classificationCode": null, "classificationTypeCode": null, "geoLevel": null, "vintage": null, "terminated": 0, "memberUomCode": null}, {"memberId": 17, "parentMemberId": 10, "memberNameEn": "University degree", "memberNameFr": "Dipl\u00f4me universitaire", "classificationCode": null, "classificationTypeCode": null, "geoLevel": null, "vintage": null, "terminated": 0, "memberUomCode": null}, {"memberId": 18, "parentMemberId": 10, "memberNameEn": "Education level unknown", "memberNameFr": "Niveau d'instruction inconnu", "classificationCode": null, "classificationTypeCode": null, "geoLevel": null, "vintage": null, "terminated": 0, "memberUomCode": null}]}]