[{"dimensionPositionId": 1, "dimensionNameEn": "Geography", "dimensionNameFr": "G\u00e9ographie", "hasUom": false, "member": [{"memberId": 1, "parentMemberId": null, "memberNameEn": "Canada", "memberNameFr": "Canada", "classificationCode": "11124", "classificationTypeCode": "1", "geoLevel": 0, "vintage": 2016, "terminated": 0, "memberUomCode": null}, {"memberId": 2, "parentMemberId": 1, "memberNameEn": "Atlantic provinces", "memberNameFr": "Provinces de l'Atlantique", "classificationCode": "1", "classificationTypeCode": "1", "geoLevel": 1, "vintage": 2016, "terminated": 0, "memberUomCode": null}, {"memberId": 3, "parentMemberId": 2, "memberNameEn": "Newfoundland and Labrador", "memberNameFr": "Terre-Neuve-et-Labrador", "classificationCode": "10", "classificationTypeCode": "1", "geoLevel": 2, "vintage": 2016, "terminated": 0, "memberUomCode": null}, {"memberId": 4, "parentMemberId": 2, "memberNameEn": "Prince Edward Island", "memberNameFr": "\u00cele-du-Prince-\u00c9douard", "classificationCode": "11", "classificationTypeCode": "1", "geoLevel": 2, "vintage": 2016, "terminated": 0, "memberUomCode": null}, {"memberId": 5, "parentMemberId": 2, "memberNameEn": "Nova Scotia", "memberNameFr": "Nouvelle-\u00c9cosse", "classificationCode": "12", "classificationTypeCode": "1", "geoLevel": 2, "vintage": 2016, "terminated": 0, "memberUomCode": null}, {"memberId": 6, "parentMemberId": 2, "memberNameEn": "New Brunswick", "memberNameFr": "Nouveau-Brunswick", "classificationCode": "13", "classificationTypeCode": "1", "geoLevel": 2, "vintage": 2016, "terminated": 0, "memberUomCode": null}, {"memberId": 7, "parentMemberId": 1, "memberNameEn": "Quebec", "memberNameFr": "Qu\u00e9bec", "classificationCode": "24", "classificationTypeCode": "1", "geoLevel": 2, "vintage": 2016, "terminated": 0, "memberUomCode": null}, {"memberId": 8, "parentMemberId": 1, "memberNameEn": "Ontario", "memberNameFr": "Ontario", "classificationCode": "35", "classificationTypeCode": "1", "geoLevel": 2, "vintage": 2016, "terminated": 0, "memberUomCode": null}, {"memberId": 9, "parentMemberId": 1, "memberNameEn": "Prairie provinces", "memberNameFr": "Provinces des Prairies", "classificationCode": "4", "classificationTypeCode": "1", "geoLevel": 1, "vintage": 2016, "terminated": 0, "memberUomCode": null}, {"memberId": 10, "parentMemberId": 9, "memberNameEn": "Manitoba", "memberNameFr": "Manitoba", "classificationCode": "46", "classificationTypeCode": "1", "geoLevel": 2, "vintage": 2016, "terminated": 0, "memberUomCode": null}, {"memberId": 11, "parentMemberId": 9, "memberNameEn": "Saskatchewan", "memberNameFr": "Saskatchewan", "classificationCode": "47", "classificationTypeCode": "1", "geoLevel": 2, "vintage": 2016, "terminated": 0, "memberUomCode": null}, {"memberId": 12, "parentMemberId": 9, "memberNameEn": "Alberta", "memberNameFr": "Alberta", "classificationCode": "48", "classificationTypeCode": "1", "geoLevel": 2, "vintage": 2016, "terminated": 0, "memberUomCode": null}, {"memberId": 13, "parentMemberId": 1, "memberNameEn": "British Columbia", "memberNameFr": "Colombie-Britannique", "classificationCode": "59", "classificationTypeCode": "1", "geoLevel": 2, "vintage": 2016, "terminated": 0, "memberUomCode": null}, {"memberId": 14, "parentMemberId": 1, "memberNameEn": "Qu\u00e9bec, Quebec", "memberNameFr": "Qu\u00e9bec, Qu\u00e9bec", "classificationCode": "421", "classificationTypeCode": "1", "geoLevel": 503, "vintage": 2011, "terminated": 0, "memberUomCode": null}, {"memberId": 15, "parentMemberId": 1, "memberNameEn": "Montr\u00e9al, Quebec", "memberNameFr": "Montr\u00e9al, Qu\u00e9bec", "classificationCode": "462", "classificationTypeCode": "1", "geoLevel": 503, "vintage": 2011, "terminated": 0, "memberUomCode": null}, {"memberId": 16, "parentMemberId": 1, "memberNameEn": "Ottawa-Gatineau, Ontario/Quebec", "memberNameFr": "Ottawa-Gatineau, Ontario/Qu\u00e9bec", "classificationCode": "505", "classificationTypeCode": "1", "geoLevel": 503, "vintage": 2011, "terminated": 0, "memberUomCode": null}, {"memberId": 17, "parentMemberId": 1, "memberNameEn": "Toronto, Ontario", "memberNameFr": "Toronto, Ontario", "classificationCode": "535", "classificationTypeCode": "1", "geoLevel": 503, "vintage": 2011, "terminated": 0, "memberUomCode": null}, {"memberId": 18, "parentMemberId": 1, "memberNameEn": "Winnipeg, Manitoba", "memberNameFr": "Winnipeg, Manitoba", "classificationCode": "602", "classificationTypeCode": "1", "geoLevel": 503, "vintage": 2011, "terminated": 0, "memberUomCode": null}, {"memberId": 19, "parentMemberId": 1, "memberNameEn": "Calgary, Alberta", "memberNameFr": "Calgary, Alberta", "classificationCode": "825", "classificationTypeCode": "1", "geoLevel": 503, "vintage": 2011, "terminated": 0, "memberUomCode": null}, {"memberId": 20, "parentMemberId": 1, "memberNameEn": "Edmonton, Alberta", "memberNameFr": "Edmonton, Alberta", "classificationCode": "835", "classificationTypeCode": "1", "geoLevel": 503, "vintage": 2011, "terminated": 0, "memberUomCode": null}, {"memberId": 21, "parentMemberId": 1, "memberNameEn": "Vancouver, British Columbia", "memberNameFr": "Vancouver, Colombie-Britannique", "classificationCode": "933", "classificationTypeCode": "1", "geoLevel": 503, "vintage": 2011, "terminated": 0, "memberUomCode": null}]}, {"dimensionPositionId": 2, "dimensionNameEn": "Age group", "dimensionNameFr": "Groupe d'\u00e2ge", "hasUom": false, "member": [{"memberId": 1, "parentMemberId": null, "memberNameEn": "16 years and over", "memberNameFr": "16 ans et plus", "classificationCode": null, "classificationTypeCode": null, "geoLevel": null, "vintage": null, "terminated": 0, "memberUomCode": null}, {"memberId": 2, "parentMemberId": 1, "memberNameEn": "16 to 24 years", "memberNameFr": "16 \u00e0 24 ans", "classificationCode": null, "classificationTypeCode": null, "geoLevel": null, "vintage": null, "terminated": 0, "memberUomCode": null}, {"memberId": 3, "parentMemberId": 1, "memberNameEn": "25 to 54 years", "memberNameFr": "25 \u00e0 54 ans", "classificationCode": null, "classificationTypeCode": null, "geoLevel": null, "vintage": null, "terminated": 0, "memberUomCode": null}, {"memberId": 4, "parentMemberId": 3, "memberNameEn": "25 to 34 years", "memberNameFr": "25 \u00e0 34 ans", "classificationCode": null, "classificationTypeCode": null, "geoLevel": null, "vintage": null, "terminated": 0, "memberUomCode": null}, {"memberId": 5, "parentMemberId": 3, "memberNameEn": "35 to 44 years", "memberNameFr": "35 \u00e0 44 ans", "classificationCode": null, "classificationTypeCode": null, "geoLevel": null, "vintage": null, "terminated": 0, "memberUomCode": null}, {"memberId": 6, "parentMemberId": 3, "memberNameEn": "45 to 54 years", "memberNameFr": "45 \u00e0 54 ans", "classificationCode": null, "classificationTypeCode": null, "geoLevel": null, "vintage": null, "terminated": 0, "memberUomCode": null}, {"memberId": 7, "parentMemberId": 1, "memberNameEn": "55 to 64 years", "memberNameFr": "55 \u00e0 64 ans", "classificationCode": null, "classificationTypeCode": null, "geoLevel": null, "vintage": null, "terminated": 0, "memberUomCode": null}, {"memberId": 8, "parentMemberId": 1, "memberNameEn": "65 years and over", "memberNameFr": "65 ans et plus", "classificationCode": null, "classificationTypeCode": null, "geoLevel": null, "vintage": null, "terminated": 0, "memberUomCode": null}]}, {"dimensionPositionId": 3, "dimensionNameEn": "Sex", "dimensionNameFr": "Sexe", "hasUom": false, "member": [{"memberId": 1, "parentMemberId": null, "memberNameEn": "Both sexes", "memberNameFr": "Les deux sexes", "classificationCode": null, "classificationTypeCode": null, "geoLevel": null, "vintage": null, "terminated": 0, "memberUomCode": null}, {"memberId": 2, "parentMemberId": 1, "memberNameEn": "Males", "memberNameFr": "Hommes", "classificationCode": null, "classificationTypeCode": null, "geoLevel": null, "vintage": null, "terminated": 0, "memberUomCode": null}, {"memberId": 3, "parentMemberId": 1, "memberNameEn": "Females", "memberNameFr": "Femmes", "classificationCode": null, "classificationTypeCode": null, "geoLevel": null, "vintage": null, "terminated": 0, "memberUomCode": null}]}, {"dimensionPositionId": 4, "dimensionNameEn": "Income source", "dimensionNameFr": "Source de revenu", "hasUom": false, "member": [{"memberId": 1, "parentMemberId": null, "memberNameEn": "Total income", "memberNameFr": "Revenu total", "classificationCode": null, "classificationTypeCode": null, "geoLevel": null, "vintage": null, "terminated": 0, "memberUomCode": null}, {"memberId": 2, "parentMemberId": 1, "memberNameEn": "Market income", "memberNameFr": "Revenu du march\u00e9", "classificationCode": null, "classificationTypeCode": null, "geoLevel": null, "vintage": null, "terminated": 0, "memberUomCode": null}, {"memberId": 3, "parentMemberId": 2, "memberNameEn": "Employment income", "memberNameFr": "Revenu d'emploi", "classificationCode": null, "classificationTypeCode": null, "geoLevel": null, "vintage": null, "terminated": 0, "memberUomCode": null}, {"memberId": 4, "parentMemberId": 3, "memberNameEn": "Wages, salaries and commissions", "memberNameFr": "Traitements, salaires et commissions", "classificationCode": null, "classificationTypeCode": null, "geoLevel": null, "vintage": null, "terminated": 0, "memberUomCode": null}, {"memberId": 5, "parentMemberId": 3, "memberNameEn": "Self-employment income", "memberNameFr": "Revenu provenant d'un travail autonome", "classificationCode": null, "classificationTypeCode": null, "geoLevel": null, "vintage": null, "terminated": 0, "memberUomCode": null}, {"memberId": 6, "parentMemberId": 2, "memberNameEn": "Investment income", "memberNameFr": "Revenu de placements", "classificationCode": null, "classificationTypeCode": null, "geoLevel": null, "vintage": null, "terminated": 0, "memberUomCode": null}, {"memberId": 7, "parentMemberId": 2, "memberNameEn": "Retirement income", "memberNameFr": "Revenu de retraite", "classificationCode": null, "classificationTypeCode": null, "geoLevel": null, "vintage": null, "terminated": 0, "memberUomCode": null}, {"memberId": 8, "parentMemberId": 2, "memberNameEn": "Other income", "memberNameFr": "Autre revenu", "classificationCode": null, "classificationTypeCode": null, "geoLevel": null, "vintage": null, "terminated": 0, "memberUomCode": null}, {"memberId": 9, "parentMemberId": 1, "memberNameEn": "Government transfers", "memberNameFr": "Transferts gouvernementaux", "classificationCode": null, "classificationTypeCode": null, "geoLevel": null, "vintage": null, "terminated": 0, "memberUomCode": null}, {"memberId": 10, "parentMemberId": 9, "memberNameEn": "Old Age Security (OAS) and Guaranteed Income Supplement (GIS), Spouse's Allowance (SPA)", "memberNameFr": "S\u00e9curit\u00e9 de la vieillesse (SV), Suppl\u00e9ment de revenu garanti (SRG) et Allocation au conjoint (AC)", "classificationCode": null, "classificationTypeCode": null, "geoLevel": null, "vintage": null, "terminated": 0, "memberUomCode": null}, {"memberId": 11, "parentMemberId": 9, "memberNameEn": "Canada Pension Plan (CPP) and Quebec Pension Plan (QPP) benefits", "memberNameFr": "R\u00e9gime de pensions du Canada (RPC) et R\u00e9gime de rentes du Qu\u00e9bec (RRQ)", "classificationCode": null, "classificationTypeCode": null, "geoLevel": null, "vintage": null, "terminated": 0, "memberUomCode": null}, {"memberId": 12, "parentMemberId": 9, "memberNameEn": "Child benefits", "memberNameFr": "Prestations pour enfants", "classificationCode": null, "classificationTypeCode": null, "geoLevel": null, "vintage": null, "terminated": 0, "memberUomCode": null}, {"memberId": 13, "parentMemberId": 9, "memberNameEn": "Employment Insurance (EI) benefits", "memberNameFr": "Prestations d'assurance-emploi (AE)", "classificationCode": null, "classificationTypeCode": null, "geoLevel": null, "vintage": null, "terminated": 0, "memberUomCode": null}, {"memberId": 14, "parentMemberId": 9, "memberNameEn": "Social assistance", "memberNameFr": "Assistance sociale", "classificationCode": null, "classificationTypeCode": null, "geoLevel": null, "vintage": null, "terminated": 0, "memberUomCode": null}, {"memberId": 15, "parentMemberId": 9, "memberNameEn": "Other government transfers", "memberNameFr": "Autres transferts gouvernementaux", "classificationCode": null, "classificationTypeCode": null, "geoLevel": null, "vintage": null, "terminated": 0, "memberUomCode": null}]}, {"dimensionPositionId": 5, "dimensionNameEn": "Statistics", "dimensionNameFr": "Statistiques", "hasUom": true, "member": [{"memberId": 1, "parentMemberId": null, "memberNameEn": "Number of persons", "memberNameFr": "Nombre de personnes", "classificationCode": null, "classificationTypeCode": null, "geoLevel": null, "vintage": null, "terminated": 0, "memberUomCode": 223}, {"memberId": 2, "parentMemberId": null, "memberNameEn": "Number with income", "memberNameFr": "Nombre ayant un revenu", "classificationCode": null, "classificationTypeCode": null, "geoLevel": null, "vintage": null, "terminated": 0, "memberUomCode": 223}, {"memberId": 3, "parentMemberId": null, "memberNameEn": "Aggregate income", "memberNameFr": "Revenu agr\u00e9g\u00e9", "classificationCode": null, "classificationTypeCode": null, "geoLevel": null, "vintage": null, "terminated": 0, "memberUomCode": 404}, {"memberId": 4, "parentMemberId": null, "memberNameEn": "Average income (excluding zeros)", "memberNameFr": "Revenu moyen (excluant les z\u00e9ros)", "classificationCode": null, "classificationTypeCode": null, "geoLevel": null, "vintage": null, "terminated": 0, "memberUomCode": 404}, {"memberId": 5, "parentMemberId": null, "memberNameEn": "Median income (excluding zeros)", "memberNameFr": "Revenu m\u00e9dian (excluant les z\u00e9ros)", "classificationCode": null, "classificationTypeCode": null, "geoLevel": null, "vintage": null, "terminated": 0, "memberUomCode": 404}]}]