[{"dimensionPositionId": 1, "dimensionNameEn": "Geography", "dimensionNameFr": "G\u00e9ographie", "hasUom": false, "member": [{"memberId": 1, "parentMemberId": null, "memberNameEn": "Canada", "memberNameFr": "Canada", "classificationCode": "11124", "classificationTypeCode": "1", "geoLevel": 0, "vintage": 2016, "terminated": 0, "memberUomCode": null}]}, {"dimensionPositionId": 2, "dimensionNameEn": "Registered pension plans", "dimensionNameFr": "R\u00e9gimes de pension agr\u00e9\u00e9s", "hasUom": false, "member": [{"memberId": 1, "parentMemberId": null, "memberNameEn": "Total of registered pension plans", "memberNameFr": "Total des r\u00e9gimes de pension agr\u00e9\u00e9s", "classificationCode": null, "classificationTypeCode": null, "geoLevel": null, "vintage": null, "terminated": 0, "memberUomCode": null}, {"memberId": 2, "parentMemberId": 1, "memberNameEn": "Public sector registered pension plans", "memberNameFr": "R\u00e9gimes de pension agr\u00e9\u00e9s du secteur public", "classificationCode": null, "classificationTypeCode": null, "geoLevel": null, "vintage": null, "terminated": 0, "memberUomCode": null}, {"memberId": 3, "parentMemberId": 1, "memberNameEn": "Private sector registered pension plans", "memberNameFr": "R\u00e9gimes de pension agr\u00e9\u00e9s du secteur priv\u00e9", "classificationCode": null, "classificationTypeCode": null, "geoLevel": null, "vintage": null, "terminated": 0, "memberUomCode": null}, {"memberId": 4, "parentMemberId": null, "memberNameEn": "Defined benefit registered pension plans", "memberNameFr": "R\u00e9gimes de pension agr\u00e9\u00e9s \u00e0 prestations d\u00e9termin\u00e9es", "classificationCode": null, "classificationTypeCode": null, "geoLevel": null, "vintage": null, "terminated": 0, "memberUomCode": null}, {"memberId": 5, "parentMemberId": null, "memberNameEn": "Contributory registered pension plans", "memberNameFr": "R\u00e9gimes de pension agr\u00e9\u00e9s contributifs", "classificationCode": null, "classificationTypeCode": null, "geoLevel": null, "vintage": null, "terminated": 0, "memberUomCode": null}, {"memberId": 6, "parentMemberId": null, "memberNameEn": "Non-contributory registered pension plans", "memberNameFr": "R\u00e9gimes de pension agr\u00e9\u00e9s non-contributifs", "classificationCode": null, "classificationTypeCode": null, "geoLevel": null, "vintage": null, "terminated": 0, "memberUomCode": null}]}, {"dimensionPositionId": 3, "dimensionNameEn": "Current service benefit rate", "dimensionNameFr": "M\u00e9thode de calcul des prestations fond\u00e9e sur le service courant", "hasUom": false, "member": [{"memberId": 1, "parentMemberId": null, "memberNameEn": "Total current service benefit rate", "memberNameFr": "Total des m\u00e9thodes de calcul des prestations selon le service courant", "classificationCode": null, "classificationTypeCode": null, "geoLevel": null, "vintage": null, "terminated": 0, "memberUomCode": null}, {"memberId": 2, "parentMemberId": 1, "memberNameEn": "No prescribed benefit (defined contribution plan)", "memberNameFr": "M\u00e9thode de calcul des prestations non pr\u00e9vues (r\u00e9gimes \u00e0 cotisations d\u00e9termin\u00e9es)", "classificationCode": null, "classificationTypeCode": null, "geoLevel": null, "vintage": null, "terminated": 0, "memberUomCode": null}, {"memberId": 3, "parentMemberId": 1, "memberNameEn": "Total benefit rate based on percentage of earnings", "memberNameFr": "Total des m\u00e9thodes de calcul des prestations selon le pourcentage des gains", "classificationCode": null, "classificationTypeCode": null, "geoLevel": null, "vintage": null, "terminated": 0, "memberUomCode": null}, {"memberId": 4, "parentMemberId": 3, "memberNameEn": "Benefit rate, under 1.25% of earnings", "memberNameFr": "M\u00e9thode de calcul des prestations, moins de 1,25 % des gains", "classificationCode": null, "classificationTypeCode": null, "geoLevel": null, "vintage": null, "terminated": 0, "memberUomCode": null}, {"memberId": 5, "parentMemberId": 3, "memberNameEn": "Benefit rate, 1.25% to 1.49% of earnings", "memberNameFr": "M\u00e9thode de calcul des prestations, 1,25 % \u00e0 1,49 % des gains", "classificationCode": null, "classificationTypeCode": null, "geoLevel": null, "vintage": null, "terminated": 0, "memberUomCode": null}, {"memberId": 6, "parentMemberId": 3, "memberNameEn": "Benefit rate, 1.50% to 1.74% of earnings", "memberNameFr": "M\u00e9thode de calcul des prestations, 1,50 % \u00e0 1,74 % des gains", "classificationCode": null, "classificationTypeCode": null, "geoLevel": null, "vintage": null, "terminated": 0, "memberUomCode": null}, {"memberId": 7, "parentMemberId": 3, "memberNameEn": "Benefit rate, 1.75% to 1.99% of earnings", "memberNameFr": "M\u00e9thode de calcul des prestations, 1,75 % \u00e0 1,99 % des gains", "classificationCode": null, "classificationTypeCode": null, "geoLevel": null, "vintage": null, "terminated": 0, "memberUomCode": null}, {"memberId": 8, "parentMemberId": 3, "memberNameEn": "Benefit rate, 2.00% of earnings", "memberNameFr": "M\u00e9thode de calcul des prestations, 2,00 % des gains", "classificationCode": null, "classificationTypeCode": null, "geoLevel": null, "vintage": null, "terminated": 0, "memberUomCode": null}, {"memberId": 9, "parentMemberId": 3, "memberNameEn": "Benefit rate, over 2.00% of earnings", "memberNameFr": "M\u00e9thode de calcul des prestations, plus de 2,00 % des gains", "classificationCode": null, "classificationTypeCode": null, "geoLevel": null, "vintage": null, "terminated": 0, "memberUomCode": null}, {"memberId": 10, "parentMemberId": 1, "memberNameEn": "Total benefit rate based in dollars per month per year of service", "memberNameFr": "Total des m\u00e9thodes de calcul des prestations exprim\u00e9es en dollars par mois pour chaque ann\u00e9e de service", "classificationCode": null, "classificationTypeCode": null, "geoLevel": null, "vintage": null, "terminated": 0, "memberUomCode": null}, {"memberId": 11, "parentMemberId": 10, "memberNameEn": "Benefit rate, under $10.00 per year of service", "memberNameFr": "M\u00e9thode de calcul des prestations, moins de 10,00 $ par ann\u00e9e de service", "classificationCode": null, "classificationTypeCode": null, "geoLevel": null, "vintage": null, "terminated": 0, "memberUomCode": null}, {"memberId": 12, "parentMemberId": 10, "memberNameEn": "Benefit rate, $10.00 to $19.99 per year of service", "memberNameFr": "M\u00e9thode de calcul des prestations, 10,00 $ \u00e0 19,99 $ par ann\u00e9e de service", "classificationCode": null, "classificationTypeCode": null, "geoLevel": null, "vintage": null, "terminated": 0, "memberUomCode": null}, {"memberId": 13, "parentMemberId": 10, "memberNameEn": "Benefit rate, $20.00 to $29.99 per year of service", "memberNameFr": "M\u00e9thode de calcul des prestations, 20,00 $ \u00e0 29,99 $ par ann\u00e9e de service", "classificationCode": null, "classificationTypeCode": null, "geoLevel": null, "vintage": null, "terminated": 0, "memberUomCode": null}, {"memberId": 14, "parentMemberId": 10, "memberNameEn": "Benefit rate, $30.00 to $39.99 per year of service", "memberNameFr": "M\u00e9thode de calcul des prestations, 30,00 $ \u00e0 39,99 $ par ann\u00e9e de service", "classificationCode": null, "classificationTypeCode": null, "geoLevel": null, "vintage": null, "terminated": 0, "memberUomCode": null}, {"memberId": 15, "parentMemberId": 10, "memberNameEn": "Benefit rate, $40.00 to $59.99 per year of service", "memberNameFr": "M\u00e9thode de calcul des prestations, 40,00 $ \u00e0 59,99 $ par ann\u00e9e de service", "classificationCode": null, "classificationTypeCode": null, "geoLevel": null, "vintage": null, "terminated": 0, "memberUomCode": null}, {"memberId": 16, "parentMemberId": 10, "memberNameEn": "Benefit rate, $60.00 per year of service and over", "memberNameFr": "M\u00e9thode de calcul des prestations, 60,00 $ et plus par ann\u00e9e de service", "classificationCode": null, "classificationTypeCode": null, "geoLevel": null, "vintage": null, "terminated": 0, "memberUomCode": null}, {"memberId": 17, "parentMemberId": 1, "memberNameEn": "Dollar per month for every (x) hours worked", "memberNameFr": "Dollars par mois pour chaque tranche de (x) heures travaill\u00e9es", "classificationCode": null, "classificationTypeCode": null, "geoLevel": null, "vintage": null, "terminated": 0, "memberUomCode": null}, {"memberId": 18, "parentMemberId": 1, "memberNameEn": "Combination of benefit rate", "memberNameFr": "Combinaison de formules de calcul des prestations", "classificationCode": null, "classificationTypeCode": null, "geoLevel": null, "vintage": null, "terminated": 0, "memberUomCode": null}, {"memberId": 19, "parentMemberId": 1, "memberNameEn": "Benefits based on variable rate", "memberNameFr": "Prestations fond\u00e9es sur un taux variable", "classificationCode": null, "classificationTypeCode": null, "geoLevel": null, "vintage": null, "terminated": 0, "memberUomCode": null}, {"memberId": 20, "parentMemberId": 1, "memberNameEn": "Other benefit rate", "memberNameFr": "Autre m\u00e9thode de calcul des prestations", "classificationCode": null, "classificationTypeCode": null, "geoLevel": null, "vintage": null, "terminated": 0, "memberUomCode": null}]}, {"dimensionPositionId": 4, "dimensionNameEn": "Plans, active members and asset value", "dimensionNameFr": "R\u00e9gimes, adh\u00e9rents actifs et valeur de l'actif", "hasUom": false, "member": [{"memberId": 1, "parentMemberId": null, "memberNameEn": "Plans", "memberNameFr": "R\u00e9gimes", "classificationCode": null, "classificationTypeCode": null, "geoLevel": null, "vintage": null, "terminated": 0, "memberUomCode": null}, {"memberId": 2, "parentMemberId": null, "memberNameEn": "Active members, both sexes", "memberNameFr": "Adh\u00e9rents actifs, les deux sexes", "classificationCode": null, "classificationTypeCode": null, "geoLevel": null, "vintage": null, "terminated": 0, "memberUomCode": null}, {"memberId": 3, "parentMemberId": 2, "memberNameEn": "Active members, males", "memberNameFr": "Adh\u00e9rents actifs, hommes", "classificationCode": null, "classificationTypeCode": null, "geoLevel": null, "vintage": null, "terminated": 0, "memberUomCode": null}, {"memberId": 4, "parentMemberId": 2, "memberNameEn": "Active members, females", "memberNameFr": "Adh\u00e9rents actifs, femmes", "classificationCode": null, "classificationTypeCode": null, "geoLevel": null, "vintage": null, "terminated": 0, "memberUomCode": null}, {"memberId": 5, "parentMemberId": null, "memberNameEn": "Market value of assets", "memberNameFr": "Valeur marchande de l'actif", "classificationCode": null, "classificationTypeCode": null, "geoLevel": null, "vintage": null, "terminated": 0, "memberUomCode": null}]}, {"dimensionPositionId": 5, "dimensionNameEn": "Statistics", "dimensionNameFr": "Statistiques", "hasUom": true, "member": [{"memberId": 1, "parentMemberId": null, "memberNameEn": "Number", "memberNameFr": "Nombre", "classificationCode": null, "classificationTypeCode": null, "geoLevel": null, "vintage": null, "terminated": 0, "memberUomCode": 223}, {"memberId": 2, "parentMemberId": null, "memberNameEn": "Percent", "memberNameFr": "Pourcentage", "classificationCode": null, "classificationTypeCode": null, "geoLevel": null, "vintage": null, "terminated": 0, "memberUomCode": 239}, {"memberId": 3, "parentMemberId": null, "memberNameEn": "Dollars", "memberNameFr": "Dollars", "classificationCode": null, "classificationTypeCode": null, "geoLevel": null, "vintage": null, "terminated": 0, "memberUomCode": 81}]}]