[{"dimensionPositionId": 1, "dimensionNameEn": "Geography", "dimensionNameFr": "G\u00e9ographie", "hasUom": false, "member": [{"memberId": 1, "parentMemberId": null, "memberNameEn": "Canada", "memberNameFr": "Canada", "classificationCode": "11124", "classificationTypeCode": "1", "geoLevel": 0, "vintage": 2016, "terminated": 0, "memberUomCode": null}]}, {"dimensionPositionId": 2, "dimensionNameEn": "Registered pension plans", "dimensionNameFr": "R\u00e9gimes de pension agr\u00e9\u00e9s", "hasUom": false, "member": [{"memberId": 1, "parentMemberId": null, "memberNameEn": "Total of registered pension plans", "memberNameFr": "Total des r\u00e9gimes de pension agr\u00e9\u00e9s", "classificationCode": null, "classificationTypeCode": null, "geoLevel": null, "vintage": null, "terminated": 0, "memberUomCode": null}, {"memberId": 2, "parentMemberId": null, "memberNameEn": "Defined benefit registered pension plans", "memberNameFr": "R\u00e9gimes de pension agr\u00e9\u00e9s \u00e0 prestations d\u00e9termin\u00e9es", "classificationCode": null, "classificationTypeCode": null, "geoLevel": null, "vintage": null, "terminated": 0, "memberUomCode": null}, {"memberId": 3, "parentMemberId": null, "memberNameEn": "Defined contribution registered pension plans", "memberNameFr": "R\u00e9gimes de pension agr\u00e9\u00e9s \u00e0 cotisations d\u00e9termin\u00e9es", "classificationCode": null, "classificationTypeCode": null, "geoLevel": null, "vintage": null, "terminated": 0, "memberUomCode": null}, {"memberId": 4, "parentMemberId": null, "memberNameEn": "Contributory registered pension plans", "memberNameFr": "R\u00e9gimes de pension agr\u00e9\u00e9s contributifs", "classificationCode": null, "classificationTypeCode": null, "geoLevel": null, "vintage": null, "terminated": 0, "memberUomCode": null}, {"memberId": 5, "parentMemberId": null, "memberNameEn": "Non-contributory registered pension plans", "memberNameFr": "R\u00e9gimes de pension agr\u00e9\u00e9s non-contributifs", "classificationCode": null, "classificationTypeCode": null, "geoLevel": null, "vintage": null, "terminated": 0, "memberUomCode": null}]}, {"dimensionPositionId": 3, "dimensionNameEn": "Type of organization", "dimensionNameFr": "Genre d'organisme", "hasUom": false, "member": [{"memberId": 1, "parentMemberId": null, "memberNameEn": "Total of public and private sectors", "memberNameFr": "Total des secteurs public et priv\u00e9", "classificationCode": null, "classificationTypeCode": null, "geoLevel": null, "vintage": null, "terminated": 0, "memberUomCode": null}, {"memberId": 2, "parentMemberId": 1, "memberNameEn": "Total public sector", "memberNameFr": "Total du secteur public", "classificationCode": null, "classificationTypeCode": null, "geoLevel": null, "vintage": null, "terminated": 0, "memberUomCode": null}, {"memberId": 3, "parentMemberId": 2, "memberNameEn": "Municipal government, public sector", "memberNameFr": "Gouvernement municipal, secteur public", "classificationCode": null, "classificationTypeCode": null, "geoLevel": null, "vintage": null, "terminated": 0, "memberUomCode": null}, {"memberId": 4, "parentMemberId": 2, "memberNameEn": "Municipal enterprise, public sector", "memberNameFr": "Entreprise municipale, secteur public", "classificationCode": null, "classificationTypeCode": null, "geoLevel": null, "vintage": null, "terminated": 0, "memberUomCode": null}, {"memberId": 5, "parentMemberId": 2, "memberNameEn": "Provincial government, public sector", "memberNameFr": "Gouvernement provincial, secteur public", "classificationCode": null, "classificationTypeCode": null, "geoLevel": null, "vintage": null, "terminated": 0, "memberUomCode": null}, {"memberId": 6, "parentMemberId": 2, "memberNameEn": "Provincial enterprise, public sector", "memberNameFr": "Entreprise provinciale, secteur public", "classificationCode": null, "classificationTypeCode": null, "geoLevel": null, "vintage": null, "terminated": 0, "memberUomCode": null}, {"memberId": 7, "parentMemberId": 2, "memberNameEn": "Federal government, public sector", "memberNameFr": "Gouvernement f\u00e9d\u00e9ral, secteur public", "classificationCode": null, "classificationTypeCode": null, "geoLevel": null, "vintage": null, "terminated": 0, "memberUomCode": null}, {"memberId": 8, "parentMemberId": 2, "memberNameEn": "Federal enterprise, public sector", "memberNameFr": "Entreprise f\u00e9d\u00e9rale, secteur public", "classificationCode": null, "classificationTypeCode": null, "geoLevel": null, "vintage": null, "terminated": 0, "memberUomCode": null}, {"memberId": 9, "parentMemberId": 2, "memberNameEn": "Other organization, public sector", "memberNameFr": "Autre organisme, secteur public", "classificationCode": null, "classificationTypeCode": null, "geoLevel": null, "vintage": null, "terminated": 0, "memberUomCode": null}, {"memberId": 10, "parentMemberId": 1, "memberNameEn": "Total private sector", "memberNameFr": "Total du secteur priv\u00e9", "classificationCode": null, "classificationTypeCode": null, "geoLevel": null, "vintage": null, "terminated": 0, "memberUomCode": null}, {"memberId": 11, "parentMemberId": 10, "memberNameEn": "Incorporated company, private sector", "memberNameFr": "Entreprise constitu\u00e9e en soci\u00e9t\u00e9, secteur priv\u00e9", "classificationCode": null, "classificationTypeCode": null, "geoLevel": null, "vintage": null, "terminated": 0, "memberUomCode": null}, {"memberId": 12, "parentMemberId": 10, "memberNameEn": "Unincorporated business, private sector", "memberNameFr": "Entreprise non constitu\u00e9e, secteur priv\u00e9", "classificationCode": null, "classificationTypeCode": null, "geoLevel": null, "vintage": null, "terminated": 0, "memberUomCode": null}, {"memberId": 13, "parentMemberId": 10, "memberNameEn": "Co-operative, private sector", "memberNameFr": "Coop\u00e9rative, secteur priv\u00e9", "classificationCode": null, "classificationTypeCode": null, "geoLevel": null, "vintage": null, "terminated": 0, "memberUomCode": null}, {"memberId": 14, "parentMemberId": 10, "memberNameEn": "Trade or employee association, private sector", "memberNameFr": "Association professionnelle ou syndicat ouvrier, secteur priv\u00e9", "classificationCode": null, "classificationTypeCode": null, "geoLevel": null, "vintage": null, "terminated": 0, "memberUomCode": null}, {"memberId": 15, "parentMemberId": 10, "memberNameEn": "Religious, charitable, or other non-profit organization, private sector", "memberNameFr": "Organisme religieux, charitable ou de bienfaisance, secteur priv\u00e9", "classificationCode": null, "classificationTypeCode": null, "geoLevel": null, "vintage": null, "terminated": 0, "memberUomCode": null}, {"memberId": 16, "parentMemberId": 10, "memberNameEn": "Other organization, private sector", "memberNameFr": "Autre organisme, secteur priv\u00e9", "classificationCode": null, "classificationTypeCode": null, "geoLevel": null, "vintage": null, "terminated": 0, "memberUomCode": null}]}, {"dimensionPositionId": 4, "dimensionNameEn": "Plans, active members and asset value", "dimensionNameFr": "R\u00e9gimes, adh\u00e9rents actifs et valeur de l'actif", "hasUom": false, "member": [{"memberId": 1, "parentMemberId": null, "memberNameEn": "Plans", "memberNameFr": "R\u00e9gimes", "classificationCode": null, "classificationTypeCode": null, "geoLevel": null, "vintage": null, "terminated": 0, "memberUomCode": null}, {"memberId": 2, "parentMemberId": null, "memberNameEn": "Active members, both sexes", "memberNameFr": "Adh\u00e9rents actifs, les deux sexes", "classificationCode": null, "classificationTypeCode": null, "geoLevel": null, "vintage": null, "terminated": 0, "memberUomCode": null}, {"memberId": 3, "parentMemberId": 2, "memberNameEn": "Active members, males", "memberNameFr": "Adh\u00e9rents actifs, hommes", "classificationCode": null, "classificationTypeCode": null, "geoLevel": null, "vintage": null, "terminated": 0, "memberUomCode": null}, {"memberId": 4, "parentMemberId": 2, "memberNameEn": "Active members, females", "memberNameFr": "Adh\u00e9rents actifs, femmes", "classificationCode": null, "classificationTypeCode": null, "geoLevel": null, "vintage": null, "terminated": 0, "memberUomCode": null}, {"memberId": 5, "parentMemberId": null, "memberNameEn": "Market value of assets", "memberNameFr": "Valeur marchande de l'actif", "classificationCode": null, "classificationTypeCode": null, "geoLevel": null, "vintage": null, "terminated": 0, "memberUomCode": null}]}, {"dimensionPositionId": 5, "dimensionNameEn": "Statistics", "dimensionNameFr": "Unit\u00e9 de mesure", "hasUom": true, "member": [{"memberId": 1, "parentMemberId": null, "memberNameEn": "Number", "memberNameFr": "Nombre", "classificationCode": null, "classificationTypeCode": null, "geoLevel": null, "vintage": null, "terminated": 0, "memberUomCode": 223}, {"memberId": 2, "parentMemberId": null, "memberNameEn": "Percent", "memberNameFr": "Pourcentage", "classificationCode": null, "classificationTypeCode": null, "geoLevel": null, "vintage": null, "terminated": 0, "memberUomCode": 239}, {"memberId": 3, "parentMemberId": null, "memberNameEn": "Dollars", "memberNameFr": "Dollars", "classificationCode": null, "classificationTypeCode": null, "geoLevel": null, "vintage": null, "terminated": 0, "memberUomCode": 81}]}]