[{"dimensionPositionId": 1, "dimensionNameEn": "Geography", "dimensionNameFr": "G\u00e9ographie", "hasUom": false, "member": [{"memberId": 1, "parentMemberId": null, "memberNameEn": "Canada", "memberNameFr": "Canada", "classificationCode": "11124", "classificationTypeCode": "1", "geoLevel": 0, "vintage": 2016, "terminated": 0, "memberUomCode": null}]}, {"dimensionPositionId": 2, "dimensionNameEn": "Registered pension plans", "dimensionNameFr": "R\u00e9gimes de pension agr\u00e9\u00e9s", "hasUom": false, "member": [{"memberId": 1, "parentMemberId": null, "memberNameEn": "Total of registered pension plans", "memberNameFr": "Total des r\u00e9gimes de pension agr\u00e9\u00e9s", "classificationCode": null, "classificationTypeCode": null, "geoLevel": null, "vintage": null, "terminated": 0, "memberUomCode": null}, {"memberId": 2, "parentMemberId": 1, "memberNameEn": "Public sector registered pension plans", "memberNameFr": "R\u00e9gimes de pension agr\u00e9\u00e9s du secteur public", "classificationCode": null, "classificationTypeCode": null, "geoLevel": null, "vintage": null, "terminated": 0, "memberUomCode": null}, {"memberId": 3, "parentMemberId": 1, "memberNameEn": "Private sector registered pension plans", "memberNameFr": "R\u00e9gimes de pension agr\u00e9\u00e9s du secteur priv\u00e9", "classificationCode": null, "classificationTypeCode": null, "geoLevel": null, "vintage": null, "terminated": 0, "memberUomCode": null}, {"memberId": 4, "parentMemberId": null, "memberNameEn": "Defined benefit registered pension plans", "memberNameFr": "R\u00e9gimes de pension agr\u00e9\u00e9s \u00e0 prestations d\u00e9termin\u00e9es", "classificationCode": null, "classificationTypeCode": null, "geoLevel": null, "vintage": null, "terminated": 0, "memberUomCode": null}, {"memberId": 5, "parentMemberId": null, "memberNameEn": "Defined contribution registered pension plans", "memberNameFr": "R\u00e9gimes de pension agr\u00e9\u00e9s \u00e0 cotisations d\u00e9termin\u00e9es", "classificationCode": null, "classificationTypeCode": null, "geoLevel": null, "vintage": null, "terminated": 0, "memberUomCode": null}, {"memberId": 6, "parentMemberId": null, "memberNameEn": "Contributory registered pension plans", "memberNameFr": "R\u00e9gimes de pension agr\u00e9\u00e9s contributifs", "classificationCode": null, "classificationTypeCode": null, "geoLevel": null, "vintage": null, "terminated": 0, "memberUomCode": null}, {"memberId": 7, "parentMemberId": null, "memberNameEn": "Non-contributory registered pension plans", "memberNameFr": "R\u00e9gimes de pension agr\u00e9\u00e9s non-contributifs", "classificationCode": null, "classificationTypeCode": null, "geoLevel": null, "vintage": null, "terminated": 0, "memberUomCode": null}]}, {"dimensionPositionId": 3, "dimensionNameEn": "Special retirement condition", "dimensionNameFr": "Condition de sp\u00e9ciale retraite", "hasUom": false, "member": [{"memberId": 1, "parentMemberId": null, "memberNameEn": "Total - special retirement conditions", "memberNameFr": "Total - conditions de retraite sp\u00e9ciale", "classificationCode": null, "classificationTypeCode": null, "geoLevel": null, "vintage": null, "terminated": 0, "memberUomCode": null}, {"memberId": 2, "parentMemberId": 1, "memberNameEn": "No special retirement", "memberNameFr": "Aucune retraite sp\u00e9ciale pr\u00e9vue", "classificationCode": null, "classificationTypeCode": null, "geoLevel": null, "vintage": null, "terminated": 0, "memberUomCode": null}, {"memberId": 3, "parentMemberId": 1, "memberNameEn": "Age only", "memberNameFr": "\u00c2ge seulement", "classificationCode": null, "classificationTypeCode": null, "geoLevel": null, "vintage": null, "terminated": 0, "memberUomCode": null}, {"memberId": 4, "parentMemberId": 1, "memberNameEn": "Years of service only", "memberNameFr": "Ann\u00e9es de service seulement", "classificationCode": null, "classificationTypeCode": null, "geoLevel": null, "vintage": null, "terminated": 0, "memberUomCode": null}, {"memberId": 5, "parentMemberId": 1, "memberNameEn": "Age plus service equals", "memberNameFr": "\u00c2ge plus ann\u00e9es de service \u00e9galent", "classificationCode": null, "classificationTypeCode": null, "geoLevel": null, "vintage": null, "terminated": 0, "memberUomCode": null}, {"memberId": 6, "parentMemberId": 1, "memberNameEn": "Age and years of service", "memberNameFr": "\u00c2ge et ann\u00e9es de service", "classificationCode": null, "classificationTypeCode": null, "geoLevel": null, "vintage": null, "terminated": 0, "memberUomCode": null}, {"memberId": 7, "parentMemberId": 1, "memberNameEn": "Age or years of service", "memberNameFr": "\u00c2ge ou ann\u00e9es de service", "classificationCode": null, "classificationTypeCode": null, "geoLevel": null, "vintage": null, "terminated": 0, "memberUomCode": null}, {"memberId": 8, "parentMemberId": 1, "memberNameEn": "Age and age plus service equals", "memberNameFr": "\u00c2ge et \u00e2ge plus ann\u00e9es de service \u00e9galent", "classificationCode": null, "classificationTypeCode": null, "geoLevel": null, "vintage": null, "terminated": 0, "memberUomCode": null}, {"memberId": 9, "parentMemberId": 1, "memberNameEn": "Age or age plus service equals", "memberNameFr": "\u00c2ge ou \u00e2ge plus ann\u00e9es de service \u00e9galent", "classificationCode": null, "classificationTypeCode": null, "geoLevel": null, "vintage": null, "terminated": 0, "memberUomCode": null}, {"memberId": 10, "parentMemberId": 1, "memberNameEn": "Years of service and age plus service equals", "memberNameFr": "Ann\u00e9es de service et \u00e2ge plus ann\u00e9es de service \u00e9galent", "classificationCode": null, "classificationTypeCode": null, "geoLevel": null, "vintage": null, "terminated": 0, "memberUomCode": null}, {"memberId": 11, "parentMemberId": 1, "memberNameEn": "Years of service or age plus service equals", "memberNameFr": "Ann\u00e9es de service ou \u00e2ge plus ann\u00e9es de service \u00e9galent", "classificationCode": null, "classificationTypeCode": null, "geoLevel": null, "vintage": null, "terminated": 0, "memberUomCode": null}, {"memberId": 12, "parentMemberId": 1, "memberNameEn": "Combination of three conditions", "memberNameFr": "Combinaison de trois conditions", "classificationCode": null, "classificationTypeCode": null, "geoLevel": null, "vintage": null, "terminated": 0, "memberUomCode": null}, {"memberId": 13, "parentMemberId": 1, "memberNameEn": "Other special retirement conditions", "memberNameFr": "Autres conditions de retraite sp\u00e9ciale", "classificationCode": null, "classificationTypeCode": null, "geoLevel": null, "vintage": null, "terminated": 0, "memberUomCode": null}, {"memberId": 14, "parentMemberId": 1, "memberNameEn": "Special retirement conditions unknown", "memberNameFr": "Conditions de retraite sp\u00e9ciale non connues", "classificationCode": null, "classificationTypeCode": null, "geoLevel": null, "vintage": null, "terminated": 0, "memberUomCode": null}]}, {"dimensionPositionId": 4, "dimensionNameEn": "Plans, active members and market value of assets", "dimensionNameFr": "R\u00e9gimes, adh\u00e9rents actifs et valeur marchande de l'actif", "hasUom": false, "member": [{"memberId": 1, "parentMemberId": null, "memberNameEn": "Plans", "memberNameFr": "R\u00e9gimes", "classificationCode": null, "classificationTypeCode": null, "geoLevel": null, "vintage": null, "terminated": 0, "memberUomCode": null}, {"memberId": 2, "parentMemberId": null, "memberNameEn": "Active members, both sexes", "memberNameFr": "Adh\u00e9rents actifs, les deux sexes", "classificationCode": null, "classificationTypeCode": null, "geoLevel": null, "vintage": null, "terminated": 0, "memberUomCode": null}, {"memberId": 3, "parentMemberId": 2, "memberNameEn": "Active members, males", "memberNameFr": "Adh\u00e9rents actifs, hommes", "classificationCode": null, "classificationTypeCode": null, "geoLevel": null, "vintage": null, "terminated": 0, "memberUomCode": null}, {"memberId": 4, "parentMemberId": 2, "memberNameEn": "Active members, females", "memberNameFr": "Adh\u00e9rents actifs, femmes", "classificationCode": null, "classificationTypeCode": null, "geoLevel": null, "vintage": null, "terminated": 0, "memberUomCode": null}, {"memberId": 5, "parentMemberId": null, "memberNameEn": "Market value of assets", "memberNameFr": "Valeur marchande de l'actif", "classificationCode": null, "classificationTypeCode": null, "geoLevel": null, "vintage": null, "terminated": 0, "memberUomCode": null}]}, {"dimensionPositionId": 5, "dimensionNameEn": "Statistics", "dimensionNameFr": "Statistiques", "hasUom": true, "member": [{"memberId": 1, "parentMemberId": null, "memberNameEn": "Number", "memberNameFr": "Nombre", "classificationCode": null, "classificationTypeCode": null, "geoLevel": null, "vintage": null, "terminated": 0, "memberUomCode": 223}, {"memberId": 2, "parentMemberId": null, "memberNameEn": "Percent", "memberNameFr": "Pourcentage", "classificationCode": null, "classificationTypeCode": null, "geoLevel": null, "vintage": null, "terminated": 0, "memberUomCode": 239}, {"memberId": 3, "parentMemberId": null, "memberNameEn": "Dollars", "memberNameFr": "Dollars", "classificationCode": null, "classificationTypeCode": null, "geoLevel": null, "vintage": null, "terminated": 0, "memberUomCode": 81}]}]