[{"dimensionPositionId": 1, "dimensionNameEn": "Geography", "dimensionNameFr": "G\u00e9ographie", "hasUom": false, "member": [{"memberId": 1, "parentMemberId": null, "memberNameEn": "Canada", "memberNameFr": "Canada", "classificationCode": "11124", "classificationTypeCode": "1", "geoLevel": 0, "vintage": 2016, "terminated": 0, "memberUomCode": null}]}, {"dimensionPositionId": 2, "dimensionNameEn": "Economic family type", "dimensionNameFr": "Type de famille \u00e9conomique", "hasUom": false, "member": [{"memberId": 1, "parentMemberId": null, "memberNameEn": "Economic families with children", "memberNameFr": "Familles \u00e9conomiques avec des enfants", "classificationCode": null, "classificationTypeCode": null, "geoLevel": null, "vintage": null, "terminated": 0, "memberUomCode": null}, {"memberId": 2, "parentMemberId": 1, "memberNameEn": "Couples with children", "memberNameFr": "Couples avec des enfants", "classificationCode": null, "classificationTypeCode": null, "geoLevel": null, "vintage": null, "terminated": 0, "memberUomCode": null}, {"memberId": 3, "parentMemberId": 1, "memberNameEn": "Lone-parent families", "memberNameFr": "Familles monoparentales", "classificationCode": null, "classificationTypeCode": null, "geoLevel": null, "vintage": null, "terminated": 0, "memberUomCode": null}, {"memberId": 4, "parentMemberId": 3, "memberNameEn": "Male lone-parent families", "memberNameFr": "Familles monoparentales ayant un homme \u00e0 leur t\u00eate", "classificationCode": null, "classificationTypeCode": null, "geoLevel": null, "vintage": null, "terminated": 0, "memberUomCode": null}, {"memberId": 5, "parentMemberId": 3, "memberNameEn": "Female lone-parent families", "memberNameFr": "Familles monoparentales ayant une femme \u00e0 leur t\u00eate", "classificationCode": null, "classificationTypeCode": null, "geoLevel": null, "vintage": null, "terminated": 0, "memberUomCode": null}]}, {"dimensionPositionId": 3, "dimensionNameEn": "Age of youngest child", "dimensionNameFr": "\u00c2ge du plus jeune enfant", "hasUom": false, "member": [{"memberId": 1, "parentMemberId": null, "memberNameEn": "Youngest child aged 12 years or less", "memberNameFr": "Plus jeune enfant \u00e2g\u00e9 de 12 ans ou moins", "classificationCode": null, "classificationTypeCode": null, "geoLevel": null, "vintage": null, "terminated": 0, "memberUomCode": null}, {"memberId": 2, "parentMemberId": null, "memberNameEn": "Youngest child aged 5 years or less", "memberNameFr": "Plus jeune enfant \u00e2g\u00e9 de 5 ans ou moins", "classificationCode": null, "classificationTypeCode": null, "geoLevel": null, "vintage": null, "terminated": 0, "memberUomCode": null}]}, {"dimensionPositionId": 4, "dimensionNameEn": "Statistics", "dimensionNameFr": "Statistiques", "hasUom": true, "member": [{"memberId": 1, "parentMemberId": null, "memberNameEn": "Percentage of families with child care expenses", "memberNameFr": "Pourcentage de familles ayant des frais de garde d'enfants", "classificationCode": null, "classificationTypeCode": null, "geoLevel": null, "vintage": null, "terminated": 0, "memberUomCode": 239}, {"memberId": 2, "parentMemberId": null, "memberNameEn": "Average after-tax income", "memberNameFr": "Revenu moyen apr\u00e8s imp\u00f4t", "classificationCode": null, "classificationTypeCode": null, "geoLevel": null, "vintage": null, "terminated": 0, "memberUomCode": 404}, {"memberId": 3, "parentMemberId": null, "memberNameEn": "Average child care expenses", "memberNameFr": "Frais de garde d'enfants moyens", "classificationCode": null, "classificationTypeCode": null, "geoLevel": null, "vintage": null, "terminated": 0, "memberUomCode": 404}, {"memberId": 4, "parentMemberId": null, "memberNameEn": "Average proportion of after-tax income spent on child care", "memberNameFr": "Proportion moyenne du revenu apr\u00e8s imp\u00f4t d\u00e9pens\u00e9 en frais de garde d'enfants", "classificationCode": null, "classificationTypeCode": null, "geoLevel": null, "vintage": null, "terminated": 0, "memberUomCode": 239}, {"memberId": 5, "parentMemberId": null, "memberNameEn": "Average child care expenses (excluding zeros)\n", "memberNameFr": "Frais de garde d'enfants moyens (excluant les z\u00e9ros)", "classificationCode": null, "classificationTypeCode": null, "geoLevel": null, "vintage": null, "terminated": 0, "memberUomCode": 404}, {"memberId": 6, "parentMemberId": null, "memberNameEn": "Average proportion of after-tax income spent on child care (excluding zeros)", "memberNameFr": "Proportion moyenne du revenu apr\u00e8s imp\u00f4t d\u00e9pens\u00e9 en frais de garde d'enfants (excluant les z\u00e9ros)", "classificationCode": null, "classificationTypeCode": null, "geoLevel": null, "vintage": null, "terminated": 0, "memberUomCode": 239}]}]