[{"dimensionPositionId": 1, "dimensionNameEn": "Geography", "dimensionNameFr": "G\u00e9ographie", "hasUom": false, "member": [{"memberId": 1, "parentMemberId": null, "memberNameEn": "Canada", "memberNameFr": "Canada", "classificationCode": "11124", "classificationTypeCode": "1", "geoLevel": 0, "vintage": 2016, "terminated": 0, "memberUomCode": null}, {"memberId": 2, "parentMemberId": 1, "memberNameEn": "Atlantic provinces", "memberNameFr": "Provinces de l'Atlantique", "classificationCode": "1", "classificationTypeCode": "1", "geoLevel": 1, "vintage": 2016, "terminated": 0, "memberUomCode": null}, {"memberId": 3, "parentMemberId": 2, "memberNameEn": "Newfoundland and Labrador", "memberNameFr": "Terre-Neuve-et-Labrador", "classificationCode": "10", "classificationTypeCode": "1", "geoLevel": 2, "vintage": 2016, "terminated": 0, "memberUomCode": null}, {"memberId": 4, "parentMemberId": 2, "memberNameEn": "Prince Edward Island", "memberNameFr": "\u00cele-du-Prince-\u00c9douard", "classificationCode": "11", "classificationTypeCode": "1", "geoLevel": 2, "vintage": 2016, "terminated": 0, "memberUomCode": null}, {"memberId": 5, "parentMemberId": 2, "memberNameEn": "Nova Scotia", "memberNameFr": "Nouvelle-\u00c9cosse", "classificationCode": "12", "classificationTypeCode": "1", "geoLevel": 2, "vintage": 2016, "terminated": 0, "memberUomCode": null}, {"memberId": 6, "parentMemberId": 2, "memberNameEn": "New Brunswick", "memberNameFr": "Nouveau-Brunswick", "classificationCode": "13", "classificationTypeCode": "1", "geoLevel": 2, "vintage": 2016, "terminated": 0, "memberUomCode": null}, {"memberId": 7, "parentMemberId": 1, "memberNameEn": "Quebec", "memberNameFr": "Qu\u00e9bec", "classificationCode": "24", "classificationTypeCode": "1", "geoLevel": 2, "vintage": 2016, "terminated": 0, "memberUomCode": null}, {"memberId": 8, "parentMemberId": 1, "memberNameEn": "Ontario", "memberNameFr": "Ontario", "classificationCode": "35", "classificationTypeCode": "1", "geoLevel": 2, "vintage": 2016, "terminated": 0, "memberUomCode": null}, {"memberId": 9, "parentMemberId": 1, "memberNameEn": "Prairie provinces", "memberNameFr": "Provinces des Prairies", "classificationCode": "4", "classificationTypeCode": "1", "geoLevel": 1, "vintage": 2016, "terminated": 0, "memberUomCode": null}, {"memberId": 10, "parentMemberId": 9, "memberNameEn": "Manitoba", "memberNameFr": "Manitoba", "classificationCode": "46", "classificationTypeCode": "1", "geoLevel": 2, "vintage": 2016, "terminated": 0, "memberUomCode": null}, {"memberId": 11, "parentMemberId": 9, "memberNameEn": "Saskatchewan", "memberNameFr": "Saskatchewan", "classificationCode": "47", "classificationTypeCode": "1", "geoLevel": 2, "vintage": 2016, "terminated": 0, "memberUomCode": null}, {"memberId": 12, "parentMemberId": 9, "memberNameEn": "Alberta", "memberNameFr": "Alberta", "classificationCode": "48", "classificationTypeCode": "1", "geoLevel": 2, "vintage": 2016, "terminated": 0, "memberUomCode": null}, {"memberId": 13, "parentMemberId": 1, "memberNameEn": "British Columbia", "memberNameFr": "Colombie-Britannique", "classificationCode": "59", "classificationTypeCode": "1", "geoLevel": 2, "vintage": 2016, "terminated": 0, "memberUomCode": null}, {"memberId": 14, "parentMemberId": 1, "memberNameEn": "Qu\u00e9bec, Quebec", "memberNameFr": "Qu\u00e9bec, Qu\u00e9bec", "classificationCode": "421", "classificationTypeCode": "1", "geoLevel": 503, "vintage": 2011, "terminated": 0, "memberUomCode": null}, {"memberId": 15, "parentMemberId": 1, "memberNameEn": "Montr\u00e9al, Quebec", "memberNameFr": "Montr\u00e9al, Qu\u00e9bec", "classificationCode": "462", "classificationTypeCode": "1", "geoLevel": 503, "vintage": 2011, "terminated": 0, "memberUomCode": null}, {"memberId": 16, "parentMemberId": 1, "memberNameEn": "Ottawa-Gatineau, Ontario/Quebec", "memberNameFr": "Ottawa-Gatineau, Ontario/Qu\u00e9bec", "classificationCode": "505", "classificationTypeCode": "1", "geoLevel": 503, "vintage": 2011, "terminated": 0, "memberUomCode": null}, {"memberId": 17, "parentMemberId": 1, "memberNameEn": "Toronto, Ontario", "memberNameFr": "Toronto, Ontario", "classificationCode": "535", "classificationTypeCode": "1", "geoLevel": 503, "vintage": 2011, "terminated": 0, "memberUomCode": null}, {"memberId": 18, "parentMemberId": 1, "memberNameEn": "Winnipeg, Manitoba", "memberNameFr": "Winnipeg, Manitoba", "classificationCode": "602", "classificationTypeCode": "1", "geoLevel": 503, "vintage": 2011, "terminated": 0, "memberUomCode": null}, {"memberId": 19, "parentMemberId": 1, "memberNameEn": "Calgary, Alberta", "memberNameFr": "Calgary, Alberta", "classificationCode": "825", "classificationTypeCode": "1", "geoLevel": 503, "vintage": 2011, "terminated": 0, "memberUomCode": null}, {"memberId": 20, "parentMemberId": 1, "memberNameEn": "Edmonton, Alberta", "memberNameFr": "Edmonton, Alberta", "classificationCode": "835", "classificationTypeCode": "1", "geoLevel": 503, "vintage": 2011, "terminated": 0, "memberUomCode": null}, {"memberId": 21, "parentMemberId": 1, "memberNameEn": "Vancouver, British Columbia", "memberNameFr": "Vancouver, Colombie-Britannique", "classificationCode": "933", "classificationTypeCode": "1", "geoLevel": 503, "vintage": 2011, "terminated": 0, "memberUomCode": null}]}, {"dimensionPositionId": 2, "dimensionNameEn": "Persons in low income", "dimensionNameFr": "Personnes \u00e0 faible revenu", "hasUom": false, "member": [{"memberId": 1, "parentMemberId": null, "memberNameEn": "All persons", "memberNameFr": "Toutes les personnes", "classificationCode": null, "classificationTypeCode": null, "geoLevel": null, "vintage": null, "terminated": 0, "memberUomCode": null}, {"memberId": 2, "parentMemberId": 1, "memberNameEn": "Persons under 18 years", "memberNameFr": "Personnes de moins de 18 ans", "classificationCode": null, "classificationTypeCode": null, "geoLevel": null, "vintage": null, "terminated": 0, "memberUomCode": null}, {"memberId": 3, "parentMemberId": 1, "memberNameEn": "Persons 18 to 64 years", "memberNameFr": "Personnes de 18 \u00e0 64 ans", "classificationCode": null, "classificationTypeCode": null, "geoLevel": null, "vintage": null, "terminated": 0, "memberUomCode": null}, {"memberId": 4, "parentMemberId": 1, "memberNameEn": "Persons 65 years and over", "memberNameFr": "Personnes de 65 ans et plus", "classificationCode": null, "classificationTypeCode": null, "geoLevel": null, "vintage": null, "terminated": 0, "memberUomCode": null}, {"memberId": 5, "parentMemberId": null, "memberNameEn": "Males", "memberNameFr": "Hommes", "classificationCode": null, "classificationTypeCode": null, "geoLevel": null, "vintage": null, "terminated": 0, "memberUomCode": null}, {"memberId": 6, "parentMemberId": 5, "memberNameEn": "Males, under 18 years", "memberNameFr": "Hommes, moins de 18 ans", "classificationCode": null, "classificationTypeCode": null, "geoLevel": null, "vintage": null, "terminated": 0, "memberUomCode": null}, {"memberId": 7, "parentMemberId": 5, "memberNameEn": "Males, 18 to 64 years", "memberNameFr": "Hommes, 18 \u00e0 64 ans", "classificationCode": null, "classificationTypeCode": null, "geoLevel": null, "vintage": null, "terminated": 0, "memberUomCode": null}, {"memberId": 8, "parentMemberId": 5, "memberNameEn": "Males, 65 years and over", "memberNameFr": "Hommes, 65 ans et plus", "classificationCode": null, "classificationTypeCode": null, "geoLevel": null, "vintage": null, "terminated": 0, "memberUomCode": null}, {"memberId": 9, "parentMemberId": null, "memberNameEn": "Females", "memberNameFr": "Femmes", "classificationCode": null, "classificationTypeCode": null, "geoLevel": null, "vintage": null, "terminated": 0, "memberUomCode": null}, {"memberId": 10, "parentMemberId": 9, "memberNameEn": "Females, under 18 years", "memberNameFr": "Femmes, moins de 18 ans", "classificationCode": null, "classificationTypeCode": null, "geoLevel": null, "vintage": null, "terminated": 0, "memberUomCode": null}, {"memberId": 11, "parentMemberId": 9, "memberNameEn": "Females, 18 to 64 years", "memberNameFr": "Femmes, 18 \u00e0 64 ans", "classificationCode": null, "classificationTypeCode": null, "geoLevel": null, "vintage": null, "terminated": 0, "memberUomCode": null}, {"memberId": 12, "parentMemberId": 9, "memberNameEn": "Females, 65 years and over", "memberNameFr": "Femmes, 65 ans et plus", "classificationCode": null, "classificationTypeCode": null, "geoLevel": null, "vintage": null, "terminated": 0, "memberUomCode": null}, {"memberId": 13, "parentMemberId": null, "memberNameEn": "Persons in economic families", "memberNameFr": "Personnes dans les familles \u00e9conomiques", "classificationCode": null, "classificationTypeCode": null, "geoLevel": null, "vintage": null, "terminated": 0, "memberUomCode": null}, {"memberId": 14, "parentMemberId": 13, "memberNameEn": "Males in economic families", "memberNameFr": "Hommes dans les familles \u00e9conomiques", "classificationCode": null, "classificationTypeCode": null, "geoLevel": null, "vintage": null, "terminated": 0, "memberUomCode": null}, {"memberId": 15, "parentMemberId": 13, "memberNameEn": "Females in economic families", "memberNameFr": "Femmes dans les familles \u00e9conomiques", "classificationCode": null, "classificationTypeCode": null, "geoLevel": null, "vintage": null, "terminated": 0, "memberUomCode": null}, {"memberId": 16, "parentMemberId": 13, "memberNameEn": "Elderly persons in economic families", "memberNameFr": "Personnes \u00e2g\u00e9es dans les familles \u00e9conomiques", "classificationCode": null, "classificationTypeCode": null, "geoLevel": null, "vintage": null, "terminated": 0, "memberUomCode": null}, {"memberId": 17, "parentMemberId": 16, "memberNameEn": "Elderly males in economic families", "memberNameFr": "Hommes \u00e2g\u00e9s dans les familles \u00e9conomiques", "classificationCode": null, "classificationTypeCode": null, "geoLevel": null, "vintage": null, "terminated": 0, "memberUomCode": null}, {"memberId": 18, "parentMemberId": 16, "memberNameEn": "Elderly females in economic families", "memberNameFr": "Femmes \u00e2g\u00e9es dans les familles \u00e9conomiques", "classificationCode": null, "classificationTypeCode": null, "geoLevel": null, "vintage": null, "terminated": 0, "memberUomCode": null}, {"memberId": 19, "parentMemberId": 13, "memberNameEn": "Persons under 18 years in economic families", "memberNameFr": "Personnes de moins de 18 ans dans les familles \u00e9conomiques", "classificationCode": null, "classificationTypeCode": null, "geoLevel": null, "vintage": null, "terminated": 0, "memberUomCode": null}, {"memberId": 20, "parentMemberId": 19, "memberNameEn": "Persons under 18 years in couple families with children", "memberNameFr": "Personnes de moins de 18 ans dans les familles comptant un couple avec des enfants", "classificationCode": null, "classificationTypeCode": null, "geoLevel": null, "vintage": null, "terminated": 0, "memberUomCode": null}, {"memberId": 21, "parentMemberId": 19, "memberNameEn": "Persons under 18 years in female lone-parent families", "memberNameFr": "Personnes de moins de 18 ans dans les familles monoparentales ayant une femme \u00e0 leur t\u00eate", "classificationCode": null, "classificationTypeCode": null, "geoLevel": null, "vintage": null, "terminated": 0, "memberUomCode": null}, {"memberId": 22, "parentMemberId": 19, "memberNameEn": "Persons under 18 years in all other economic families", "memberNameFr": "Personnes de moins de 18 ans dans l'ensemble des autres familles \u00e9conomiques", "classificationCode": null, "classificationTypeCode": null, "geoLevel": null, "vintage": null, "terminated": 0, "memberUomCode": null}, {"memberId": 23, "parentMemberId": 13, "memberNameEn": "Persons 18 to 64 years in economic families", "memberNameFr": "Personnes de 18 \u00e0 64 ans dans les familles \u00e9conomiques", "classificationCode": null, "classificationTypeCode": null, "geoLevel": null, "vintage": null, "terminated": 0, "memberUomCode": null}, {"memberId": 24, "parentMemberId": 23, "memberNameEn": "Males 18 to 64 years in economic families", "memberNameFr": "Hommes de 18 \u00e0 64 ans dans les familles \u00e9conomiques", "classificationCode": null, "classificationTypeCode": null, "geoLevel": null, "vintage": null, "terminated": 0, "memberUomCode": null}, {"memberId": 25, "parentMemberId": 23, "memberNameEn": "Females 18 to 64 years in economic families", "memberNameFr": "Femmes de 18 \u00e0 64 ans dans les familles \u00e9conomiques", "classificationCode": null, "classificationTypeCode": null, "geoLevel": null, "vintage": null, "terminated": 0, "memberUomCode": null}, {"memberId": 26, "parentMemberId": null, "memberNameEn": "Persons not in an economic family", "memberNameFr": "Personnes hors famille \u00e9conomique", "classificationCode": null, "classificationTypeCode": null, "geoLevel": null, "vintage": null, "terminated": 0, "memberUomCode": null}, {"memberId": 27, "parentMemberId": 26, "memberNameEn": "Males not in an economic family", "memberNameFr": "Hommes hors famille \u00e9conomique", "classificationCode": null, "classificationTypeCode": null, "geoLevel": null, "vintage": null, "terminated": 0, "memberUomCode": null}, {"memberId": 28, "parentMemberId": 26, "memberNameEn": "Females not in an economic family", "memberNameFr": "Femmes hors famille \u00e9conomique", "classificationCode": null, "classificationTypeCode": null, "geoLevel": null, "vintage": null, "terminated": 0, "memberUomCode": null}, {"memberId": 29, "parentMemberId": 26, "memberNameEn": "Elderly persons not in an economic family", "memberNameFr": "Personnes \u00e2g\u00e9es hors famille \u00e9conomique", "classificationCode": null, "classificationTypeCode": null, "geoLevel": null, "vintage": null, "terminated": 0, "memberUomCode": null}, {"memberId": 30, "parentMemberId": 29, "memberNameEn": "Elderly males not in an economic family", "memberNameFr": "Hommes \u00e2g\u00e9s hors famille \u00e9conomique", "classificationCode": null, "classificationTypeCode": null, "geoLevel": null, "vintage": null, "terminated": 0, "memberUomCode": null}, {"memberId": 31, "parentMemberId": 29, "memberNameEn": "Elderly females not in an economic family", "memberNameFr": "Femmes \u00e2g\u00e9es hors famille \u00e9conomique", "classificationCode": null, "classificationTypeCode": null, "geoLevel": null, "vintage": null, "terminated": 0, "memberUomCode": null}, {"memberId": 32, "parentMemberId": 26, "memberNameEn": "Non-elderly persons not in an economic family", "memberNameFr": "Personnes non \u00e2g\u00e9es hors famille \u00e9conomique", "classificationCode": null, "classificationTypeCode": null, "geoLevel": null, "vintage": null, "terminated": 0, "memberUomCode": null}, {"memberId": 33, "parentMemberId": 32, "memberNameEn": "Non-elderly males not in an economic family", "memberNameFr": "Hommes non \u00e2g\u00e9s hors famille \u00e9conomique", "classificationCode": null, "classificationTypeCode": null, "geoLevel": null, "vintage": null, "terminated": 0, "memberUomCode": null}, {"memberId": 34, "parentMemberId": 32, "memberNameEn": "Non-elderly females not in an economic family", "memberNameFr": "Femmes non \u00e2g\u00e9es hors famille \u00e9conomique", "classificationCode": null, "classificationTypeCode": null, "geoLevel": null, "vintage": null, "terminated": 0, "memberUomCode": null}]}, {"dimensionPositionId": 3, "dimensionNameEn": "Low income lines", "dimensionNameFr": "Lignes de faible revenu", "hasUom": false, "member": [{"memberId": 1, "parentMemberId": null, "memberNameEn": "Low income measure after tax", "memberNameFr": "Mesure de faible revenu apr\u00e8s imp\u00f4t", "classificationCode": null, "classificationTypeCode": null, "geoLevel": null, "vintage": null, "terminated": 0, "memberUomCode": null}, {"memberId": 2, "parentMemberId": null, "memberNameEn": "Low income cut-offs after tax, 1992 base", "memberNameFr": "Seuils de faible revenu apr\u00e8s imp\u00f4t, base de 1992", "classificationCode": null, "classificationTypeCode": null, "geoLevel": null, "vintage": null, "terminated": 0, "memberUomCode": null}, {"memberId": 3, "parentMemberId": null, "memberNameEn": "Low income cut-offs before tax, 1992 base", "memberNameFr": "Seuils de faible revenu avant imp\u00f4t, base de 1992", "classificationCode": null, "classificationTypeCode": null, "geoLevel": null, "vintage": null, "terminated": 0, "memberUomCode": null}, {"memberId": 6, "parentMemberId": null, "memberNameEn": "Market basket measure, 2018 base", "memberNameFr": "Mesure du panier de consommation, base de 2018", "classificationCode": null, "classificationTypeCode": null, "geoLevel": null, "vintage": null, "terminated": 0, "memberUomCode": null}, {"memberId": 4, "parentMemberId": null, "memberNameEn": "Market basket measure, 2008 base", "memberNameFr": "Mesure du panier de consommation, base de 2008", "classificationCode": null, "classificationTypeCode": null, "geoLevel": null, "vintage": null, "terminated": 0, "memberUomCode": null}, {"memberId": 5, "parentMemberId": null, "memberNameEn": "Market basket measure, 2000 base", "memberNameFr": "Mesure du panier de consommation, base de 2000", "classificationCode": null, "classificationTypeCode": null, "geoLevel": null, "vintage": null, "terminated": 0, "memberUomCode": null}]}, {"dimensionPositionId": 4, "dimensionNameEn": "Statistics", "dimensionNameFr": "Statistiques", "hasUom": true, "member": [{"memberId": 1, "parentMemberId": null, "memberNameEn": "Number of persons in low income", "memberNameFr": "Nombre de personnes \u00e0 faible revenu", "classificationCode": null, "classificationTypeCode": null, "geoLevel": null, "vintage": null, "terminated": 0, "memberUomCode": 223}, {"memberId": 2, "parentMemberId": null, "memberNameEn": "Percentage of persons in low income", "memberNameFr": "Pourcentage de personnes \u00e0 faible revenu", "classificationCode": null, "classificationTypeCode": null, "geoLevel": null, "vintage": null, "terminated": 0, "memberUomCode": 239}, {"memberId": 3, "parentMemberId": null, "memberNameEn": "Average gap ratio", "memberNameFr": "\u00c9cart relatif moyen", "classificationCode": null, "classificationTypeCode": null, "geoLevel": null, "vintage": null, "terminated": 0, "memberUomCode": 239}]}]