[{"dimensionPositionId": 1, "dimensionNameEn": "Geography", "dimensionNameFr": "G\u00e9ographie", "hasUom": false, "member": [{"memberId": 1, "parentMemberId": null, "memberNameEn": "Canada", "memberNameFr": "Canada", "classificationCode": "11124", "classificationTypeCode": "1", "geoLevel": 0, "vintage": 2016, "terminated": 0, "memberUomCode": null}, {"memberId": 2, "parentMemberId": 1, "memberNameEn": "Newfoundland and Labrador", "memberNameFr": "Terre-Neuve-et-Labrador", "classificationCode": "10", "classificationTypeCode": "1", "geoLevel": 2, "vintage": 2016, "terminated": 0, "memberUomCode": null}, {"memberId": 3, "parentMemberId": 1, "memberNameEn": "Prince Edward Island", "memberNameFr": "\u00cele-du-Prince-\u00c9douard", "classificationCode": "11", "classificationTypeCode": "1", "geoLevel": 2, "vintage": 2016, "terminated": 0, "memberUomCode": null}, {"memberId": 4, "parentMemberId": 1, "memberNameEn": "Nova Scotia", "memberNameFr": "Nouvelle-\u00c9cosse", "classificationCode": "12", "classificationTypeCode": "1", "geoLevel": 2, "vintage": 2016, "terminated": 0, "memberUomCode": null}, {"memberId": 5, "parentMemberId": 1, "memberNameEn": "New Brunswick", "memberNameFr": "Nouveau-Brunswick", "classificationCode": "13", "classificationTypeCode": "1", "geoLevel": 2, "vintage": 2016, "terminated": 0, "memberUomCode": null}, {"memberId": 6, "parentMemberId": 1, "memberNameEn": "Quebec", "memberNameFr": "Qu\u00e9bec", "classificationCode": "24", "classificationTypeCode": "1", "geoLevel": 2, "vintage": 2016, "terminated": 0, "memberUomCode": null}, {"memberId": 7, "parentMemberId": 1, "memberNameEn": "Ontario", "memberNameFr": "Ontario", "classificationCode": "35", "classificationTypeCode": "1", "geoLevel": 2, "vintage": 2016, "terminated": 0, "memberUomCode": null}, {"memberId": 8, "parentMemberId": 1, "memberNameEn": "Manitoba", "memberNameFr": "Manitoba", "classificationCode": "46", "classificationTypeCode": "1", "geoLevel": 2, "vintage": 2016, "terminated": 0, "memberUomCode": null}, {"memberId": 9, "parentMemberId": 1, "memberNameEn": "Saskatchewan", "memberNameFr": "Saskatchewan", "classificationCode": "47", "classificationTypeCode": "1", "geoLevel": 2, "vintage": 2016, "terminated": 0, "memberUomCode": null}, {"memberId": 10, "parentMemberId": 1, "memberNameEn": "Alberta", "memberNameFr": "Alberta", "classificationCode": "48", "classificationTypeCode": "1", "geoLevel": 2, "vintage": 2016, "terminated": 0, "memberUomCode": null}, {"memberId": 11, "parentMemberId": 1, "memberNameEn": "British Columbia", "memberNameFr": "Colombie-Britannique", "classificationCode": "59", "classificationTypeCode": "1", "geoLevel": 2, "vintage": 2016, "terminated": 0, "memberUomCode": null}, {"memberId": 12, "parentMemberId": 1, "memberNameEn": "Yukon", "memberNameFr": "Yukon", "classificationCode": "60", "classificationTypeCode": "1", "geoLevel": 2, "vintage": 2016, "terminated": 0, "memberUomCode": null}, {"memberId": 13, "parentMemberId": 1, "memberNameEn": "Northwest Territories including Nunavut", "memberNameFr": "Territoires du Nord-Ouest incluant Nunavut", "classificationCode": null, "classificationTypeCode": null, "geoLevel": null, "vintage": null, "terminated": 0, "memberUomCode": null}, {"memberId": 14, "parentMemberId": 1, "memberNameEn": "Northwest Territories", "memberNameFr": "Territoires du Nord-Ouest", "classificationCode": "61", "classificationTypeCode": "1", "geoLevel": 2, "vintage": 2016, "terminated": 0, "memberUomCode": null}, {"memberId": 15, "parentMemberId": 1, "memberNameEn": "Nunavut", "memberNameFr": "Nunavut", "classificationCode": "62", "classificationTypeCode": "1", "geoLevel": 2, "vintage": 2016, "terminated": 0, "memberUomCode": null}, {"memberId": 16, "parentMemberId": 1, "memberNameEn": "Government abroad", "memberNameFr": "Gouvernement \u00e0 l'\u00e9tranger", "classificationCode": null, "classificationTypeCode": null, "geoLevel": null, "vintage": null, "terminated": 0, "memberUomCode": null}]}, {"dimensionPositionId": 2, "dimensionNameEn": "Trade flow detail", "dimensionNameFr": "D\u00e9tail des flux du commerce", "hasUom": false, "member": [{"memberId": 1, "parentMemberId": null, "memberNameEn": "Total supply and demand", "memberNameFr": "Total, offre et demande", "classificationCode": null, "classificationTypeCode": null, "geoLevel": null, "vintage": null, "terminated": 0, "memberUomCode": null}, {"memberId": 2, "parentMemberId": 1, "memberNameEn": "Total demand", "memberNameFr": "Total, demande", "classificationCode": null, "classificationTypeCode": null, "geoLevel": null, "vintage": null, "terminated": 0, "memberUomCode": null}, {"memberId": 3, "parentMemberId": 1, "memberNameEn": "Total supply", "memberNameFr": "L'offre totale", "classificationCode": null, "classificationTypeCode": null, "geoLevel": null, "vintage": null, "terminated": 0, "memberUomCode": null}, {"memberId": 4, "parentMemberId": 3, "memberNameEn": "To Newfoundland and Labrador", "memberNameFr": "\u00c0 Terre-Neuve-et-Labrador", "classificationCode": null, "classificationTypeCode": null, "geoLevel": null, "vintage": null, "terminated": 0, "memberUomCode": null}, {"memberId": 5, "parentMemberId": 3, "memberNameEn": "To Prince Edward Island", "memberNameFr": "\u00c0 l'\u00cele-du-Prince-\u00c9douard", "classificationCode": null, "classificationTypeCode": null, "geoLevel": null, "vintage": null, "terminated": 0, "memberUomCode": null}, {"memberId": 6, "parentMemberId": 3, "memberNameEn": "To Nova Scotia", "memberNameFr": "En Nouvelle-\u00c9cosse", "classificationCode": null, "classificationTypeCode": null, "geoLevel": null, "vintage": null, "terminated": 0, "memberUomCode": null}, {"memberId": 7, "parentMemberId": 3, "memberNameEn": "To New Brunswick", "memberNameFr": "Au Nouveau-Brunswick", "classificationCode": null, "classificationTypeCode": null, "geoLevel": null, "vintage": null, "terminated": 0, "memberUomCode": null}, {"memberId": 8, "parentMemberId": 3, "memberNameEn": "To Quebec", "memberNameFr": "Au Qu\u00e9bec", "classificationCode": null, "classificationTypeCode": null, "geoLevel": null, "vintage": null, "terminated": 0, "memberUomCode": null}, {"memberId": 9, "parentMemberId": 3, "memberNameEn": "To Ontario", "memberNameFr": "En Ontario", "classificationCode": null, "classificationTypeCode": null, "geoLevel": null, "vintage": null, "terminated": 0, "memberUomCode": null}, {"memberId": 10, "parentMemberId": 3, "memberNameEn": "To Manitoba", "memberNameFr": "Au Manitoba", "classificationCode": null, "classificationTypeCode": null, "geoLevel": null, "vintage": null, "terminated": 0, "memberUomCode": null}, {"memberId": 11, "parentMemberId": 3, "memberNameEn": "To Saskatchewan", "memberNameFr": "En Saskatchewan", "classificationCode": null, "classificationTypeCode": null, "geoLevel": null, "vintage": null, "terminated": 0, "memberUomCode": null}, {"memberId": 12, "parentMemberId": 3, "memberNameEn": "To Alberta", "memberNameFr": "En Alberta", "classificationCode": null, "classificationTypeCode": null, "geoLevel": null, "vintage": null, "terminated": 0, "memberUomCode": null}, {"memberId": 13, "parentMemberId": 3, "memberNameEn": "To British Columbia", "memberNameFr": "En Colombie-Britannique", "classificationCode": null, "classificationTypeCode": null, "geoLevel": null, "vintage": null, "terminated": 0, "memberUomCode": null}, {"memberId": 14, "parentMemberId": 3, "memberNameEn": "To Yukon", "memberNameFr": "Au Yukon", "classificationCode": null, "classificationTypeCode": null, "geoLevel": null, "vintage": null, "terminated": 0, "memberUomCode": null}, {"memberId": 15, "parentMemberId": 3, "memberNameEn": "To Northwest Territories (including Nunavut)", "memberNameFr": "Aux Territoires du Nord-Ouest (incluant nunavut)", "classificationCode": null, "classificationTypeCode": null, "geoLevel": null, "vintage": null, "terminated": 0, "memberUomCode": null}, {"memberId": 16, "parentMemberId": 3, "memberNameEn": "To Northwest Territories", "memberNameFr": "Aux Territoires du Nord-Ouest", "classificationCode": null, "classificationTypeCode": null, "geoLevel": null, "vintage": null, "terminated": 0, "memberUomCode": null}, {"memberId": 17, "parentMemberId": 3, "memberNameEn": "To Nunavut", "memberNameFr": "\u00c0 Nunavut", "classificationCode": null, "classificationTypeCode": null, "geoLevel": null, "vintage": null, "terminated": 0, "memberUomCode": null}, {"memberId": 18, "parentMemberId": 3, "memberNameEn": "To Government Abroad", "memberNameFr": "Gouvernement \u00e0 l'\u00e9tranger", "classificationCode": null, "classificationTypeCode": null, "geoLevel": null, "vintage": null, "terminated": 0, "memberUomCode": null}, {"memberId": 19, "parentMemberId": 3, "memberNameEn": "Interprovincial exports", "memberNameFr": "Exportations interprovinciales", "classificationCode": null, "classificationTypeCode": null, "geoLevel": null, "vintage": null, "terminated": 0, "memberUomCode": null}, {"memberId": 20, "parentMemberId": 3, "memberNameEn": "Interprovincial imports", "memberNameFr": "Importations interprovinviales", "classificationCode": null, "classificationTypeCode": null, "geoLevel": null, "vintage": null, "terminated": 0, "memberUomCode": null}, {"memberId": 21, "parentMemberId": 3, "memberNameEn": "International exports", "memberNameFr": "Exportations internationales", "classificationCode": null, "classificationTypeCode": null, "geoLevel": null, "vintage": null, "terminated": 0, "memberUomCode": null}, {"memberId": 22, "parentMemberId": 3, "memberNameEn": "International imports", "memberNameFr": "Importations internationales", "classificationCode": null, "classificationTypeCode": null, "geoLevel": null, "vintage": null, "terminated": 0, "memberUomCode": null}, {"memberId": 23, "parentMemberId": 3, "memberNameEn": "Re-export (Canada only)", "memberNameFr": "R\u00e9-exportations (Canada seulement)", "classificationCode": null, "classificationTypeCode": null, "geoLevel": null, "vintage": null, "terminated": 0, "memberUomCode": null}]}, {"dimensionPositionId": 3, "dimensionNameEn": "Goods and services", "dimensionNameFr": "Biens et services", "hasUom": true, "member": [{"memberId": 1, "parentMemberId": null, "memberNameEn": "Grains", "memberNameFr": "C\u00e9r\u00e9ales", "classificationCode": null, "classificationTypeCode": null, "geoLevel": null, "vintage": null, "terminated": 0, "memberUomCode": 81}, {"memberId": 2, "parentMemberId": null, "memberNameEn": "Other agricultural products", "memberNameFr": "Autres produits agricoles", "classificationCode": null, "classificationTypeCode": null, "geoLevel": null, "vintage": null, "terminated": 0, "memberUomCode": 81}, {"memberId": 3, "parentMemberId": null, "memberNameEn": "Forestry products", "memberNameFr": "Produits forestiers", "classificationCode": null, "classificationTypeCode": null, "geoLevel": null, "vintage": null, "terminated": 0, "memberUomCode": 81}, {"memberId": 4, "parentMemberId": null, "memberNameEn": "Fish, seafood and trapping products", "memberNameFr": "Poisson et fruits de mer, produits de la chasse", "classificationCode": null, "classificationTypeCode": null, "geoLevel": null, "vintage": null, "terminated": 0, "memberUomCode": 81}, {"memberId": 5, "parentMemberId": null, "memberNameEn": "Metal ores and concentrates", "memberNameFr": "Minerais et concentr\u00e9s de m\u00e9tal", "classificationCode": null, "classificationTypeCode": null, "geoLevel": null, "vintage": null, "terminated": 0, "memberUomCode": 81}, {"memberId": 6, "parentMemberId": null, "memberNameEn": "Mineral fuels", "memberNameFr": "Combustibles min\u00e9raux", "classificationCode": null, "classificationTypeCode": null, "geoLevel": null, "vintage": null, "terminated": 0, "memberUomCode": 81}, {"memberId": 7, "parentMemberId": null, "memberNameEn": "Non-metallic minerals", "memberNameFr": "Min\u00e9raux non-m\u00e9talliques", "classificationCode": null, "classificationTypeCode": null, "geoLevel": null, "vintage": null, "terminated": 0, "memberUomCode": 81}, {"memberId": 8, "parentMemberId": null, "memberNameEn": "Services incidental to mining", "memberNameFr": "Services relatifs \u00e0 l'extraction mini\u00e8re", "classificationCode": null, "classificationTypeCode": null, "geoLevel": null, "vintage": null, "terminated": 0, "memberUomCode": 81}, {"memberId": 9, "parentMemberId": null, "memberNameEn": "Meat, fish and dairy products", "memberNameFr": "Produits de la viande, poisson et laitiers", "classificationCode": null, "classificationTypeCode": null, "geoLevel": null, "vintage": null, "terminated": 0, "memberUomCode": 81}, {"memberId": 10, "parentMemberId": null, "memberNameEn": "Fruits, vegetables and other food products, feeds", "memberNameFr": "Fruits, l\u00e9gumes, autres produits alimentaires et aliments pour animaux", "classificationCode": null, "classificationTypeCode": null, "geoLevel": null, "vintage": null, "terminated": 0, "memberUomCode": 81}, {"memberId": 11, "parentMemberId": null, "memberNameEn": "Soft drinks and alcoholic beverages", "memberNameFr": "Boissons gazeuses et boissons alcoolis\u00e9es", "classificationCode": null, "classificationTypeCode": null, "geoLevel": null, "vintage": null, "terminated": 0, "memberUomCode": 81}, {"memberId": 12, "parentMemberId": null, "memberNameEn": "Tobacco and tobacco products", "memberNameFr": "Tabac et produits du tabac", "classificationCode": null, "classificationTypeCode": null, "geoLevel": null, "vintage": null, "terminated": 0, "memberUomCode": 81}, {"memberId": 13, "parentMemberId": null, "memberNameEn": "Leather, rubber and plastic products", "memberNameFr": "Produits en cuir, plastiques et en caoutchouc", "classificationCode": null, "classificationTypeCode": null, "geoLevel": null, "vintage": null, "terminated": 0, "memberUomCode": 81}, {"memberId": 14, "parentMemberId": null, "memberNameEn": "Textile products", "memberNameFr": "Produits textiles", "classificationCode": null, "classificationTypeCode": null, "geoLevel": null, "vintage": null, "terminated": 0, "memberUomCode": 81}, {"memberId": 15, "parentMemberId": null, "memberNameEn": "Hosiery, clothing and accessories", "memberNameFr": "Bas, v\u00eatements et accessoires", "classificationCode": null, "classificationTypeCode": null, "geoLevel": null, "vintage": null, "terminated": 0, "memberUomCode": 81}, {"memberId": 16, "parentMemberId": null, "memberNameEn": "Lumber and wood products", "memberNameFr": "Bois d'oeuvre et autres produits du bois", "classificationCode": null, "classificationTypeCode": null, "geoLevel": null, "vintage": null, "terminated": 0, "memberUomCode": 81}, {"memberId": 17, "parentMemberId": null, "memberNameEn": "Furniture and fixtures", "memberNameFr": "Meubles et articles d'ameublement", "classificationCode": null, "classificationTypeCode": null, "geoLevel": null, "vintage": null, "terminated": 0, "memberUomCode": 81}, {"memberId": 18, "parentMemberId": null, "memberNameEn": "Wood pulp, paper and paper products", "memberNameFr": "P\u00e2te de bois, papier et produits de papier", "classificationCode": null, "classificationTypeCode": null, "geoLevel": null, "vintage": null, "terminated": 0, "memberUomCode": 81}, {"memberId": 19, "parentMemberId": null, "memberNameEn": "Printing and publishing", "memberNameFr": "Impression et \u00e9dition", "classificationCode": null, "classificationTypeCode": null, "geoLevel": null, "vintage": null, "terminated": 0, "memberUomCode": 81}, {"memberId": 20, "parentMemberId": null, "memberNameEn": "Primary metal products", "memberNameFr": "Produits m\u00e9talliques de  premi\u00e8re transformation", "classificationCode": null, "classificationTypeCode": null, "geoLevel": null, "vintage": null, "terminated": 0, "memberUomCode": 81}, {"memberId": 21, "parentMemberId": null, "memberNameEn": "Other metal products", "memberNameFr": "Autres produits m\u00e9talliques", "classificationCode": null, "classificationTypeCode": null, "geoLevel": null, "vintage": null, "terminated": 0, "memberUomCode": 81}, {"memberId": 22, "parentMemberId": null, "memberNameEn": "Machinery and equipment", "memberNameFr": "Machines et mat\u00e9riel", "classificationCode": null, "classificationTypeCode": null, "geoLevel": null, "vintage": null, "terminated": 0, "memberUomCode": 81}, {"memberId": 23, "parentMemberId": null, "memberNameEn": "Motor vehicles, other transport equipment and parts", "memberNameFr": "V\u00e9hicules automobiles, autre mat\u00e9riel de transport et pi\u00e8ces", "classificationCode": null, "classificationTypeCode": null, "geoLevel": null, "vintage": null, "terminated": 0, "memberUomCode": 81}, {"memberId": 24, "parentMemberId": null, "memberNameEn": "Electrical, electronic and communications products", "memberNameFr": "Produits \u00e9lectriques, \u00e9lectroniques, et de communication", "classificationCode": null, "classificationTypeCode": null, "geoLevel": null, "vintage": null, "terminated": 0, "memberUomCode": 81}, {"memberId": 25, "parentMemberId": null, "memberNameEn": "Non-metallic mineral products", "memberNameFr": "Produits de min\u00e9raux non-m\u00e9tallique", "classificationCode": null, "classificationTypeCode": null, "geoLevel": null, "vintage": null, "terminated": 0, "memberUomCode": 81}, {"memberId": 26, "parentMemberId": null, "memberNameEn": "Petroleum and coal products", "memberNameFr": "Produits de p\u00e9trole et de charbon", "classificationCode": null, "classificationTypeCode": null, "geoLevel": null, "vintage": null, "terminated": 0, "memberUomCode": 81}, {"memberId": 27, "parentMemberId": null, "memberNameEn": "Chemicals, pharmaceuticals and chemical products", "memberNameFr": "Produits pharmaceutiques et chimiques", "classificationCode": null, "classificationTypeCode": null, "geoLevel": null, "vintage": null, "terminated": 0, "memberUomCode": 81}, {"memberId": 28, "parentMemberId": null, "memberNameEn": "Other manufactured products", "memberNameFr": "Autres produits manufactur\u00e9s", "classificationCode": null, "classificationTypeCode": null, "geoLevel": null, "vintage": null, "terminated": 0, "memberUomCode": 81}, {"memberId": 29, "parentMemberId": null, "memberNameEn": "Residential construction", "memberNameFr": "Construction de b\u00e2timents r\u00e9sidentiels", "classificationCode": null, "classificationTypeCode": null, "geoLevel": null, "vintage": null, "terminated": 0, "memberUomCode": 81}, {"memberId": 30, "parentMemberId": null, "memberNameEn": "Non-residential construction", "memberNameFr": "Construction non-r\u00e9sidentielle", "classificationCode": null, "classificationTypeCode": null, "geoLevel": null, "vintage": null, "terminated": 0, "memberUomCode": 81}, {"memberId": 31, "parentMemberId": null, "memberNameEn": "Repair construction", "memberNameFr": "Construction (r\u00e9paration)", "classificationCode": null, "classificationTypeCode": null, "geoLevel": null, "vintage": null, "terminated": 0, "memberUomCode": 81}, {"memberId": 32, "parentMemberId": null, "memberNameEn": "Transportation and storage", "memberNameFr": "Transport et entreposage", "classificationCode": null, "classificationTypeCode": null, "geoLevel": null, "vintage": null, "terminated": 0, "memberUomCode": 81}, {"memberId": 33, "parentMemberId": null, "memberNameEn": "Communications services", "memberNameFr": "Services de communications", "classificationCode": null, "classificationTypeCode": null, "geoLevel": null, "vintage": null, "terminated": 0, "memberUomCode": 81}, {"memberId": 34, "parentMemberId": null, "memberNameEn": "Other utilities", "memberNameFr": "Autres services publics", "classificationCode": null, "classificationTypeCode": null, "geoLevel": null, "vintage": null, "terminated": 0, "memberUomCode": 81}, {"memberId": 35, "parentMemberId": null, "memberNameEn": "Wholesaling margins", "memberNameFr": "Marges, sur le commerce de gros", "classificationCode": null, "classificationTypeCode": null, "geoLevel": null, "vintage": null, "terminated": 0, "memberUomCode": 81}, {"memberId": 36, "parentMemberId": null, "memberNameEn": "Retailing margins", "memberNameFr": "Marges, sur le commerce de d\u00e9tail", "classificationCode": null, "classificationTypeCode": null, "geoLevel": null, "vintage": null, "terminated": 0, "memberUomCode": 81}, {"memberId": 37, "parentMemberId": null, "memberNameEn": "Gross imputed rent", "memberNameFr": "Loyers bruts imput\u00e9s", "classificationCode": null, "classificationTypeCode": null, "geoLevel": null, "vintage": null, "terminated": 0, "memberUomCode": 81}, {"memberId": 38, "parentMemberId": null, "memberNameEn": "Other finance, insurance and real estate services", "memberNameFr": "Autres services financiers, d'assurances et d'immobiliers", "classificationCode": null, "classificationTypeCode": null, "geoLevel": null, "vintage": null, "terminated": 0, "memberUomCode": 81}, {"memberId": 39, "parentMemberId": null, "memberNameEn": "Business and computer services", "memberNameFr": "Services relatifs aux entreprises et informatiques", "classificationCode": null, "classificationTypeCode": null, "geoLevel": null, "vintage": null, "terminated": 0, "memberUomCode": 81}, {"memberId": 40, "parentMemberId": null, "memberNameEn": "Private education services", "memberNameFr": "Services d'enseignement priv\u00e9", "classificationCode": null, "classificationTypeCode": null, "geoLevel": null, "vintage": null, "terminated": 0, "memberUomCode": 81}, {"memberId": 41, "parentMemberId": null, "memberNameEn": "Health and social services", "memberNameFr": "Soins de sant\u00e9 et de services sociaux", "classificationCode": null, "classificationTypeCode": null, "geoLevel": null, "vintage": null, "terminated": 0, "memberUomCode": 81}, {"memberId": 42, "parentMemberId": null, "memberNameEn": "Accommodation services and meals", "memberNameFr": "Services d'h\u00e9bergement et repas", "classificationCode": null, "classificationTypeCode": null, "geoLevel": null, "vintage": null, "terminated": 0, "memberUomCode": 81}, {"memberId": 43, "parentMemberId": null, "memberNameEn": "Other services", "memberNameFr": "Autres services", "classificationCode": null, "classificationTypeCode": null, "geoLevel": null, "vintage": null, "terminated": 0, "memberUomCode": 81}, {"memberId": 44, "parentMemberId": null, "memberNameEn": "Transportation margins", "memberNameFr": "Marges, sur les transports", "classificationCode": null, "classificationTypeCode": null, "geoLevel": null, "vintage": null, "terminated": 0, "memberUomCode": 81}, {"memberId": 45, "parentMemberId": null, "memberNameEn": "Operating, office, cafeteria and laboratory supplies", "memberNameFr": "Fournitures d'exploitation, bureau, caf\u00e9t\u00e9ria et laboratoire", "classificationCode": null, "classificationTypeCode": null, "geoLevel": null, "vintage": null, "terminated": 0, "memberUomCode": 81}, {"memberId": 46, "parentMemberId": null, "memberNameEn": "Travel and entertainment, advertising and promotion", "memberNameFr": "Voyages et divertissements, publicit\u00e9 et promotion", "classificationCode": null, "classificationTypeCode": null, "geoLevel": null, "vintage": null, "terminated": 0, "memberUomCode": 81}, {"memberId": 47, "parentMemberId": null, "memberNameEn": "Non-profit institutions serving households", "memberNameFr": "Institutions sans but lucratif, au service des m\u00e9nages", "classificationCode": null, "classificationTypeCode": null, "geoLevel": null, "vintage": null, "terminated": 0, "memberUomCode": 81}, {"memberId": 48, "parentMemberId": null, "memberNameEn": "Government sector services", "memberNameFr": "Services du secteur gouvernemental", "classificationCode": null, "classificationTypeCode": null, "geoLevel": null, "vintage": null, "terminated": 0, "memberUomCode": 81}, {"memberId": 49, "parentMemberId": null, "memberNameEn": "Non-competing imports", "memberNameFr": "Importations non-concurrentielles", "classificationCode": null, "classificationTypeCode": null, "geoLevel": null, "vintage": null, "terminated": 0, "memberUomCode": 81}, {"memberId": 50, "parentMemberId": null, "memberNameEn": "Unallocated imports and exports", "memberNameFr": "Importations et exportations non-r\u00e9parties", "classificationCode": null, "classificationTypeCode": null, "geoLevel": null, "vintage": null, "terminated": 0, "memberUomCode": 81}, {"memberId": 51, "parentMemberId": null, "memberNameEn": "Sales of other government services", "memberNameFr": "Ventes d'autres services gouvernementaux", "classificationCode": null, "classificationTypeCode": null, "geoLevel": null, "vintage": null, "terminated": 0, "memberUomCode": 81}, {"memberId": 52, "parentMemberId": null, "memberNameEn": "Total goods", "memberNameFr": "Total des biens", "classificationCode": null, "classificationTypeCode": null, "geoLevel": null, "vintage": null, "terminated": 0, "memberUomCode": 81}, {"memberId": 53, "parentMemberId": null, "memberNameEn": "Total services", "memberNameFr": "Total des services", "classificationCode": null, "classificationTypeCode": null, "geoLevel": null, "vintage": null, "terminated": 0, "memberUomCode": 81}, {"memberId": 54, "parentMemberId": null, "memberNameEn": "Total goods and services", "memberNameFr": "Total des biens et services", "classificationCode": null, "classificationTypeCode": null, "geoLevel": null, "vintage": null, "terminated": 0, "memberUomCode": 81}]}]