[{"dimensionPositionId": 1, "dimensionNameEn": "Geography", "dimensionNameFr": "G\u00e9ographie", "hasUom": false, "member": [{"memberId": 1, "parentMemberId": null, "memberNameEn": "Canada", "memberNameFr": "Canada", "classificationCode": "11124", "classificationTypeCode": "1", "geoLevel": 0, "vintage": 2016, "terminated": 0, "memberUomCode": null}]}, {"dimensionPositionId": 2, "dimensionNameEn": "Type of commodity", "dimensionNameFr": "Type de marchandise", "hasUom": true, "member": [{"memberId": 1, "parentMemberId": null, "memberNameEn": "Beef and veal, fresh, chilled or frozen", "memberNameFr": "Boeuf et veau, frais, r\u00e9frig\u00e9r\u00e9s ou congel\u00e9s", "classificationCode": null, "classificationTypeCode": null, "geoLevel": null, "vintage": null, "terminated": 0, "memberUomCode": 288}, {"memberId": 2, "parentMemberId": null, "memberNameEn": "Poultry", "memberNameFr": "Volaille", "classificationCode": null, "classificationTypeCode": null, "geoLevel": null, "vintage": null, "terminated": 0, "memberUomCode": 288}, {"memberId": 3, "parentMemberId": null, "memberNameEn": "Bacon, ham and shoulders", "memberNameFr": "Bacon, jambon et \u00e9paules", "classificationCode": null, "classificationTypeCode": null, "geoLevel": null, "vintage": null, "terminated": 0, "memberUomCode": 288}, {"memberId": 4, "parentMemberId": null, "memberNameEn": "Canned meats", "memberNameFr": "Viandes en bo\u00eetes", "classificationCode": null, "classificationTypeCode": null, "geoLevel": null, "vintage": null, "terminated": 0, "memberUomCode": 288}, {"memberId": 5, "parentMemberId": null, "memberNameEn": "Total fish", "memberNameFr": "Total du poisson", "classificationCode": null, "classificationTypeCode": null, "geoLevel": null, "vintage": null, "terminated": 0, "memberUomCode": 288}, {"memberId": 6, "parentMemberId": 5, "memberNameEn": "Fish exported to the United States", "memberNameFr": "Poisson export\u00e9 aux \u00c9tats-Unis", "classificationCode": null, "classificationTypeCode": null, "geoLevel": null, "vintage": null, "terminated": 0, "memberUomCode": 288}, {"memberId": 7, "parentMemberId": 5, "memberNameEn": "Fish exported to countries other than the United States", "memberNameFr": "Poisson export\u00e9 aux pays autres que les \u00c9tats-Unis", "classificationCode": null, "classificationTypeCode": null, "geoLevel": null, "vintage": null, "terminated": 0, "memberUomCode": 288}, {"memberId": 8, "parentMemberId": null, "memberNameEn": "Salmon", "memberNameFr": "Saumon", "classificationCode": null, "classificationTypeCode": null, "geoLevel": null, "vintage": null, "terminated": 0, "memberUomCode": 288}, {"memberId": 9, "parentMemberId": null, "memberNameEn": "Lobster", "memberNameFr": "Homard", "classificationCode": null, "classificationTypeCode": null, "geoLevel": null, "vintage": null, "terminated": 0, "memberUomCode": 288}, {"memberId": 10, "parentMemberId": null, "memberNameEn": "Cheese", "memberNameFr": "Fromage", "classificationCode": null, "classificationTypeCode": null, "geoLevel": null, "vintage": null, "terminated": 0, "memberUomCode": 288}, {"memberId": 11, "parentMemberId": null, "memberNameEn": "Skim milk powder", "memberNameFr": "Poudre de lait \u00e9cr\u00e8m\u00e9", "classificationCode": null, "classificationTypeCode": null, "geoLevel": null, "vintage": null, "terminated": 0, "memberUomCode": 288}, {"memberId": 12, "parentMemberId": null, "memberNameEn": "Eggs in the shell", "memberNameFr": "Oeufs en coquille", "classificationCode": null, "classificationTypeCode": null, "geoLevel": null, "vintage": null, "terminated": 0, "memberUomCode": 129}, {"memberId": 13, "parentMemberId": null, "memberNameEn": "Copper, total metal content", "memberNameFr": "Cuivre, teneur en m\u00e9tal", "classificationCode": null, "classificationTypeCode": null, "geoLevel": null, "vintage": null, "terminated": 0, "memberUomCode": 288}, {"memberId": 14, "parentMemberId": null, "memberNameEn": "Refined copper", "memberNameFr": "Cuivre raffin\u00e9", "classificationCode": null, "classificationTypeCode": null, "geoLevel": null, "vintage": null, "terminated": 0, "memberUomCode": 288}, {"memberId": 15, "parentMemberId": null, "memberNameEn": "Lead, total metal content", "memberNameFr": "Plomb, teneur en m\u00e9tal", "classificationCode": null, "classificationTypeCode": null, "geoLevel": null, "vintage": null, "terminated": 0, "memberUomCode": 288}, {"memberId": 16, "parentMemberId": null, "memberNameEn": "Refined lead", "memberNameFr": "Plomb raffin\u00e9", "classificationCode": null, "classificationTypeCode": null, "geoLevel": null, "vintage": null, "terminated": 0, "memberUomCode": 288}, {"memberId": 17, "parentMemberId": null, "memberNameEn": "Nickel", "memberNameFr": "Nickel", "classificationCode": null, "classificationTypeCode": null, "geoLevel": null, "vintage": null, "terminated": 0, "memberUomCode": 288}, {"memberId": 18, "parentMemberId": null, "memberNameEn": "Silver", "memberNameFr": "Argent", "classificationCode": null, "classificationTypeCode": null, "geoLevel": null, "vintage": null, "terminated": 0, "memberUomCode": 288}, {"memberId": 19, "parentMemberId": null, "memberNameEn": "Zinc, total metal content", "memberNameFr": "Zinc, teneur en m\u00e9tal", "classificationCode": null, "classificationTypeCode": null, "geoLevel": null, "vintage": null, "terminated": 0, "memberUomCode": 288}, {"memberId": 20, "parentMemberId": null, "memberNameEn": "Molybdenum in ores, concentrates and scrap", "memberNameFr": "Minerais, concentr\u00e9s et d\u00e9chets de molybd\u00e8ne", "classificationCode": null, "classificationTypeCode": null, "geoLevel": null, "vintage": null, "terminated": 0, "memberUomCode": 288}, {"memberId": 21, "parentMemberId": null, "memberNameEn": "Refined zinc", "memberNameFr": "Zinc raffin\u00e9", "classificationCode": null, "classificationTypeCode": null, "geoLevel": null, "vintage": null, "terminated": 0, "memberUomCode": 288}, {"memberId": 22, "parentMemberId": null, "memberNameEn": "Coal", "memberNameFr": "Charbon", "classificationCode": null, "classificationTypeCode": null, "geoLevel": null, "vintage": null, "terminated": 0, "memberUomCode": 288}, {"memberId": 23, "parentMemberId": null, "memberNameEn": "Asbestos", "memberNameFr": "Amiante", "classificationCode": null, "classificationTypeCode": null, "geoLevel": null, "vintage": null, "terminated": 0, "memberUomCode": 288}, {"memberId": 24, "parentMemberId": null, "memberNameEn": "Sawn lumber", "memberNameFr": "Bois d'oeuvre sci\u00e9", "classificationCode": null, "classificationTypeCode": null, "geoLevel": null, "vintage": null, "terminated": 0, "memberUomCode": 72}, {"memberId": 25, "parentMemberId": null, "memberNameEn": "Wood pulp", "memberNameFr": "P\u00e2te de bois", "classificationCode": null, "classificationTypeCode": null, "geoLevel": null, "vintage": null, "terminated": 0, "memberUomCode": 288}, {"memberId": 26, "parentMemberId": null, "memberNameEn": "Domestic exports of new passenger cars", "memberNameFr": "Exportations nationales de voitures particuli\u00e8res neuves", "classificationCode": null, "classificationTypeCode": null, "geoLevel": null, "vintage": null, "terminated": 0, "memberUomCode": 300}, {"memberId": 27, "parentMemberId": null, "memberNameEn": "Re-exports of new passenger cars", "memberNameFr": "R\u00e9-exportations de voitures particuli\u00e8res neuves", "classificationCode": null, "classificationTypeCode": null, "geoLevel": null, "vintage": null, "terminated": 0, "memberUomCode": 300}, {"memberId": 28, "parentMemberId": null, "memberNameEn": "Refrigerators and freezers, household type", "memberNameFr": "R\u00e9frig\u00e9rateurs et cong\u00e9lateurs m\u00e9nagers", "classificationCode": null, "classificationTypeCode": null, "geoLevel": null, "vintage": null, "terminated": 0, "memberUomCode": 300}, {"memberId": 29, "parentMemberId": null, "memberNameEn": "Domestic washing machines", "memberNameFr": "Machine \u00e0 laver, usage domestique", "classificationCode": null, "classificationTypeCode": null, "geoLevel": null, "vintage": null, "terminated": 0, "memberUomCode": 300}]}]