[{"dimensionPositionId": 1, "dimensionNameEn": "Geography", "dimensionNameFr": "G\u00e9ographie", "hasUom": false, "member": [{"memberId": 1, "parentMemberId": null, "memberNameEn": "Canada", "memberNameFr": "Canada", "classificationCode": "11124", "classificationTypeCode": "1", "geoLevel": 0, "vintage": 2016, "terminated": 0, "memberUomCode": null}]}, {"dimensionPositionId": 2, "dimensionNameEn": "Estimates", "dimensionNameFr": "Estimations", "hasUom": true, "member": [{"memberId": 1, "parentMemberId": null, "memberNameEn": "Value of imports", "memberNameFr": "Valeur des importations", "classificationCode": null, "classificationTypeCode": null, "geoLevel": null, "vintage": null, "terminated": 0, "memberUomCode": 81}, {"memberId": 2, "parentMemberId": null, "memberNameEn": "Number of importing enterprises", "memberNameFr": "Nombre d'entreprises importatrices", "classificationCode": null, "classificationTypeCode": null, "geoLevel": null, "vintage": null, "terminated": 0, "memberUomCode": 223}]}, {"dimensionPositionId": 3, "dimensionNameEn": "Enterprise employment size", "dimensionNameFr": "Niveau d'emploi de l'entreprise", "hasUom": false, "member": [{"memberId": 1, "parentMemberId": null, "memberNameEn": "All enterprise employment sizes", "memberNameFr": "Tous les niveaux d'emploi de l'entreprise", "classificationCode": null, "classificationTypeCode": null, "geoLevel": null, "vintage": null, "terminated": 0, "memberUomCode": null}, {"memberId": 2, "parentMemberId": 1, "memberNameEn": "Small and medium-sized enterprises (0 to 499 employees)", "memberNameFr": "Petites et moyennes entreprises (0 \u00e0 499 employ\u00e9s)", "classificationCode": null, "classificationTypeCode": null, "geoLevel": null, "vintage": null, "terminated": 0, "memberUomCode": null}, {"memberId": 3, "parentMemberId": 2, "memberNameEn": "0 or unreported employees", "memberNameFr": "0 ou employ\u00e9s non d\u00e9clar\u00e9s", "classificationCode": null, "classificationTypeCode": null, "geoLevel": null, "vintage": null, "terminated": 0, "memberUomCode": null}, {"memberId": 4, "parentMemberId": 2, "memberNameEn": "1 to 9 employees", "memberNameFr": "1 \u00e0 9 employ\u00e9s", "classificationCode": null, "classificationTypeCode": null, "geoLevel": null, "vintage": null, "terminated": 0, "memberUomCode": null}, {"memberId": 5, "parentMemberId": 2, "memberNameEn": "10 to 49 employees", "memberNameFr": "10 \u00e0 49 employ\u00e9s", "classificationCode": null, "classificationTypeCode": null, "geoLevel": null, "vintage": null, "terminated": 0, "memberUomCode": null}, {"memberId": 6, "parentMemberId": 2, "memberNameEn": "50 to 99 employees", "memberNameFr": "50 \u00e0 99 employ\u00e9s", "classificationCode": null, "classificationTypeCode": null, "geoLevel": null, "vintage": null, "terminated": 0, "memberUomCode": null}, {"memberId": 7, "parentMemberId": 2, "memberNameEn": "100 to 249 employees", "memberNameFr": "100 \u00e0 249 employ\u00e9s", "classificationCode": null, "classificationTypeCode": null, "geoLevel": null, "vintage": null, "terminated": 0, "memberUomCode": null}, {"memberId": 8, "parentMemberId": 2, "memberNameEn": "250 to 499 employees", "memberNameFr": "250 \u00e0 499 employ\u00e9s", "classificationCode": null, "classificationTypeCode": null, "geoLevel": null, "vintage": null, "terminated": 0, "memberUomCode": null}, {"memberId": 9, "parentMemberId": 1, "memberNameEn": "Large enterprises (500 or more employees)", "memberNameFr": "Grandes entreprises (500 employ\u00e9s ou plus)", "classificationCode": null, "classificationTypeCode": null, "geoLevel": null, "vintage": null, "terminated": 0, "memberUomCode": null}]}, {"dimensionPositionId": 4, "dimensionNameEn": "Region type", "dimensionNameFr": "Type de r\u00e9gion", "hasUom": false, "member": [{"memberId": 1, "parentMemberId": null, "memberNameEn": "All regions", "memberNameFr": "Toutes les r\u00e9gions", "classificationCode": null, "classificationTypeCode": null, "geoLevel": null, "vintage": null, "terminated": 0, "memberUomCode": null}, {"memberId": 2, "parentMemberId": 1, "memberNameEn": "Import from United States only", "memberNameFr": "Importe des \u00c9tats-Unis seulement", "classificationCode": null, "classificationTypeCode": null, "geoLevel": null, "vintage": null, "terminated": 0, "memberUomCode": null}, {"memberId": 3, "parentMemberId": 1, "memberNameEn": "Import from non-United States only", "memberNameFr": "Importe hors des pays autres que les \u00c9tats-Unis seulement", "classificationCode": null, "classificationTypeCode": null, "geoLevel": null, "vintage": null, "terminated": 0, "memberUomCode": null}, {"memberId": 4, "parentMemberId": 1, "memberNameEn": "Import from both United States and non-United States", "memberNameFr": "Importe des \u00c9tats-Unis et des pays autres que les \u00c9tats-Unis", "classificationCode": null, "classificationTypeCode": null, "geoLevel": null, "vintage": null, "terminated": 0, "memberUomCode": null}]}]