[{"dimensionPositionId": 1, "dimensionNameEn": "Geography", "dimensionNameFr": "G\u00e9ographie", "hasUom": false, "member": [{"memberId": 1, "parentMemberId": null, "memberNameEn": "Canada", "memberNameFr": "Canada", "classificationCode": "11124", "classificationTypeCode": "1", "geoLevel": 0, "vintage": 2016, "terminated": 0, "memberUomCode": null}]}, {"dimensionPositionId": 2, "dimensionNameEn": "Index", "dimensionNameFr": "Indice", "hasUom": true, "member": [{"memberId": 1, "parentMemberId": null, "memberNameEn": "Price index", "memberNameFr": "Indices de prix", "classificationCode": null, "classificationTypeCode": null, "geoLevel": null, "vintage": null, "terminated": 0, "memberUomCode": 171}, {"memberId": 2, "parentMemberId": null, "memberNameEn": "Volume index", "memberNameFr": "Indices de volumes", "classificationCode": null, "classificationTypeCode": null, "geoLevel": null, "vintage": null, "terminated": 0, "memberUomCode": 171}]}, {"dimensionPositionId": 3, "dimensionNameEn": "Basis", "dimensionNameFr": "Base", "hasUom": false, "member": [{"memberId": 1, "parentMemberId": null, "memberNameEn": "Customs basis", "memberNameFr": "Base douani\u00e8re", "classificationCode": null, "classificationTypeCode": null, "geoLevel": null, "vintage": null, "terminated": 0, "memberUomCode": null}, {"memberId": 2, "parentMemberId": null, "memberNameEn": "Balance of payments basis", "memberNameFr": "Base balance des paiements", "classificationCode": null, "classificationTypeCode": null, "geoLevel": null, "vintage": null, "terminated": 0, "memberUomCode": null}]}, {"dimensionPositionId": 4, "dimensionNameEn": "Weighting", "dimensionNameFr": "Pond\u00e9ration", "hasUom": false, "member": [{"memberId": 1, "parentMemberId": null, "memberNameEn": "Paasche current weighted", "memberNameFr": "Pond\u00e9ration courante Paasche", "classificationCode": null, "classificationTypeCode": null, "geoLevel": null, "vintage": null, "terminated": 0, "memberUomCode": null}, {"memberId": 2, "parentMemberId": null, "memberNameEn": "Laspeyres fixed weighted", "memberNameFr": "Pond\u00e9ration fixe Laspeyres", "classificationCode": null, "classificationTypeCode": null, "geoLevel": null, "vintage": null, "terminated": 0, "memberUomCode": null}]}, {"dimensionPositionId": 5, "dimensionNameEn": "Seasonal adjustment", "dimensionNameFr": "D\u00e9saisonnalisation", "hasUom": false, "member": [{"memberId": 1, "parentMemberId": null, "memberNameEn": "Unadjusted", "memberNameFr": "Non d\u00e9saisonnalis\u00e9es", "classificationCode": null, "classificationTypeCode": null, "geoLevel": null, "vintage": null, "terminated": 0, "memberUomCode": null}, {"memberId": 2, "parentMemberId": null, "memberNameEn": "Seasonally adjusted", "memberNameFr": "D\u00e9saisonnalis\u00e9es", "classificationCode": null, "classificationTypeCode": null, "geoLevel": null, "vintage": null, "terminated": 0, "memberUomCode": null}]}, {"dimensionPositionId": 6, "dimensionNameEn": "Import and export major commodity groups", "dimensionNameFr": "L'importation et l'exportation, groupes principaux de marchandises", "hasUom": false, "member": [{"memberId": 1, "parentMemberId": null, "memberNameEn": "Total, import commodity classes, all countries", "memberNameFr": "Total des classes des marchandises \u00e0 l'importation, ensemble des pays", "classificationCode": null, "classificationTypeCode": null, "geoLevel": null, "vintage": null, "terminated": 0, "memberUomCode": null}, {"memberId": 2, "parentMemberId": 1, "memberNameEn": "Section I imports, live animals", "memberNameFr": "Section I importations, animaux vivants", "classificationCode": null, "classificationTypeCode": null, "geoLevel": null, "vintage": null, "terminated": 0, "memberUomCode": null}, {"memberId": 3, "parentMemberId": 1, "memberNameEn": "Section II imports, food, feed, beverages and tobacco", "memberNameFr": "Section II importations, aliments, provendes, boissons et tabacs", "classificationCode": null, "classificationTypeCode": null, "geoLevel": null, "vintage": null, "terminated": 0, "memberUomCode": null}, {"memberId": 4, "parentMemberId": 3, "memberNameEn": "Meat and meat preparations, imports", "memberNameFr": "Viandes et pr\u00e9parations de viandes, importations", "classificationCode": null, "classificationTypeCode": null, "geoLevel": null, "vintage": null, "terminated": 0, "memberUomCode": null}, {"memberId": 5, "parentMemberId": 3, "memberNameEn": "Fish and marine animals, imports", "memberNameFr": "Poisson et animaux marins, importations", "classificationCode": null, "classificationTypeCode": null, "geoLevel": null, "vintage": null, "terminated": 0, "memberUomCode": null}, {"memberId": 6, "parentMemberId": 3, "memberNameEn": "Fresh fruits and berries, imports", "memberNameFr": "Fruits frais et baies, importations", "classificationCode": null, "classificationTypeCode": null, "geoLevel": null, "vintage": null, "terminated": 0, "memberUomCode": null}, {"memberId": 7, "parentMemberId": 3, "memberNameEn": "Dried fruits, fruits and fruit preparations, imports", "memberNameFr": "Fruits s\u00e9ch\u00e9s, fruits et pr\u00e9parations \u00e0 base de fruits, importations", "classificationCode": null, "classificationTypeCode": null, "geoLevel": null, "vintage": null, "terminated": 0, "memberUomCode": null}, {"memberId": 8, "parentMemberId": 3, "memberNameEn": "Fresh vegetables, imports", "memberNameFr": "L\u00e9gumes frais, importations", "classificationCode": null, "classificationTypeCode": null, "geoLevel": null, "vintage": null, "terminated": 0, "memberUomCode": null}, {"memberId": 9, "parentMemberId": 3, "memberNameEn": "Other vegetables and vegetable preparations, imports", "memberNameFr": "Autres l\u00e9gumes et pr\u00e9parations \u00e0 base de l\u00e9gumes, importations", "classificationCode": null, "classificationTypeCode": null, "geoLevel": null, "vintage": null, "terminated": 0, "memberUomCode": null}, {"memberId": 10, "parentMemberId": 3, "memberNameEn": "Cocoa, coffee, tea and other food preparations, imports", "memberNameFr": "Cacao, caf\u00e9, th\u00e9 et autres mati\u00e8res alimentaires, importations", "classificationCode": null, "classificationTypeCode": null, "geoLevel": null, "vintage": null, "terminated": 0, "memberUomCode": null}, {"memberId": 11, "parentMemberId": 3, "memberNameEn": "Dairy produce, eggs and honey, imports", "memberNameFr": "Produits laitiers, oeufs et miel, importations", "classificationCode": null, "classificationTypeCode": null, "geoLevel": null, "vintage": null, "terminated": 0, "memberUomCode": null}, {"memberId": 12, "parentMemberId": 3, "memberNameEn": "Corn (maize) shelled, imports", "memberNameFr": "Bl\u00e9 d'inde (ma\u00efs) \u00e9gren\u00e9, importations", "classificationCode": null, "classificationTypeCode": null, "geoLevel": null, "vintage": null, "terminated": 0, "memberUomCode": null}, {"memberId": 13, "parentMemberId": 3, "memberNameEn": "Other cereals and cereal preparations, imports", "memberNameFr": "Autres c\u00e9r\u00e9ales et pr\u00e9parations c\u00e9r\u00e9ali\u00e8res, importations", "classificationCode": null, "classificationTypeCode": null, "geoLevel": null, "vintage": null, "terminated": 0, "memberUomCode": null}, {"memberId": 14, "parentMemberId": 3, "memberNameEn": "Sugar and sugar preparations, imports", "memberNameFr": "Sucre et pr\u00e9parations \u00e0 base de sucre, importations", "classificationCode": null, "classificationTypeCode": null, "geoLevel": null, "vintage": null, "terminated": 0, "memberUomCode": null}, {"memberId": 15, "parentMemberId": 3, "memberNameEn": "Fodder and feed, except unmilled cereals, imports", "memberNameFr": "Fourrages et provendes, sauf c\u00e9r\u00e9ales non moulues, importations", "classificationCode": null, "classificationTypeCode": null, "geoLevel": null, "vintage": null, "terminated": 0, "memberUomCode": null}, {"memberId": 16, "parentMemberId": 3, "memberNameEn": "Beverages, imports", "memberNameFr": "Boissons, importations", "classificationCode": null, "classificationTypeCode": null, "geoLevel": null, "vintage": null, "terminated": 0, "memberUomCode": null}, {"memberId": 17, "parentMemberId": 3, "memberNameEn": "Tobacco, imports", "memberNameFr": "Tabac, importations", "classificationCode": null, "classificationTypeCode": null, "geoLevel": null, "vintage": null, "terminated": 0, "memberUomCode": null}, {"memberId": 18, "parentMemberId": 1, "memberNameEn": "Section III imports, crude materials, inedible", "memberNameFr": "Section III importations, mati\u00e8res brutes, non comestibles", "classificationCode": null, "classificationTypeCode": null, "geoLevel": null, "vintage": null, "terminated": 0, "memberUomCode": null}, {"memberId": 19, "parentMemberId": 18, "memberNameEn": "Metals in ores, concentrates and scrap, imports", "memberNameFr": "Minerais, concentr\u00e9s et d\u00e9chets m\u00e9tallif\u00e8res, importations", "classificationCode": null, "classificationTypeCode": null, "geoLevel": null, "vintage": null, "terminated": 0, "memberUomCode": null}, {"memberId": 20, "parentMemberId": 18, "memberNameEn": "Coal and other related products, imports", "memberNameFr": "Houille et autres produits connexes, importations", "classificationCode": null, "classificationTypeCode": null, "geoLevel": null, "vintage": null, "terminated": 0, "memberUomCode": null}, {"memberId": 21, "parentMemberId": 18, "memberNameEn": "Crude petroleum, imports", "memberNameFr": "P\u00e9trole brut, importations", "classificationCode": null, "classificationTypeCode": null, "geoLevel": null, "vintage": null, "terminated": 0, "memberUomCode": null}, {"memberId": 22, "parentMemberId": 18, "memberNameEn": "Crude animal products, imports", "memberNameFr": "Produits bruts d'origine animale, importations", "classificationCode": null, "classificationTypeCode": null, "geoLevel": null, "vintage": null, "terminated": 0, "memberUomCode": null}, {"memberId": 23, "parentMemberId": 18, "memberNameEn": "Crude vegetable products, imports", "memberNameFr": "Produits v\u00e9g\u00e9taux bruts, importations", "classificationCode": null, "classificationTypeCode": null, "geoLevel": null, "vintage": null, "terminated": 0, "memberUomCode": null}, {"memberId": 24, "parentMemberId": 18, "memberNameEn": "Crude wood products, imports", "memberNameFr": "Mati\u00e8res en bois brut, importations", "classificationCode": null, "classificationTypeCode": null, "geoLevel": null, "vintage": null, "terminated": 0, "memberUomCode": null}, {"memberId": 25, "parentMemberId": 18, "memberNameEn": "Cotton, imports", "memberNameFr": "Coton, importations", "classificationCode": null, "classificationTypeCode": null, "geoLevel": null, "vintage": null, "terminated": 0, "memberUomCode": null}, {"memberId": 26, "parentMemberId": 18, "memberNameEn": "Wool and man-made fibres, imports", "memberNameFr": "Laine et fibres artificielles, importations", "classificationCode": null, "classificationTypeCode": null, "geoLevel": null, "vintage": null, "terminated": 0, "memberUomCode": null}, {"memberId": 27, "parentMemberId": 18, "memberNameEn": "Crude non-metallic minerals, imports", "memberNameFr": "Min\u00e9raux non m\u00e9talliques bruts, importations", "classificationCode": null, "classificationTypeCode": null, "geoLevel": null, "vintage": null, "terminated": 0, "memberUomCode": null}, {"memberId": 28, "parentMemberId": 1, "memberNameEn": "Section IV imports, fabricated materials, inedible", "memberNameFr": "Section IV importations, mati\u00e8res travaill\u00e9es, non comestibles", "classificationCode": null, "classificationTypeCode": null, "geoLevel": null, "vintage": null, "terminated": 0, "memberUomCode": null}, {"memberId": 29, "parentMemberId": 28, "memberNameEn": "Wood fabricated materials, imports", "memberNameFr": "Demi-produits en bois, importations", "classificationCode": null, "classificationTypeCode": null, "geoLevel": null, "vintage": null, "terminated": 0, "memberUomCode": null}, {"memberId": 30, "parentMemberId": 28, "memberNameEn": "Textile fabricated materials, imports", "memberNameFr": "Demi-produits en mati\u00e8res textiles, importations", "classificationCode": null, "classificationTypeCode": null, "geoLevel": null, "vintage": null, "terminated": 0, "memberUomCode": null}, {"memberId": 31, "parentMemberId": 28, "memberNameEn": "Organic chemicals, imports", "memberNameFr": "Produits chimiques organiques, importations", "classificationCode": null, "classificationTypeCode": null, "geoLevel": null, "vintage": null, "terminated": 0, "memberUomCode": null}, {"memberId": 32, "parentMemberId": 28, "memberNameEn": "Plastic materials, imports", "memberNameFr": "Mati\u00e8res plastiques, importations", "classificationCode": null, "classificationTypeCode": null, "geoLevel": null, "vintage": null, "terminated": 0, "memberUomCode": null}, {"memberId": 33, "parentMemberId": 28, "memberNameEn": "Other chemicals and related products, imports", "memberNameFr": "Autres produits chimiques et produits connexes, importations", "classificationCode": null, "classificationTypeCode": null, "geoLevel": null, "vintage": null, "terminated": 0, "memberUomCode": null}, {"memberId": 34, "parentMemberId": 28, "memberNameEn": "Petroleum and coal products, imports", "memberNameFr": "D\u00e9riv\u00e9s du p\u00e9trole et du charbon, importations", "classificationCode": null, "classificationTypeCode": null, "geoLevel": null, "vintage": null, "terminated": 0, "memberUomCode": null}, {"memberId": 35, "parentMemberId": 28, "memberNameEn": "Steel bars, rods, plates and sheets, imports", "memberNameFr": "Barres, tiges, t\u00f4les et feuilles d'acier, importations", "classificationCode": null, "classificationTypeCode": null, "geoLevel": null, "vintage": null, "terminated": 0, "memberUomCode": null}, {"memberId": 36, "parentMemberId": 28, "memberNameEn": "Other iron and steel products, imports", "memberNameFr": "Autres produits de fer et d'acier, importations", "classificationCode": null, "classificationTypeCode": null, "geoLevel": null, "vintage": null, "terminated": 0, "memberUomCode": null}, {"memberId": 37, "parentMemberId": 28, "memberNameEn": "Precious metals, including alloys, imports", "memberNameFr": "M\u00e9taux pr\u00e9cieux, y compris alliages, importations", "classificationCode": null, "classificationTypeCode": null, "geoLevel": null, "vintage": null, "terminated": 0, "memberUomCode": null}, {"memberId": 38, "parentMemberId": 28, "memberNameEn": "Other non-ferrous metals and alloys, imports", "memberNameFr": "Autres m\u00e9taux non ferreux et alliages, importations", "classificationCode": null, "classificationTypeCode": null, "geoLevel": null, "vintage": null, "terminated": 0, "memberUomCode": null}, {"memberId": 39, "parentMemberId": 28, "memberNameEn": "Metal fabricated basic products, imports", "memberNameFr": "Demi-produits de base en m\u00e9tal, importations", "classificationCode": null, "classificationTypeCode": null, "geoLevel": null, "vintage": null, "terminated": 0, "memberUomCode": null}, {"memberId": 40, "parentMemberId": 28, "memberNameEn": "Rubber fabricated materials, imports", "memberNameFr": "Demi-produits en caoutchouc, importations", "classificationCode": null, "classificationTypeCode": null, "geoLevel": null, "vintage": null, "terminated": 0, "memberUomCode": null}, {"memberId": 41, "parentMemberId": 28, "memberNameEn": "Oils and fats, animal and vegetable, imports", "memberNameFr": "Huiles et mati\u00e8res grasses d'origine animale et v\u00e9g\u00e9tale, importations", "classificationCode": null, "classificationTypeCode": null, "geoLevel": null, "vintage": null, "terminated": 0, "memberUomCode": null}, {"memberId": 42, "parentMemberId": 28, "memberNameEn": "Non-metallic minerals, imports", "memberNameFr": "Min\u00e9raux non m\u00e9talliques, importations", "classificationCode": null, "classificationTypeCode": null, "geoLevel": null, "vintage": null, "terminated": 0, "memberUomCode": null}, {"memberId": 43, "parentMemberId": 28, "memberNameEn": "Other fabricated materials, imports", "memberNameFr": "Autres mati\u00e8res travaill\u00e9es, non comestibles, importations", "classificationCode": null, "classificationTypeCode": null, "geoLevel": null, "vintage": null, "terminated": 0, "memberUomCode": null}, {"memberId": 44, "parentMemberId": 1, "memberNameEn": "Section V imports, end products, inedible", "memberNameFr": "Section V importations, produits finis, non comestibles", "classificationCode": null, "classificationTypeCode": null, "geoLevel": null, "vintage": null, "terminated": 0, "memberUomCode": null}, {"memberId": 45, "parentMemberId": 44, "memberNameEn": "Engines, turbines, electric generators and motors, imports", "memberNameFr": "Moteurs, turbines, g\u00e9n\u00e9ratrices et moteurs \u00e9lectriques, importations", "classificationCode": null, "classificationTypeCode": null, "geoLevel": null, "vintage": null, "terminated": 0, "memberUomCode": null}, {"memberId": 46, "parentMemberId": 44, "memberNameEn": "Drilling and mining machinery, imports", "memberNameFr": "Machines de forage et pour mines, importations", "classificationCode": null, "classificationTypeCode": null, "geoLevel": null, "vintage": null, "terminated": 0, "memberUomCode": null}, {"memberId": 47, "parentMemberId": 44, "memberNameEn": "Excavating machinery, imports", "memberNameFr": "Machines \u00e0 creuser, importations", "classificationCode": null, "classificationTypeCode": null, "geoLevel": null, "vintage": null, "terminated": 0, "memberUomCode": null}, {"memberId": 48, "parentMemberId": 44, "memberNameEn": "Metal working machinery, imports", "memberNameFr": "Machines pour le travail des m\u00e9taux, importations", "classificationCode": null, "classificationTypeCode": null, "geoLevel": null, "vintage": null, "terminated": 0, "memberUomCode": null}, {"memberId": 49, "parentMemberId": 44, "memberNameEn": "Other industrial machinery, imports", "memberNameFr": "Autres machineries industrielles, importations", "classificationCode": null, "classificationTypeCode": null, "geoLevel": null, "vintage": null, "terminated": 0, "memberUomCode": null}, {"memberId": 50, "parentMemberId": 44, "memberNameEn": "Agricultural machinery including tractors, imports", "memberNameFr": "Machines agricoles y compris tracteurs, importations", "classificationCode": null, "classificationTypeCode": null, "geoLevel": null, "vintage": null, "terminated": 0, "memberUomCode": null}, {"memberId": 51, "parentMemberId": 44, "memberNameEn": "Passenger automobiles and chassis, imports", "memberNameFr": "Voitures particuli\u00e8res et ch\u00e2ssis, importations", "classificationCode": null, "classificationTypeCode": null, "geoLevel": null, "vintage": null, "terminated": 0, "memberUomCode": null}, {"memberId": 52, "parentMemberId": 44, "memberNameEn": "Trucks and other motor vehicles, imports", "memberNameFr": "Camions et autres v\u00e9hicules moteurs, importations", "classificationCode": null, "classificationTypeCode": null, "geoLevel": null, "vintage": null, "terminated": 0, "memberUomCode": null}, {"memberId": 53, "parentMemberId": 44, "memberNameEn": "Motor vehicle parts including motor vehicle engines and engine parts, imports", "memberNameFr": "Pi\u00e8ces de v\u00e9hicules auto y compris moteurs et pi\u00e8ces, importations", "classificationCode": null, "classificationTypeCode": null, "geoLevel": null, "vintage": null, "terminated": 0, "memberUomCode": null}, {"memberId": 54, "parentMemberId": 44, "memberNameEn": "Television and radio sets and phonographs, imports", "memberNameFr": "T\u00e9l\u00e9viseurs, radios et phonographes, importations", "classificationCode": null, "classificationTypeCode": null, "geoLevel": null, "vintage": null, "terminated": 0, "memberUomCode": null}, {"memberId": 55, "parentMemberId": 44, "memberNameEn": "Other communication and related equipment, imports", "memberNameFr": "Autre \u00e9quipement et mat\u00e9riel de t\u00e9l\u00e9communication, importations", "classificationCode": null, "classificationTypeCode": null, "geoLevel": null, "vintage": null, "terminated": 0, "memberUomCode": null}, {"memberId": 56, "parentMemberId": 44, "memberNameEn": "Office machines and equipment, imports", "memberNameFr": "Machines et mat\u00e9riel de bureaux, importations", "classificationCode": null, "classificationTypeCode": null, "geoLevel": null, "vintage": null, "terminated": 0, "memberUomCode": null}, {"memberId": 57, "parentMemberId": 44, "memberNameEn": "Other equipment and tools, imports", "memberNameFr": "Autres \u00e9quipements et outils, importations", "classificationCode": null, "classificationTypeCode": null, "geoLevel": null, "vintage": null, "terminated": 0, "memberUomCode": null}, {"memberId": 58, "parentMemberId": 44, "memberNameEn": "Aircraft, engines assemblies and parts, imports", "memberNameFr": "A\u00e9ronefs, moteurs d'a\u00e9ronefs et pi\u00e8ces, importations", "classificationCode": null, "classificationTypeCode": null, "geoLevel": null, "vintage": null, "terminated": 0, "memberUomCode": null}, {"memberId": 59, "parentMemberId": 44, "memberNameEn": "Other transportation equipment and parts, imports", "memberNameFr": "Autre mat\u00e9riel de transport et pi\u00e8ces, importations", "classificationCode": null, "classificationTypeCode": null, "geoLevel": null, "vintage": null, "terminated": 0, "memberUomCode": null}, {"memberId": 60, "parentMemberId": 44, "memberNameEn": "Apparel and apparel accessories, imports", "memberNameFr": "V\u00eatements et accessoires vestimentaires, importations", "classificationCode": null, "classificationTypeCode": null, "geoLevel": null, "vintage": null, "terminated": 0, "memberUomCode": null}, {"memberId": 61, "parentMemberId": 44, "memberNameEn": "Footwear, imports", "memberNameFr": "Chaussures, importations", "classificationCode": null, "classificationTypeCode": null, "geoLevel": null, "vintage": null, "terminated": 0, "memberUomCode": null}, {"memberId": 62, "parentMemberId": 44, "memberNameEn": "Printed matter, imports", "memberNameFr": "Imprimeries, importations", "classificationCode": null, "classificationTypeCode": null, "geoLevel": null, "vintage": null, "terminated": 0, "memberUomCode": null}, {"memberId": 63, "parentMemberId": 44, "memberNameEn": "Watches, sporting goods and toys, imports", "memberNameFr": "Montres, articles pour sports et jeux, importations", "classificationCode": null, "classificationTypeCode": null, "geoLevel": null, "vintage": null, "terminated": 0, "memberUomCode": null}, {"memberId": 64, "parentMemberId": 44, "memberNameEn": "House furnishings, utensils and other household goods, imports", "memberNameFr": "Fournitures de maison, ustensiles et autres articles m\u00e9nagers, importations", "classificationCode": null, "classificationTypeCode": null, "geoLevel": null, "vintage": null, "terminated": 0, "memberUomCode": null}, {"memberId": 65, "parentMemberId": 44, "memberNameEn": "Photographic goods, imports", "memberNameFr": "Articles photographiques, importations", "classificationCode": null, "classificationTypeCode": null, "geoLevel": null, "vintage": null, "terminated": 0, "memberUomCode": null}, {"memberId": 66, "parentMemberId": 44, "memberNameEn": "Miscellaneous end products, inedible, imports", "memberNameFr": "Divers produits finis, non comestibles, importations", "classificationCode": null, "classificationTypeCode": null, "geoLevel": null, "vintage": null, "terminated": 0, "memberUomCode": null}, {"memberId": 67, "parentMemberId": 1, "memberNameEn": "Special transactions, trade, imports", "memberNameFr": "Transactions sp\u00e9ciales commerciales, importations", "classificationCode": null, "classificationTypeCode": null, "geoLevel": null, "vintage": null, "terminated": 0, "memberUomCode": null}, {"memberId": 68, "parentMemberId": 1, "memberNameEn": "Other balance of payment adjustments, imports", "memberNameFr": "Autres ajustements de la balance des paiements, importations", "classificationCode": null, "classificationTypeCode": null, "geoLevel": null, "vintage": null, "terminated": 0, "memberUomCode": null}, {"memberId": 69, "parentMemberId": null, "memberNameEn": "Total, export commodity classes, all countries", "memberNameFr": "Total des classes des marchandises \u00e0 l'exportation, ensemble des pays", "classificationCode": null, "classificationTypeCode": null, "geoLevel": null, "vintage": null, "terminated": 0, "memberUomCode": null}, {"memberId": 70, "parentMemberId": 69, "memberNameEn": "Section I exports, live animals", "memberNameFr": "Section I exportations, animaux vivants", "classificationCode": null, "classificationTypeCode": null, "geoLevel": null, "vintage": null, "terminated": 0, "memberUomCode": null}, {"memberId": 71, "parentMemberId": 69, "memberNameEn": "Section II exports, food, feed, beverages and tobacco", "memberNameFr": "Section II exportations, aliments, provendes, boissons et tabacs", "classificationCode": null, "classificationTypeCode": null, "geoLevel": null, "vintage": null, "terminated": 0, "memberUomCode": null}, {"memberId": 72, "parentMemberId": 71, "memberNameEn": "Fish, fresh, frozen, preserved and canned, exports", "memberNameFr": "Poissons et pr\u00e9parations de poissons, exportations", "classificationCode": null, "classificationTypeCode": null, "geoLevel": null, "vintage": null, "terminated": 0, "memberUomCode": null}, {"memberId": 73, "parentMemberId": 71, "memberNameEn": "Barley, exports", "memberNameFr": "Orge, exportations", "classificationCode": null, "classificationTypeCode": null, "geoLevel": null, "vintage": null, "terminated": 0, "memberUomCode": null}, {"memberId": 74, "parentMemberId": 71, "memberNameEn": "Wheat, exports", "memberNameFr": "Bl\u00e9, exportations", "classificationCode": null, "classificationTypeCode": null, "geoLevel": null, "vintage": null, "terminated": 0, "memberUomCode": null}, {"memberId": 75, "parentMemberId": 71, "memberNameEn": "Wheat flour, exports", "memberNameFr": "Farine de bl\u00e9, exportations", "classificationCode": null, "classificationTypeCode": null, "geoLevel": null, "vintage": null, "terminated": 0, "memberUomCode": null}, {"memberId": 76, "parentMemberId": 71, "memberNameEn": "Other cereals unmilled, exports", "memberNameFr": "Autres c\u00e9r\u00e9ales non moulues, exportations", "classificationCode": null, "classificationTypeCode": null, "geoLevel": null, "vintage": null, "terminated": 0, "memberUomCode": null}, {"memberId": 77, "parentMemberId": 71, "memberNameEn": "Other cereal preparations, exports", "memberNameFr": "Autres pr\u00e9parations c\u00e9r\u00e9ali\u00e8res, exportations", "classificationCode": null, "classificationTypeCode": null, "geoLevel": null, "vintage": null, "terminated": 0, "memberUomCode": null}, {"memberId": 78, "parentMemberId": 71, "memberNameEn": "Meat and meat preparations, exports", "memberNameFr": "Viandes et pr\u00e9parations de viandes, exportations", "classificationCode": null, "classificationTypeCode": null, "geoLevel": null, "vintage": null, "terminated": 0, "memberUomCode": null}, {"memberId": 79, "parentMemberId": 71, "memberNameEn": "Alcoholic beverages, exports", "memberNameFr": "Boissons alcooliques, exportations", "classificationCode": null, "classificationTypeCode": null, "geoLevel": null, "vintage": null, "terminated": 0, "memberUomCode": null}, {"memberId": 80, "parentMemberId": 71, "memberNameEn": "Other food, feed, beverages and tobacco, exports", "memberNameFr": "Autres aliments, provendes, boissons et tabacs, exportations", "classificationCode": null, "classificationTypeCode": null, "geoLevel": null, "vintage": null, "terminated": 0, "memberUomCode": null}, {"memberId": 81, "parentMemberId": 69, "memberNameEn": "Section III exports, crude materials, inedible", "memberNameFr": "Section III exportations, mati\u00e8res brutes, non comestibles", "classificationCode": null, "classificationTypeCode": null, "geoLevel": null, "vintage": null, "terminated": 0, "memberUomCode": null}, {"memberId": 82, "parentMemberId": 81, "memberNameEn": "Rapeseed, exports", "memberNameFr": "Graine de colza, exportations", "classificationCode": null, "classificationTypeCode": null, "geoLevel": null, "vintage": null, "terminated": 0, "memberUomCode": null}, {"memberId": 83, "parentMemberId": 81, "memberNameEn": "Other crude vegetable products, exports", "memberNameFr": "Autres produits v\u00e9g\u00e9taux bruts, exportations", "classificationCode": null, "classificationTypeCode": null, "geoLevel": null, "vintage": null, "terminated": 0, "memberUomCode": null}, {"memberId": 84, "parentMemberId": 81, "memberNameEn": "Iron ores, concentrates and scrap, exports", "memberNameFr": "Minerais, concentr\u00e9s et d\u00e9chets de fer, exportations", "classificationCode": null, "classificationTypeCode": null, "geoLevel": null, "vintage": null, "terminated": 0, "memberUomCode": null}, {"memberId": 85, "parentMemberId": 81, "memberNameEn": "Copper in ores, concentrates and scrap, exports", "memberNameFr": "Minerais, concentr\u00e9s et d\u00e9chets de cuivre, exportations", "classificationCode": null, "classificationTypeCode": null, "geoLevel": null, "vintage": null, "terminated": 0, "memberUomCode": null}, {"memberId": 86, "parentMemberId": 81, "memberNameEn": "Nickel in ores, concentrates and scrap, exports", "memberNameFr": "Minerais, concentr\u00e9s et d\u00e9chets de nickel, exportations", "classificationCode": null, "classificationTypeCode": null, "geoLevel": null, "vintage": null, "terminated": 0, "memberUomCode": null}, {"memberId": 87, "parentMemberId": 81, "memberNameEn": "Zinc in ores, concentrates and scrap, exports", "memberNameFr": "Minerais, concentr\u00e9s et d\u00e9chets de zinc, exportations", "classificationCode": null, "classificationTypeCode": null, "geoLevel": null, "vintage": null, "terminated": 0, "memberUomCode": null}, {"memberId": 88, "parentMemberId": 81, "memberNameEn": "Other ores, concentrates and scrap, exports", "memberNameFr": "Autres minerais, concentr\u00e9s, d\u00e9chets m\u00e9tallif\u00e8res, exportations", "classificationCode": null, "classificationTypeCode": null, "geoLevel": null, "vintage": null, "terminated": 0, "memberUomCode": null}, {"memberId": 89, "parentMemberId": 81, "memberNameEn": "Crude petroleum, exports", "memberNameFr": "P\u00e9trole brut, exportations", "classificationCode": null, "classificationTypeCode": null, "geoLevel": null, "vintage": null, "terminated": 0, "memberUomCode": null}, {"memberId": 90, "parentMemberId": 81, "memberNameEn": "Natural gas, exports", "memberNameFr": "Gaz naturel, exportations", "classificationCode": null, "classificationTypeCode": null, "geoLevel": null, "vintage": null, "terminated": 0, "memberUomCode": null}, {"memberId": 91, "parentMemberId": 81, "memberNameEn": "Coal and other crude bituminous substances, exports", "memberNameFr": "Charbon et substances bitumineuses brutes, exportations", "classificationCode": null, "classificationTypeCode": null, "geoLevel": null, "vintage": null, "terminated": 0, "memberUomCode": null}, {"memberId": 92, "parentMemberId": 81, "memberNameEn": "Asbestos unmanufactured, exports", "memberNameFr": "Amiante, non ouvr\u00e9, exportations", "classificationCode": null, "classificationTypeCode": null, "geoLevel": null, "vintage": null, "terminated": 0, "memberUomCode": null}, {"memberId": 93, "parentMemberId": 81, "memberNameEn": "Other crude animal products, exports", "memberNameFr": "Autres produits bruts, d'origine animale, exportations", "classificationCode": null, "classificationTypeCode": null, "geoLevel": null, "vintage": null, "terminated": 0, "memberUomCode": null}, {"memberId": 94, "parentMemberId": 81, "memberNameEn": "Other crude wood products, exports", "memberNameFr": "Autres mati\u00e8res en bois brut, exportations", "classificationCode": null, "classificationTypeCode": null, "geoLevel": null, "vintage": null, "terminated": 0, "memberUomCode": null}, {"memberId": 95, "parentMemberId": 81, "memberNameEn": "Other crude non-metallic minerals, exports", "memberNameFr": "Autres min\u00e9raux non m\u00e9talliques bruts, exportations", "classificationCode": null, "classificationTypeCode": null, "geoLevel": null, "vintage": null, "terminated": 0, "memberUomCode": null}, {"memberId": 96, "parentMemberId": 81, "memberNameEn": "Other crude materials inedible, exports", "memberNameFr": "Autres mati\u00e8res brutes, non comestibles, exportations", "classificationCode": null, "classificationTypeCode": null, "geoLevel": null, "vintage": null, "terminated": 0, "memberUomCode": null}, {"memberId": 97, "parentMemberId": 69, "memberNameEn": "Section IV exports, fabricated materials, inedible", "memberNameFr": "Section IV exportations, mati\u00e8res travaill\u00e9es, non comestibles", "classificationCode": null, "classificationTypeCode": null, "geoLevel": null, "vintage": null, "terminated": 0, "memberUomCode": null}, {"memberId": 98, "parentMemberId": 97, "memberNameEn": "Lumber, exports", "memberNameFr": "Bois d'oeuvre, exportations", "classificationCode": null, "classificationTypeCode": null, "geoLevel": null, "vintage": null, "terminated": 0, "memberUomCode": null}, {"memberId": 99, "parentMemberId": 97, "memberNameEn": "Other wood fabricated materials, exports", "memberNameFr": "Autres demi-produits en bois, exportations", "classificationCode": null, "classificationTypeCode": null, "geoLevel": null, "vintage": null, "terminated": 0, "memberUomCode": null}, {"memberId": 100, "parentMemberId": 97, "memberNameEn": "Wood pulp and similar pulp, exports", "memberNameFr": "P\u00e2te de bois et p\u00e2te similaire, exportations", "classificationCode": null, "classificationTypeCode": null, "geoLevel": null, "vintage": null, "terminated": 0, "memberUomCode": null}, {"memberId": 101, "parentMemberId": 97, "memberNameEn": "Newsprint paper, exports", "memberNameFr": "Papier journal, exportations", "classificationCode": null, "classificationTypeCode": null, "geoLevel": null, "vintage": null, "terminated": 0, "memberUomCode": null}, {"memberId": 102, "parentMemberId": 97, "memberNameEn": "Other paper and paperboard, exports", "memberNameFr": "Autre papier et carton, exportations", "classificationCode": null, "classificationTypeCode": null, "geoLevel": null, "vintage": null, "terminated": 0, "memberUomCode": null}, {"memberId": 103, "parentMemberId": 97, "memberNameEn": "Inorganic chemicals, exports", "memberNameFr": "Produits chimiques inorganiques, exportations", "classificationCode": null, "classificationTypeCode": null, "geoLevel": null, "vintage": null, "terminated": 0, "memberUomCode": null}, {"memberId": 104, "parentMemberId": 97, "memberNameEn": "Organic chemicals, exports", "memberNameFr": "Produits chimiques organiques, exportations", "classificationCode": null, "classificationTypeCode": null, "geoLevel": null, "vintage": null, "terminated": 0, "memberUomCode": null}, {"memberId": 105, "parentMemberId": 97, "memberNameEn": "Fertilizers and fertilizer materials, exports", "memberNameFr": "Engrais et mati\u00e8res fertilisantes, exportations", "classificationCode": null, "classificationTypeCode": null, "geoLevel": null, "vintage": null, "terminated": 0, "memberUomCode": null}, {"memberId": 106, "parentMemberId": 97, "memberNameEn": "Synthetic rubber and plastics, exports", "memberNameFr": "Caoutchouc synth\u00e9tique et mati\u00e8res plastiques, exportations", "classificationCode": null, "classificationTypeCode": null, "geoLevel": null, "vintage": null, "terminated": 0, "memberUomCode": null}, {"memberId": 107, "parentMemberId": 97, "memberNameEn": "Other chemical products, exports", "memberNameFr": "Autres produits chimiques, exportations", "classificationCode": null, "classificationTypeCode": null, "geoLevel": null, "vintage": null, "terminated": 0, "memberUomCode": null}, {"memberId": 108, "parentMemberId": 97, "memberNameEn": "Petroleum and coal products, exports", "memberNameFr": "D\u00e9riv\u00e9s du p\u00e9trole et du charbon, exportations", "classificationCode": null, "classificationTypeCode": null, "geoLevel": null, "vintage": null, "terminated": 0, "memberUomCode": null}, {"memberId": 109, "parentMemberId": 97, "memberNameEn": "Primary iron and steel, exports", "memberNameFr": "Fer et acier primaires, exportations", "classificationCode": null, "classificationTypeCode": null, "geoLevel": null, "vintage": null, "terminated": 0, "memberUomCode": null}, {"memberId": 110, "parentMemberId": 97, "memberNameEn": "Steel bars, rods, plates, sheets, exports", "memberNameFr": "Barres, tiges, t\u00f4les et feuilles d'acier, exportations", "classificationCode": null, "classificationTypeCode": null, "geoLevel": null, "vintage": null, "terminated": 0, "memberUomCode": null}, {"memberId": 111, "parentMemberId": 97, "memberNameEn": "Other iron and steel and alloys, exports", "memberNameFr": "Autres fer, acier et alliages, exportations", "classificationCode": null, "classificationTypeCode": null, "geoLevel": null, "vintage": null, "terminated": 0, "memberUomCode": null}, {"memberId": 112, "parentMemberId": 97, "memberNameEn": "Aluminum, including alloys, exports", "memberNameFr": "Aluminium, y compris alliages, exportations", "classificationCode": null, "classificationTypeCode": null, "geoLevel": null, "vintage": null, "terminated": 0, "memberUomCode": null}, {"memberId": 113, "parentMemberId": 97, "memberNameEn": "Copper and alloys, exports", "memberNameFr": "Cuivre et alliages, exportations", "classificationCode": null, "classificationTypeCode": null, "geoLevel": null, "vintage": null, "terminated": 0, "memberUomCode": null}, {"memberId": 114, "parentMemberId": 97, "memberNameEn": "Nickel and alloys, exports", "memberNameFr": "Nickel et alliages, exportations", "classificationCode": null, "classificationTypeCode": null, "geoLevel": null, "vintage": null, "terminated": 0, "memberUomCode": null}, {"memberId": 115, "parentMemberId": 97, "memberNameEn": "Precious metals and alloys, exports", "memberNameFr": "M\u00e9taux pr\u00e9cieux et alliages, exportations", "classificationCode": null, "classificationTypeCode": null, "geoLevel": null, "vintage": null, "terminated": 0, "memberUomCode": null}, {"memberId": 116, "parentMemberId": 97, "memberNameEn": "Zinc and alloys, exports", "memberNameFr": "Zinc et alliages, exportations", "classificationCode": null, "classificationTypeCode": null, "geoLevel": null, "vintage": null, "terminated": 0, "memberUomCode": null}, {"memberId": 117, "parentMemberId": 97, "memberNameEn": "Other non-ferrous metals and alloys, exports", "memberNameFr": "Autres m\u00e9taux non ferreux et alliages, exportations", "classificationCode": null, "classificationTypeCode": null, "geoLevel": null, "vintage": null, "terminated": 0, "memberUomCode": null}, {"memberId": 118, "parentMemberId": 97, "memberNameEn": "Metal fabricated basic products, exports", "memberNameFr": "Ouvrages de base en m\u00e9tal, exportations", "classificationCode": null, "classificationTypeCode": null, "geoLevel": null, "vintage": null, "terminated": 0, "memberUomCode": null}, {"memberId": 119, "parentMemberId": 97, "memberNameEn": "Electricity, exports", "memberNameFr": "\u00c9lectricit\u00e9, exportations", "classificationCode": null, "classificationTypeCode": null, "geoLevel": null, "vintage": null, "terminated": 0, "memberUomCode": null}, {"memberId": 120, "parentMemberId": 97, "memberNameEn": "Textile fabricated materials, exports", "memberNameFr": "Demi-produits en mati\u00e8res textiles, exportations", "classificationCode": null, "classificationTypeCode": null, "geoLevel": null, "vintage": null, "terminated": 0, "memberUomCode": null}, {"memberId": 121, "parentMemberId": 97, "memberNameEn": "Non metallic mineral basic products, exports", "memberNameFr": "Produits min\u00e9raux non m\u00e9talliques de base, exportations", "classificationCode": null, "classificationTypeCode": null, "geoLevel": null, "vintage": null, "terminated": 0, "memberUomCode": null}, {"memberId": 122, "parentMemberId": 97, "memberNameEn": "Other fabricated materials, exports", "memberNameFr": "Autres mati\u00e8res travaill\u00e9es, non comestibles, exportations", "classificationCode": null, "classificationTypeCode": null, "geoLevel": null, "vintage": null, "terminated": 0, "memberUomCode": null}, {"memberId": 123, "parentMemberId": 69, "memberNameEn": "Section V exports, end products, inedible", "memberNameFr": "Section V exportations, produits finis, non comestibles", "classificationCode": null, "classificationTypeCode": null, "geoLevel": null, "vintage": null, "terminated": 0, "memberUomCode": null}, {"memberId": 124, "parentMemberId": 123, "memberNameEn": "Industrial machinery, exports", "memberNameFr": "Machinerie industrielle, exportations", "classificationCode": null, "classificationTypeCode": null, "geoLevel": null, "vintage": null, "terminated": 0, "memberUomCode": null}, {"memberId": 125, "parentMemberId": 123, "memberNameEn": "Agricultural machinery, including tractors, exports", "memberNameFr": "Machinerie agricole y compris tracteurs, exportations", "classificationCode": null, "classificationTypeCode": null, "geoLevel": null, "vintage": null, "terminated": 0, "memberUomCode": null}, {"memberId": 126, "parentMemberId": 123, "memberNameEn": "Passenger automobiles and chassis, exports", "memberNameFr": "Voitures particuli\u00e8res et ch\u00e2ssis, exportations", "classificationCode": null, "classificationTypeCode": null, "geoLevel": null, "vintage": null, "terminated": 0, "memberUomCode": null}, {"memberId": 127, "parentMemberId": 123, "memberNameEn": "Trucks, truck tractors and chassis, exports", "memberNameFr": "Camions, tracteurs routiers et ch\u00e2ssis, exportations", "classificationCode": null, "classificationTypeCode": null, "geoLevel": null, "vintage": null, "terminated": 0, "memberUomCode": null}, {"memberId": 128, "parentMemberId": 123, "memberNameEn": "Motor vehicle parts including motor vehicle engines and engine parts, exports", "memberNameFr": "Pi\u00e8ces de v\u00e9hicules auto et accessoires d'auto, exportations", "classificationCode": null, "classificationTypeCode": null, "geoLevel": null, "vintage": null, "terminated": 0, "memberUomCode": null}, {"memberId": 129, "parentMemberId": 123, "memberNameEn": "Television, telecommunications and related equipment, exports", "memberNameFr": "T\u00e9l\u00e9viseurs, \u00e9quipement de t\u00e9l\u00e9communications et \u00e9quipement connexe, exportations", "classificationCode": null, "classificationTypeCode": null, "geoLevel": null, "vintage": null, "terminated": 0, "memberUomCode": null}, {"memberId": 130, "parentMemberId": 123, "memberNameEn": "Aircraft, aircraft engines and parts, exports", "memberNameFr": "A\u00e9ronefs, moteurs d'a\u00e9ronefs et leurs pi\u00e8ces, exportations", "classificationCode": null, "classificationTypeCode": null, "geoLevel": null, "vintage": null, "terminated": 0, "memberUomCode": null}, {"memberId": 131, "parentMemberId": 123, "memberNameEn": "Other transportation equipment, exports", "memberNameFr": "Autre mat\u00e9riel de transport, exportations", "classificationCode": null, "classificationTypeCode": null, "geoLevel": null, "vintage": null, "terminated": 0, "memberUomCode": null}, {"memberId": 132, "parentMemberId": 123, "memberNameEn": "Office machines and equipment, exports", "memberNameFr": "Machines et mat\u00e9riel de bureau, exportations", "classificationCode": null, "classificationTypeCode": null, "geoLevel": null, "vintage": null, "terminated": 0, "memberUomCode": null}, {"memberId": 133, "parentMemberId": 123, "memberNameEn": "Other equipment and tools, exports", "memberNameFr": "Autres mat\u00e9riel et outils, exportations", "classificationCode": null, "classificationTypeCode": null, "geoLevel": null, "vintage": null, "terminated": 0, "memberUomCode": null}, {"memberId": 134, "parentMemberId": 123, "memberNameEn": "Other consumer goods, exports", "memberNameFr": "Autres biens de consommation, exportations", "classificationCode": null, "classificationTypeCode": null, "geoLevel": null, "vintage": null, "terminated": 0, "memberUomCode": null}, {"memberId": 135, "parentMemberId": 123, "memberNameEn": "Other end products, inedible, exports", "memberNameFr": "Autres produits finis, non comestibles, exportations", "classificationCode": null, "classificationTypeCode": null, "geoLevel": null, "vintage": null, "terminated": 0, "memberUomCode": null}, {"memberId": 136, "parentMemberId": 69, "memberNameEn": "Special transactions, trade, exports", "memberNameFr": "Transactions sp\u00e9ciales commerciales, exportations", "classificationCode": null, "classificationTypeCode": null, "geoLevel": null, "vintage": null, "terminated": 0, "memberUomCode": null}, {"memberId": 137, "parentMemberId": 69, "memberNameEn": "Other balance of payment adjustments, exports", "memberNameFr": "Autres ajustements de la balance des paiements, exportations", "classificationCode": null, "classificationTypeCode": null, "geoLevel": null, "vintage": null, "terminated": 0, "memberUomCode": null}]}]