[{"dimensionPositionId": 1, "dimensionNameEn": "Geography", "dimensionNameFr": "G\u00e9ographie", "hasUom": false, "member": [{"memberId": 1, "parentMemberId": null, "memberNameEn": "Canada", "memberNameFr": "Canada", "classificationCode": "11124", "classificationTypeCode": "1", "geoLevel": 0, "vintage": 2016, "terminated": 0, "memberUomCode": null}, {"memberId": 2, "parentMemberId": 1, "memberNameEn": "Census metropolitan area (CMA)", "memberNameFr": "R\u00e9gion m\u00e9tropolitaine de recensement (RMR)", "classificationCode": null, "classificationTypeCode": null, "geoLevel": null, "vintage": null, "terminated": 0, "memberUomCode": null}, {"memberId": 3, "parentMemberId": 2, "memberNameEn": "St. John's, Newfoundland and Labrador", "memberNameFr": "St. John's, Terre-Neuve-et-Labrador", "classificationCode": "1", "classificationTypeCode": "1", "geoLevel": 503, "vintage": 2016, "terminated": 0, "memberUomCode": null}, {"memberId": 4, "parentMemberId": 2, "memberNameEn": "Halifax, Nova Scotia", "memberNameFr": "Halifax, Nouvelle-\u00c9cosse", "classificationCode": "205", "classificationTypeCode": "1", "geoLevel": 503, "vintage": 2016, "terminated": 0, "memberUomCode": null}, {"memberId": 5, "parentMemberId": 2, "memberNameEn": "Moncton, New Brunswick", "memberNameFr": "Moncton, Nouveau-Brunswick", "classificationCode": "305", "classificationTypeCode": "1", "geoLevel": 503, "vintage": 2016, "terminated": 0, "memberUomCode": null}, {"memberId": 6, "parentMemberId": 2, "memberNameEn": "Saint John, New Brunswick", "memberNameFr": "Saint John, Nouveau-Brunswick", "classificationCode": "310", "classificationTypeCode": "1", "geoLevel": 503, "vintage": 2016, "terminated": 0, "memberUomCode": null}, {"memberId": 7, "parentMemberId": 2, "memberNameEn": "Saguenay, Quebec", "memberNameFr": "Saguenay, Qu\u00e9bec", "classificationCode": "408", "classificationTypeCode": "1", "geoLevel": 503, "vintage": 2016, "terminated": 0, "memberUomCode": null}, {"memberId": 8, "parentMemberId": 2, "memberNameEn": "Qu\u00e9bec, Quebec", "memberNameFr": "Qu\u00e9bec, Qu\u00e9bec", "classificationCode": "421", "classificationTypeCode": "1", "geoLevel": 503, "vintage": 2016, "terminated": 0, "memberUomCode": null}, {"memberId": 9, "parentMemberId": 2, "memberNameEn": "Sherbrooke, Quebec", "memberNameFr": "Sherbrooke, Qu\u00e9bec", "classificationCode": "433", "classificationTypeCode": "1", "geoLevel": 503, "vintage": 2016, "terminated": 0, "memberUomCode": null}, {"memberId": 10, "parentMemberId": 2, "memberNameEn": "Trois-Rivi\u00e8res, Quebec", "memberNameFr": "Trois-Rivi\u00e8res, Qu\u00e9bec", "classificationCode": "442", "classificationTypeCode": "1", "geoLevel": 503, "vintage": 2016, "terminated": 0, "memberUomCode": null}, {"memberId": 11, "parentMemberId": 2, "memberNameEn": "Montr\u00e9al, Quebec", "memberNameFr": "Montr\u00e9al, Qu\u00e9bec", "classificationCode": "462", "classificationTypeCode": "1", "geoLevel": 503, "vintage": 2016, "terminated": 0, "memberUomCode": null}, {"memberId": 12, "parentMemberId": 2, "memberNameEn": "Ottawa-Gatineau, Ontario/Quebec", "memberNameFr": "Ottawa-Gatineau, Ontario/Qu\u00e9bec", "classificationCode": "505", "classificationTypeCode": "1", "geoLevel": 503, "vintage": 2016, "terminated": 0, "memberUomCode": null}, {"memberId": 13, "parentMemberId": 2, "memberNameEn": "Belleville, Ontario", "memberNameFr": "Belleville, Ontario", "classificationCode": "522", "classificationTypeCode": "1", "geoLevel": 503, "vintage": 2016, "terminated": 0, "memberUomCode": null}, {"memberId": 14, "parentMemberId": 2, "memberNameEn": "Kingston, Ontario", "memberNameFr": "Kingston, Ontario", "classificationCode": "521", "classificationTypeCode": "1", "geoLevel": 503, "vintage": 2016, "terminated": 0, "memberUomCode": null}, {"memberId": 15, "parentMemberId": 2, "memberNameEn": "Peterborough, Ontario ", "memberNameFr": "Peterborough, Ontario ", "classificationCode": "529", "classificationTypeCode": "1", "geoLevel": 503, "vintage": 2016, "terminated": 0, "memberUomCode": null}, {"memberId": 16, "parentMemberId": 2, "memberNameEn": "Oshawa, Ontario", "memberNameFr": "Oshawa, Ontario", "classificationCode": "532", "classificationTypeCode": "1", "geoLevel": 503, "vintage": 2016, "terminated": 0, "memberUomCode": null}, {"memberId": 17, "parentMemberId": 2, "memberNameEn": "Toronto, Ontario", "memberNameFr": "Toronto, Ontario", "classificationCode": "535", "classificationTypeCode": "1", "geoLevel": 503, "vintage": 2016, "terminated": 0, "memberUomCode": null}, {"memberId": 18, "parentMemberId": 2, "memberNameEn": "Hamilton, Ontario", "memberNameFr": "Hamilton, Ontario", "classificationCode": "537", "classificationTypeCode": "1", "geoLevel": 503, "vintage": 2016, "terminated": 0, "memberUomCode": null}, {"memberId": 19, "parentMemberId": 2, "memberNameEn": "St. Catharines-Niagara, Ontario", "memberNameFr": "St. Catharines-Niagara, Ontario", "classificationCode": "539", "classificationTypeCode": "1", "geoLevel": 503, "vintage": 2016, "terminated": 0, "memberUomCode": null}, {"memberId": 20, "parentMemberId": 2, "memberNameEn": "Kitchener-Cambridge-Waterloo, Ontario", "memberNameFr": "Kitchener-Cambridge-Waterloo, Ontario", "classificationCode": "541", "classificationTypeCode": "1", "geoLevel": 503, "vintage": 2016, "terminated": 0, "memberUomCode": null}, {"memberId": 21, "parentMemberId": 2, "memberNameEn": "Brantford, Ontario", "memberNameFr": "Brantford, Ontario", "classificationCode": "543", "classificationTypeCode": "1", "geoLevel": 503, "vintage": 2016, "terminated": 0, "memberUomCode": null}, {"memberId": 22, "parentMemberId": 2, "memberNameEn": "Guelph, Ontario", "memberNameFr": "Guelph, Ontario", "classificationCode": "550", "classificationTypeCode": "1", "geoLevel": 503, "vintage": 2016, "terminated": 0, "memberUomCode": null}, {"memberId": 23, "parentMemberId": 2, "memberNameEn": "London, Ontario", "memberNameFr": "London, Ontario", "classificationCode": "555", "classificationTypeCode": "1", "geoLevel": 503, "vintage": 2016, "terminated": 0, "memberUomCode": null}, {"memberId": 24, "parentMemberId": 2, "memberNameEn": "Windsor, Ontario", "memberNameFr": "Windsor, Ontario", "classificationCode": "559", "classificationTypeCode": "1", "geoLevel": 503, "vintage": 2016, "terminated": 0, "memberUomCode": null}, {"memberId": 25, "parentMemberId": 2, "memberNameEn": "Barrie, Ontario", "memberNameFr": "Barrie, Ontario", "classificationCode": "568", "classificationTypeCode": "1", "geoLevel": 503, "vintage": 2016, "terminated": 0, "memberUomCode": null}, {"memberId": 26, "parentMemberId": 2, "memberNameEn": "Greater Sudbury, Ontario", "memberNameFr": "Grand Sudbury, Ontario", "classificationCode": "580", "classificationTypeCode": "1", "geoLevel": 503, "vintage": 2016, "terminated": 0, "memberUomCode": null}, {"memberId": 27, "parentMemberId": 2, "memberNameEn": "Thunder Bay, Ontario", "memberNameFr": "Thunder Bay, Ontario", "classificationCode": "595", "classificationTypeCode": "1", "geoLevel": 503, "vintage": 2016, "terminated": 0, "memberUomCode": null}, {"memberId": 28, "parentMemberId": 2, "memberNameEn": "Winnipeg, Manitoba", "memberNameFr": "Winnipeg, Manitoba", "classificationCode": "602", "classificationTypeCode": "1", "geoLevel": 503, "vintage": 2016, "terminated": 0, "memberUomCode": null}, {"memberId": 29, "parentMemberId": 2, "memberNameEn": "Regina, Saskatchewan", "memberNameFr": "Regina, Saskatchewan", "classificationCode": "705", "classificationTypeCode": "1", "geoLevel": 503, "vintage": 2016, "terminated": 0, "memberUomCode": null}, {"memberId": 30, "parentMemberId": 2, "memberNameEn": "Saskatoon, Saskatchewan", "memberNameFr": "Saskatoon, Saskatchewan", "classificationCode": "725", "classificationTypeCode": "1", "geoLevel": 503, "vintage": 2016, "terminated": 0, "memberUomCode": null}, {"memberId": 31, "parentMemberId": 2, "memberNameEn": "Calgary, Alberta", "memberNameFr": "Calgary, Alberta", "classificationCode": "825", "classificationTypeCode": "1", "geoLevel": 503, "vintage": 2016, "terminated": 0, "memberUomCode": null}, {"memberId": 32, "parentMemberId": 2, "memberNameEn": "Edmonton, Alberta", "memberNameFr": "Edmonton, Alberta", "classificationCode": "835", "classificationTypeCode": "1", "geoLevel": 503, "vintage": 2016, "terminated": 0, "memberUomCode": null}, {"memberId": 33, "parentMemberId": 2, "memberNameEn": "Lethbridge, Alberta", "memberNameFr": "Lethbridge, Alberta", "classificationCode": "810", "classificationTypeCode": "1", "geoLevel": 503, "vintage": 2016, "terminated": 0, "memberUomCode": null}, {"memberId": 34, "parentMemberId": 2, "memberNameEn": "Kelowna, British Columbia ", "memberNameFr": "Kelowna, Colombie-Britannique ", "classificationCode": "915", "classificationTypeCode": "1", "geoLevel": 503, "vintage": 2016, "terminated": 0, "memberUomCode": null}, {"memberId": 35, "parentMemberId": 2, "memberNameEn": "Abbotsford-Mission, British Columbia", "memberNameFr": "Abbotsford-Mission, Colombie-Britannique", "classificationCode": "932", "classificationTypeCode": "1", "geoLevel": 503, "vintage": 2016, "terminated": 0, "memberUomCode": null}, {"memberId": 36, "parentMemberId": 2, "memberNameEn": "Vancouver, British Columbia", "memberNameFr": "Vancouver, Colombie-Britannique", "classificationCode": "933", "classificationTypeCode": "1", "geoLevel": 503, "vintage": 2016, "terminated": 0, "memberUomCode": null}, {"memberId": 37, "parentMemberId": 2, "memberNameEn": "Victoria, British Columbia", "memberNameFr": "Victoria, Colombie-Britannique", "classificationCode": "935", "classificationTypeCode": "1", "geoLevel": 503, "vintage": 2016, "terminated": 0, "memberUomCode": null}, {"memberId": 38, "parentMemberId": 1, "memberNameEn": "Non-Census metropolitan area", "memberNameFr": "R\u00e9gions autres qu'une r\u00e9gion m\u00e9tropolitaine de recensement", "classificationCode": null, "classificationTypeCode": null, "geoLevel": null, "vintage": null, "terminated": 0, "memberUomCode": null}]}, {"dimensionPositionId": 2, "dimensionNameEn": "Estimates", "dimensionNameFr": "Estimations", "hasUom": true, "member": [{"memberId": 1, "parentMemberId": null, "memberNameEn": "Value of imports", "memberNameFr": "Valeur des importations", "classificationCode": null, "classificationTypeCode": null, "geoLevel": null, "vintage": null, "terminated": 0, "memberUomCode": 81}, {"memberId": 2, "parentMemberId": null, "memberNameEn": "Number of importing establishments", "memberNameFr": "Nombre d'\u00e9tablissements importateurs", "classificationCode": null, "classificationTypeCode": null, "geoLevel": null, "vintage": null, "terminated": 0, "memberUomCode": 223}]}, {"dimensionPositionId": 3, "dimensionNameEn": "North American Industry Classification System (NAICS)", "dimensionNameFr": "Syst\u00e8me de classification des industries de l'Am\u00e9rique du Nord (SCIAN)", "hasUom": false, "member": [{"memberId": 1, "parentMemberId": null, "memberNameEn": "All industries", "memberNameFr": "Ensemble des branches d'activit\u00e9", "classificationCode": null, "classificationTypeCode": null, "geoLevel": null, "vintage": null, "terminated": 0, "memberUomCode": null}, {"memberId": 2, "parentMemberId": 1, "memberNameEn": "Agriculture, forestry, fishing and hunting", "memberNameFr": "Agriculture, foresterie, p\u00eache et chasse", "classificationCode": "11", "classificationTypeCode": "19", "geoLevel": null, "vintage": null, "terminated": 0, "memberUomCode": null}, {"memberId": 3, "parentMemberId": 1, "memberNameEn": "Mining, quarrying, and oil and gas extraction", "memberNameFr": "Extraction mini\u00e8re, exploitation en carri\u00e8re, et extraction de p\u00e9trole et de gaz", "classificationCode": "21", "classificationTypeCode": "19", "geoLevel": null, "vintage": null, "terminated": 0, "memberUomCode": null}, {"memberId": 4, "parentMemberId": 1, "memberNameEn": "Utilities", "memberNameFr": "Services publics", "classificationCode": "22", "classificationTypeCode": "19", "geoLevel": null, "vintage": null, "terminated": 0, "memberUomCode": null}, {"memberId": 5, "parentMemberId": 1, "memberNameEn": "Construction", "memberNameFr": "Construction", "classificationCode": "23", "classificationTypeCode": "19", "geoLevel": null, "vintage": null, "terminated": 0, "memberUomCode": null}, {"memberId": 6, "parentMemberId": 1, "memberNameEn": "Manufacturing", "memberNameFr": "Fabrication", "classificationCode": "31-33", "classificationTypeCode": "19", "geoLevel": null, "vintage": null, "terminated": 0, "memberUomCode": null}, {"memberId": 7, "parentMemberId": 1, "memberNameEn": "Wholesale trade", "memberNameFr": "Commerce de gros", "classificationCode": "41", "classificationTypeCode": "19", "geoLevel": null, "vintage": null, "terminated": 0, "memberUomCode": null}, {"memberId": 8, "parentMemberId": 1, "memberNameEn": "Retail trade", "memberNameFr": "Commerce de d\u00e9tail", "classificationCode": "44-45", "classificationTypeCode": "19", "geoLevel": null, "vintage": null, "terminated": 0, "memberUomCode": null}, {"memberId": 9, "parentMemberId": 1, "memberNameEn": "Transportation and warehousing", "memberNameFr": "Transport et entreposage", "classificationCode": "48-49", "classificationTypeCode": "19", "geoLevel": null, "vintage": null, "terminated": 0, "memberUomCode": null}, {"memberId": 10, "parentMemberId": 1, "memberNameEn": "Information and cultural industries", "memberNameFr": "Industrie de l'information et industrie culturelle", "classificationCode": "51", "classificationTypeCode": "19", "geoLevel": null, "vintage": null, "terminated": 0, "memberUomCode": null}, {"memberId": 11, "parentMemberId": 1, "memberNameEn": "Finance and insurance", "memberNameFr": "Finance et assurances", "classificationCode": "52", "classificationTypeCode": "19", "geoLevel": null, "vintage": null, "terminated": 0, "memberUomCode": null}, {"memberId": 12, "parentMemberId": 1, "memberNameEn": "Real estate and rental and leasing", "memberNameFr": "Services immobiliers et services de location et de location \u00e0 bail", "classificationCode": "53", "classificationTypeCode": "19", "geoLevel": null, "vintage": null, "terminated": 0, "memberUomCode": null}, {"memberId": 13, "parentMemberId": 1, "memberNameEn": "Professional, scientific and technical services", "memberNameFr": "Services professionnels, scientifiques et techniques", "classificationCode": "54", "classificationTypeCode": "19", "geoLevel": null, "vintage": null, "terminated": 0, "memberUomCode": null}, {"memberId": 14, "parentMemberId": 1, "memberNameEn": "Management of companies and enterprises", "memberNameFr": "Gestion de soci\u00e9t\u00e9s et d'entreprises", "classificationCode": "55", "classificationTypeCode": "19", "geoLevel": null, "vintage": null, "terminated": 0, "memberUomCode": null}, {"memberId": 15, "parentMemberId": 1, "memberNameEn": "Administrative and support, waste management and remediation services", "memberNameFr": "Services administratifs, services de soutien, services de gestion des d\u00e9chets et services d'assainissement", "classificationCode": "56", "classificationTypeCode": "19", "geoLevel": null, "vintage": null, "terminated": 0, "memberUomCode": null}, {"memberId": 16, "parentMemberId": 1, "memberNameEn": "Educational services", "memberNameFr": "Services d'enseignement", "classificationCode": "61", "classificationTypeCode": "19", "geoLevel": null, "vintage": null, "terminated": 0, "memberUomCode": null}, {"memberId": 17, "parentMemberId": 1, "memberNameEn": "Health care and social assistance", "memberNameFr": "Soins de sant\u00e9 et assistance sociale", "classificationCode": "62", "classificationTypeCode": "19", "geoLevel": null, "vintage": null, "terminated": 0, "memberUomCode": null}, {"memberId": 18, "parentMemberId": 1, "memberNameEn": "Arts, entertainment and recreation", "memberNameFr": "Arts, spectacles et loisirs", "classificationCode": "71", "classificationTypeCode": "19", "geoLevel": null, "vintage": null, "terminated": 0, "memberUomCode": null}, {"memberId": 19, "parentMemberId": 1, "memberNameEn": "Accommodation and food services", "memberNameFr": "H\u00e9bergement et services de restauration", "classificationCode": "72", "classificationTypeCode": "19", "geoLevel": null, "vintage": null, "terminated": 0, "memberUomCode": null}, {"memberId": 20, "parentMemberId": 1, "memberNameEn": "Other services (except public administration)", "memberNameFr": "Autres services (sauf les administrations publiques)", "classificationCode": "81", "classificationTypeCode": "19", "geoLevel": null, "vintage": null, "terminated": 0, "memberUomCode": null}, {"memberId": 21, "parentMemberId": 1, "memberNameEn": "Public administration", "memberNameFr": "Administrations publiques", "classificationCode": "91", "classificationTypeCode": "19", "geoLevel": null, "vintage": null, "terminated": 0, "memberUomCode": null}]}]