[{"dimensionPositionId": 1, "dimensionNameEn": "Geography", "dimensionNameFr": "G\u00e9ographie", "hasUom": false, "member": [{"memberId": 1, "parentMemberId": null, "memberNameEn": "United States", "memberNameFr": "\u00c9tats-Unis", "classificationCode": null, "classificationTypeCode": null, "geoLevel": null, "vintage": null, "terminated": 0, "memberUomCode": null}]}, {"dimensionPositionId": 2, "dimensionNameEn": "Seasonal adjustment", "dimensionNameFr": "D\u00e9saisonnalisation", "hasUom": false, "member": [{"memberId": 1, "parentMemberId": null, "memberNameEn": "Unadjusted", "memberNameFr": "Non d\u00e9saisonnalis\u00e9es", "classificationCode": null, "classificationTypeCode": null, "geoLevel": null, "vintage": null, "terminated": 0, "memberUomCode": null}, {"memberId": 2, "parentMemberId": null, "memberNameEn": "Seasonally adjusted", "memberNameFr": "D\u00e9saisonnalis\u00e9es", "classificationCode": null, "classificationTypeCode": null, "geoLevel": null, "vintage": null, "terminated": 0, "memberUomCode": null}]}, {"dimensionPositionId": 3, "dimensionNameEn": "Type of trade", "dimensionNameFr": "Type de commerce", "hasUom": true, "member": [{"memberId": 1, "parentMemberId": null, "memberNameEn": "Merchandise exports", "memberNameFr": "Exportations de marchandises", "classificationCode": null, "classificationTypeCode": null, "geoLevel": null, "vintage": null, "terminated": 0, "memberUomCode": 81}, {"memberId": 2, "parentMemberId": null, "memberNameEn": "Merchandise imports", "memberNameFr": "Importations de marchandises", "classificationCode": null, "classificationTypeCode": null, "geoLevel": null, "vintage": null, "terminated": 0, "memberUomCode": 81}, {"memberId": 3, "parentMemberId": null, "memberNameEn": "Merchandise balance", "memberNameFr": "Solde des marchandises", "classificationCode": null, "classificationTypeCode": null, "geoLevel": null, "vintage": null, "terminated": 0, "memberUomCode": 81}]}]