[{"dimensionPositionId": 1, "dimensionNameEn": "Geography", "dimensionNameFr": "G\u00e9ographie", "hasUom": false, "member": [{"memberId": 1, "parentMemberId": null, "memberNameEn": "Canada", "memberNameFr": "Canada", "classificationCode": "11124", "classificationTypeCode": "1", "geoLevel": 0, "vintage": 2016, "terminated": 0, "memberUomCode": null}]}, {"dimensionPositionId": 2, "dimensionNameEn": "Country or area of origin", "dimensionNameFr": "Pays ou r\u00e9gions d'origine", "hasUom": false, "member": [{"memberId": 1, "parentMemberId": null, "memberNameEn": "All countries", "memberNameFr": "Tous les pays", "classificationCode": null, "classificationTypeCode": null, "geoLevel": null, "vintage": null, "terminated": 0, "memberUomCode": null}, {"memberId": 2, "parentMemberId": null, "memberNameEn": "European Union 1995", "memberNameFr": "L'Union europ\u00e9enne 1995", "classificationCode": null, "classificationTypeCode": null, "geoLevel": null, "vintage": null, "terminated": 0, "memberUomCode": null}, {"memberId": 3, "parentMemberId": null, "memberNameEn": "Other Organization for Economic Co-operation and Development countries (excluding the European Union 1995, United States of America and Japan)", "memberNameFr": "Autres pays de l'Organisation de coop\u00e9ration et de d\u00e9veloppement \u00e9conomique (excluant l'Union europ\u00e9enne 1995, les \u00c9tats-Unis et le Japon)", "classificationCode": null, "classificationTypeCode": null, "geoLevel": null, "vintage": null, "terminated": 0, "memberUomCode": null}, {"memberId": 5, "parentMemberId": null, "memberNameEn": "Other countries (excluding the European Union 1995,other Organization for Economic Co-operation and Development countries, United States of America and Japan)", "memberNameFr": "Les autres pays, (excluant l'Union europ\u00e9enne 1995, autres pays de l'Organisation de coop\u00e9ration et de d\u00e9veloppement \u00e9conomique, les \u00c9tats-Unis et le Japon)", "classificationCode": null, "classificationTypeCode": null, "geoLevel": null, "vintage": null, "terminated": 0, "memberUomCode": null}, {"memberId": 4, "parentMemberId": null, "memberNameEn": "Other America (excluding United States of America)", "memberNameFr": "Les pays d'Am\u00e9rique (excluant les \u00c9tats-Unis)", "classificationCode": null, "classificationTypeCode": null, "geoLevel": null, "vintage": null, "terminated": 0, "memberUomCode": null}, {"memberId": 6, "parentMemberId": null, "memberNameEn": "United Kingdom", "memberNameFr": "Royaume-Uni", "classificationCode": null, "classificationTypeCode": null, "geoLevel": null, "vintage": null, "terminated": 0, "memberUomCode": null}, {"memberId": 7, "parentMemberId": null, "memberNameEn": "Belgium", "memberNameFr": "Belgique", "classificationCode": null, "classificationTypeCode": null, "geoLevel": null, "vintage": null, "terminated": 0, "memberUomCode": null}, {"memberId": 8, "parentMemberId": null, "memberNameEn": "France", "memberNameFr": "France", "classificationCode": null, "classificationTypeCode": null, "geoLevel": null, "vintage": null, "terminated": 0, "memberUomCode": null}, {"memberId": 9, "parentMemberId": null, "memberNameEn": "Germany", "memberNameFr": "Allemagne", "classificationCode": null, "classificationTypeCode": null, "geoLevel": null, "vintage": null, "terminated": 0, "memberUomCode": null}, {"memberId": 10, "parentMemberId": null, "memberNameEn": "Italy", "memberNameFr": "Italie", "classificationCode": null, "classificationTypeCode": null, "geoLevel": null, "vintage": null, "terminated": 0, "memberUomCode": null}, {"memberId": 11, "parentMemberId": null, "memberNameEn": "Netherlands", "memberNameFr": "Pays-Bas", "classificationCode": null, "classificationTypeCode": null, "geoLevel": null, "vintage": null, "terminated": 0, "memberUomCode": null}, {"memberId": 12, "parentMemberId": null, "memberNameEn": "Norway", "memberNameFr": "Norv\u00e8ge", "classificationCode": null, "classificationTypeCode": null, "geoLevel": null, "vintage": null, "terminated": 0, "memberUomCode": null}, {"memberId": 13, "parentMemberId": null, "memberNameEn": "Sweden", "memberNameFr": "Su\u00e8de", "classificationCode": null, "classificationTypeCode": null, "geoLevel": null, "vintage": null, "terminated": 0, "memberUomCode": null}, {"memberId": 14, "parentMemberId": null, "memberNameEn": "Switzerland", "memberNameFr": "Suisse", "classificationCode": null, "classificationTypeCode": null, "geoLevel": null, "vintage": null, "terminated": 0, "memberUomCode": null}, {"memberId": 15, "parentMemberId": null, "memberNameEn": "Iran", "memberNameFr": "Iran", "classificationCode": null, "classificationTypeCode": null, "geoLevel": null, "vintage": null, "terminated": 0, "memberUomCode": null}, {"memberId": 16, "parentMemberId": null, "memberNameEn": "Saudi Arabia", "memberNameFr": "Arabie Saoudite", "classificationCode": null, "classificationTypeCode": null, "geoLevel": null, "vintage": null, "terminated": 0, "memberUomCode": null}, {"memberId": 17, "parentMemberId": null, "memberNameEn": "Nigeria", "memberNameFr": "Nig\u00e9ria", "classificationCode": null, "classificationTypeCode": null, "geoLevel": null, "vintage": null, "terminated": 0, "memberUomCode": null}, {"memberId": 18, "parentMemberId": null, "memberNameEn": "South Africa", "memberNameFr": "Afrique du Sud", "classificationCode": null, "classificationTypeCode": null, "geoLevel": null, "vintage": null, "terminated": 0, "memberUomCode": null}, {"memberId": 19, "parentMemberId": null, "memberNameEn": "Hong Kong", "memberNameFr": "Hong Kong", "classificationCode": null, "classificationTypeCode": null, "geoLevel": null, "vintage": null, "terminated": 0, "memberUomCode": null}, {"memberId": 20, "parentMemberId": null, "memberNameEn": "Japan", "memberNameFr": "Japon", "classificationCode": null, "classificationTypeCode": null, "geoLevel": null, "vintage": null, "terminated": 0, "memberUomCode": null}, {"memberId": 21, "parentMemberId": null, "memberNameEn": "Taiwan", "memberNameFr": "Taiwan", "classificationCode": null, "classificationTypeCode": null, "geoLevel": null, "vintage": null, "terminated": 0, "memberUomCode": null}, {"memberId": 22, "parentMemberId": null, "memberNameEn": "Australia", "memberNameFr": "Australie", "classificationCode": null, "classificationTypeCode": null, "geoLevel": null, "vintage": null, "terminated": 0, "memberUomCode": null}, {"memberId": 23, "parentMemberId": null, "memberNameEn": "Brazil", "memberNameFr": "Br\u00e9sil", "classificationCode": null, "classificationTypeCode": null, "geoLevel": null, "vintage": null, "terminated": 0, "memberUomCode": null}, {"memberId": 24, "parentMemberId": null, "memberNameEn": "Venezuela", "memberNameFr": "Venezuela", "classificationCode": null, "classificationTypeCode": null, "geoLevel": null, "vintage": null, "terminated": 0, "memberUomCode": null}, {"memberId": 25, "parentMemberId": null, "memberNameEn": "Mexico", "memberNameFr": "Mexique", "classificationCode": null, "classificationTypeCode": null, "geoLevel": null, "vintage": null, "terminated": 0, "memberUomCode": null}, {"memberId": 26, "parentMemberId": null, "memberNameEn": "United States of America", "memberNameFr": "\u00c9tats-Unis", "classificationCode": null, "classificationTypeCode": null, "geoLevel": null, "vintage": null, "terminated": 0, "memberUomCode": null}]}, {"dimensionPositionId": 3, "dimensionNameEn": "Summary import groups (SIG) and other aggregations", "dimensionNameFr": "Groupes sommaires \u00e0 l'importation (SIG) et agr\u00e9gations diverses", "hasUom": true, "member": [{"memberId": 1, "parentMemberId": null, "memberNameEn": "Total imports", "memberNameFr": "Total des importations", "classificationCode": null, "classificationTypeCode": null, "geoLevel": null, "vintage": null, "terminated": 0, "memberUomCode": 81}, {"memberId": 2, "parentMemberId": 1, "memberNameEn": "Total live animals", "memberNameFr": "Total des animaux vivants", "classificationCode": null, "classificationTypeCode": null, "geoLevel": null, "vintage": null, "terminated": 0, "memberUomCode": 81}, {"memberId": 3, "parentMemberId": 1, "memberNameEn": "Total food, feed, beverages and tobacco", "memberNameFr": "Total des aliments, provendes, boissons et tabacs", "classificationCode": null, "classificationTypeCode": null, "geoLevel": null, "vintage": null, "terminated": 0, "memberUomCode": 81}, {"memberId": 4, "parentMemberId": 3, "memberNameEn": "Meat and meat preparations", "memberNameFr": "Viandes et pr\u00e9paration de viandes", "classificationCode": null, "classificationTypeCode": null, "geoLevel": null, "vintage": null, "terminated": 0, "memberUomCode": 81}, {"memberId": 5, "parentMemberId": 4, "memberNameEn": "Meat, fresh, chilled or frozen", "memberNameFr": "Viandes fra\u00eeches, r\u00e9frig\u00e9r\u00e9es ou congel\u00e9es", "classificationCode": null, "classificationTypeCode": null, "geoLevel": null, "vintage": null, "terminated": 0, "memberUomCode": 81}, {"memberId": 6, "parentMemberId": 4, "memberNameEn": "Other meat and meat preparations", "memberNameFr": "Autres viandes et pr\u00e9parations de viande", "classificationCode": null, "classificationTypeCode": null, "geoLevel": null, "vintage": null, "terminated": 0, "memberUomCode": 81}, {"memberId": 7, "parentMemberId": 3, "memberNameEn": "Fresh fruits and berries", "memberNameFr": "Fruits frais et baies", "classificationCode": null, "classificationTypeCode": null, "geoLevel": null, "vintage": null, "terminated": 0, "memberUomCode": 81}, {"memberId": 8, "parentMemberId": 7, "memberNameEn": "Bananas and plantains, fresh", "memberNameFr": "Bananes et bananes des Antilles, fra\u00eeches", "classificationCode": null, "classificationTypeCode": null, "geoLevel": null, "vintage": null, "terminated": 0, "memberUomCode": 81}, {"memberId": 9, "parentMemberId": 7, "memberNameEn": "Grapes, fresh", "memberNameFr": "Raisins frais", "classificationCode": null, "classificationTypeCode": null, "geoLevel": null, "vintage": null, "terminated": 0, "memberUomCode": 81}, {"memberId": 10, "parentMemberId": 7, "memberNameEn": "Oranges, mandarins, tangerines, fresh", "memberNameFr": "Oranges, mandarines, tangerines fra\u00eeches", "classificationCode": null, "classificationTypeCode": null, "geoLevel": null, "vintage": null, "terminated": 0, "memberUomCode": 81}, {"memberId": 11, "parentMemberId": 7, "memberNameEn": "Other fresh fruits and berries", "memberNameFr": "Autres fruits frais et baies", "classificationCode": null, "classificationTypeCode": null, "geoLevel": null, "vintage": null, "terminated": 0, "memberUomCode": 81}, {"memberId": 12, "parentMemberId": 3, "memberNameEn": "Dried fruits, fruits and fruit preparations", "memberNameFr": "Fruits s\u00e9ch\u00e9s, fruits et pr\u00e9parations \u00e0 base de fruits", "classificationCode": null, "classificationTypeCode": null, "geoLevel": null, "vintage": null, "terminated": 0, "memberUomCode": 81}, {"memberId": 13, "parentMemberId": 12, "memberNameEn": "Fruits, dried or dehydrated", "memberNameFr": "Fruits s\u00e9ch\u00e9s ou d\u00e9shydrat\u00e9s", "classificationCode": null, "classificationTypeCode": null, "geoLevel": null, "vintage": null, "terminated": 0, "memberUomCode": 81}, {"memberId": 14, "parentMemberId": 12, "memberNameEn": "Orange juice and concentrates", "memberNameFr": "Jus d'orange et concentr\u00e9s", "classificationCode": null, "classificationTypeCode": null, "geoLevel": null, "vintage": null, "terminated": 0, "memberUomCode": 81}, {"memberId": 15, "parentMemberId": 12, "memberNameEn": "Other fruit juices and concentrates", "memberNameFr": "Autres jus de fruits et concentr\u00e9s", "classificationCode": null, "classificationTypeCode": null, "geoLevel": null, "vintage": null, "terminated": 0, "memberUomCode": 81}, {"memberId": 16, "parentMemberId": 12, "memberNameEn": "Fruits and products, canned", "memberNameFr": "Fruits et produits en bo\u00eetes", "classificationCode": null, "classificationTypeCode": null, "geoLevel": null, "vintage": null, "terminated": 0, "memberUomCode": 81}, {"memberId": 17, "parentMemberId": 12, "memberNameEn": "Other fruits and fruit preparations", "memberNameFr": "Autres fruits et pr\u00e9parations \u00e0 base de fruits", "classificationCode": null, "classificationTypeCode": null, "geoLevel": null, "vintage": null, "terminated": 0, "memberUomCode": 81}, {"memberId": 18, "parentMemberId": 3, "memberNameEn": "Vegetables and vegetable preparations", "memberNameFr": "L\u00e9gumes et pr\u00e9parations \u00e0 base de l\u00e9gumes", "classificationCode": null, "classificationTypeCode": null, "geoLevel": null, "vintage": null, "terminated": 0, "memberUomCode": 81}, {"memberId": 19, "parentMemberId": 18, "memberNameEn": "Tomatoes, fresh", "memberNameFr": "Tomates, fra\u00eeches", "classificationCode": null, "classificationTypeCode": null, "geoLevel": null, "vintage": null, "terminated": 0, "memberUomCode": 81}, {"memberId": 20, "parentMemberId": 18, "memberNameEn": "Other fresh vegetables", "memberNameFr": "Autres l\u00e9gumes frais", "classificationCode": null, "classificationTypeCode": null, "geoLevel": null, "vintage": null, "terminated": 0, "memberUomCode": 81}, {"memberId": 21, "parentMemberId": 18, "memberNameEn": "Other vegetables and vegetable preparations", "memberNameFr": "Autres l\u00e9gumes et pr\u00e9parations \u00e0 base de l\u00e9gumes", "classificationCode": null, "classificationTypeCode": null, "geoLevel": null, "vintage": null, "terminated": 0, "memberUomCode": 81}, {"memberId": 22, "parentMemberId": 3, "memberNameEn": "Raw sugar", "memberNameFr": "Sucre brut", "classificationCode": null, "classificationTypeCode": null, "geoLevel": null, "vintage": null, "terminated": 0, "memberUomCode": 81}, {"memberId": 23, "parentMemberId": 3, "memberNameEn": "Coffee, cocoa and tea", "memberNameFr": "Caf\u00e9, cacao et th\u00e9", "classificationCode": null, "classificationTypeCode": null, "geoLevel": null, "vintage": null, "terminated": 0, "memberUomCode": 81}, {"memberId": 24, "parentMemberId": 23, "memberNameEn": "Cocoa and chocolate", "memberNameFr": "Cacao et chocolat", "classificationCode": null, "classificationTypeCode": null, "geoLevel": null, "vintage": null, "terminated": 0, "memberUomCode": 81}, {"memberId": 25, "parentMemberId": 23, "memberNameEn": "Coffee", "memberNameFr": "Caf\u00e9", "classificationCode": null, "classificationTypeCode": null, "geoLevel": null, "vintage": null, "terminated": 0, "memberUomCode": 81}, {"memberId": 26, "parentMemberId": 23, "memberNameEn": "Tea", "memberNameFr": "Th\u00e9", "classificationCode": null, "classificationTypeCode": null, "geoLevel": null, "vintage": null, "terminated": 0, "memberUomCode": 81}, {"memberId": 27, "parentMemberId": 3, "memberNameEn": "Other food, feed, beverages and tobacco", "memberNameFr": "Autres aliments, provendes, boissons et tabacs", "classificationCode": null, "classificationTypeCode": null, "geoLevel": null, "vintage": null, "terminated": 0, "memberUomCode": 81}, {"memberId": 28, "parentMemberId": 27, "memberNameEn": "Fish and marine animals", "memberNameFr": "Poissons et animaux marins", "classificationCode": null, "classificationTypeCode": null, "geoLevel": null, "vintage": null, "terminated": 0, "memberUomCode": 81}, {"memberId": 29, "parentMemberId": 27, "memberNameEn": "Dairy produce, eggs and honey", "memberNameFr": "Produits laitiers, oeufs et miel", "classificationCode": null, "classificationTypeCode": null, "geoLevel": null, "vintage": null, "terminated": 0, "memberUomCode": 81}, {"memberId": 30, "parentMemberId": 27, "memberNameEn": "Corn (maize), shelled", "memberNameFr": "Bl\u00e9 d'Inde (ma\u00efs) \u00e9gren\u00e9", "classificationCode": null, "classificationTypeCode": null, "geoLevel": null, "vintage": null, "terminated": 0, "memberUomCode": 81}, {"memberId": 31, "parentMemberId": 27, "memberNameEn": "Other cereals and cereal preparations", "memberNameFr": "Autres c\u00e9r\u00e9ales et pr\u00e9parations c\u00e9r\u00e9ali\u00e8res", "classificationCode": null, "classificationTypeCode": null, "geoLevel": null, "vintage": null, "terminated": 0, "memberUomCode": 81}, {"memberId": 32, "parentMemberId": 27, "memberNameEn": "Nuts, except oil nuts", "memberNameFr": "Noix, sauf noix ol\u00e9agineuses", "classificationCode": null, "classificationTypeCode": null, "geoLevel": null, "vintage": null, "terminated": 0, "memberUomCode": 81}, {"memberId": 33, "parentMemberId": 27, "memberNameEn": "Refined sugar, molasses and syrups", "memberNameFr": "Sucre raffin\u00e9, m\u00e9lasse et sirops", "classificationCode": null, "classificationTypeCode": null, "geoLevel": null, "vintage": null, "terminated": 0, "memberUomCode": 81}, {"memberId": 34, "parentMemberId": 27, "memberNameEn": "Sugar preparations and confectionery", "memberNameFr": "Pr\u00e9parations \u00e0 base de sucre et confiserie", "classificationCode": null, "classificationTypeCode": null, "geoLevel": null, "vintage": null, "terminated": 0, "memberUomCode": 81}, {"memberId": 35, "parentMemberId": 27, "memberNameEn": "Other foods and materials for foods", "memberNameFr": "Autres aliments et mati\u00e8res pour aliments", "classificationCode": null, "classificationTypeCode": null, "geoLevel": null, "vintage": null, "terminated": 0, "memberUomCode": 81}, {"memberId": 36, "parentMemberId": 27, "memberNameEn": "Oil seed cake and meal", "memberNameFr": "Tourteaux et farine ol\u00e9agineux", "classificationCode": null, "classificationTypeCode": null, "geoLevel": null, "vintage": null, "terminated": 0, "memberUomCode": 81}, {"memberId": 37, "parentMemberId": 27, "memberNameEn": "Other fodder and feed", "memberNameFr": "Autres fourrages et provendes", "classificationCode": null, "classificationTypeCode": null, "geoLevel": null, "vintage": null, "terminated": 0, "memberUomCode": 81}, {"memberId": 38, "parentMemberId": 27, "memberNameEn": "Distilled alcoholic beverages", "memberNameFr": "Boissons alcooliques distill\u00e9es", "classificationCode": null, "classificationTypeCode": null, "geoLevel": null, "vintage": null, "terminated": 0, "memberUomCode": 81}, {"memberId": 39, "parentMemberId": 27, "memberNameEn": "Other beverages", "memberNameFr": "Autres boissons", "classificationCode": null, "classificationTypeCode": null, "geoLevel": null, "vintage": null, "terminated": 0, "memberUomCode": 81}, {"memberId": 40, "parentMemberId": 27, "memberNameEn": "Tobacco", "memberNameFr": "Tabac", "classificationCode": null, "classificationTypeCode": null, "geoLevel": null, "vintage": null, "terminated": 0, "memberUomCode": 81}, {"memberId": 41, "parentMemberId": 1, "memberNameEn": "Total crude materials, inedible", "memberNameFr": "Total des mati\u00e8res brutes, non comestibles", "classificationCode": null, "classificationTypeCode": null, "geoLevel": null, "vintage": null, "terminated": 0, "memberUomCode": 81}, {"memberId": 42, "parentMemberId": 41, "memberNameEn": "Oil seeds", "memberNameFr": "Graines ol\u00e9agineuses", "classificationCode": null, "classificationTypeCode": null, "geoLevel": null, "vintage": null, "terminated": 0, "memberUomCode": 81}, {"memberId": 43, "parentMemberId": 42, "memberNameEn": "Soya beans", "memberNameFr": "F\u00e8ves de soya", "classificationCode": null, "classificationTypeCode": null, "geoLevel": null, "vintage": null, "terminated": 0, "memberUomCode": 81}, {"memberId": 44, "parentMemberId": 42, "memberNameEn": "Other oil seeds, oil nuts and oil kernels", "memberNameFr": "Autres graines, noix et amandes ol\u00e9agineuses", "classificationCode": null, "classificationTypeCode": null, "geoLevel": null, "vintage": null, "terminated": 0, "memberUomCode": 81}, {"memberId": 45, "parentMemberId": 41, "memberNameEn": "Cotton", "memberNameFr": "Coton", "classificationCode": null, "classificationTypeCode": null, "geoLevel": null, "vintage": null, "terminated": 0, "memberUomCode": 81}, {"memberId": 46, "parentMemberId": 41, "memberNameEn": "Wool and man-made fibers", "memberNameFr": "Laine et fibres artificielles", "classificationCode": null, "classificationTypeCode": null, "geoLevel": null, "vintage": null, "terminated": 0, "memberUomCode": 81}, {"memberId": 47, "parentMemberId": 46, "memberNameEn": "Wool and fine animal hair", "memberNameFr": "Laine et poils fins, d'origine animale", "classificationCode": null, "classificationTypeCode": null, "geoLevel": null, "vintage": null, "terminated": 0, "memberUomCode": 81}, {"memberId": 48, "parentMemberId": 46, "memberNameEn": "Man-made fibres", "memberNameFr": "Fibres artificielles", "classificationCode": null, "classificationTypeCode": null, "geoLevel": null, "vintage": null, "terminated": 0, "memberUomCode": 81}, {"memberId": 49, "parentMemberId": 46, "memberNameEn": "Other textile fibres", "memberNameFr": "Autres fibres textiles", "classificationCode": null, "classificationTypeCode": null, "geoLevel": null, "vintage": null, "terminated": 0, "memberUomCode": 81}, {"memberId": 50, "parentMemberId": 41, "memberNameEn": "Iron ores, concentrates and scrap", "memberNameFr": "Minerais, concentr\u00e9s et d\u00e9chets de fer", "classificationCode": null, "classificationTypeCode": null, "geoLevel": null, "vintage": null, "terminated": 0, "memberUomCode": 81}, {"memberId": 51, "parentMemberId": 50, "memberNameEn": "Iron ores and concentrates", "memberNameFr": "Minerais et concentr\u00e9s de fer", "classificationCode": null, "classificationTypeCode": null, "geoLevel": null, "vintage": null, "terminated": 0, "memberUomCode": 81}, {"memberId": 52, "parentMemberId": 50, "memberNameEn": "Scrap iron and steel", "memberNameFr": "D\u00e9chets de fer et d'acier", "classificationCode": null, "classificationTypeCode": null, "geoLevel": null, "vintage": null, "terminated": 0, "memberUomCode": 81}, {"memberId": 53, "parentMemberId": 41, "memberNameEn": "Aluminum ores, concentrates and scrap", "memberNameFr": "Minerais, concentr\u00e9s et d\u00e9chets d'aluminium", "classificationCode": null, "classificationTypeCode": null, "geoLevel": null, "vintage": null, "terminated": 0, "memberUomCode": 81}, {"memberId": 54, "parentMemberId": 41, "memberNameEn": "Coal", "memberNameFr": "Charbon", "classificationCode": null, "classificationTypeCode": null, "geoLevel": null, "vintage": null, "terminated": 0, "memberUomCode": 81}, {"memberId": 55, "parentMemberId": 41, "memberNameEn": "Crude petroleum", "memberNameFr": "P\u00e9trole brut", "classificationCode": null, "classificationTypeCode": null, "geoLevel": null, "vintage": null, "terminated": 0, "memberUomCode": 81}, {"memberId": 56, "parentMemberId": 41, "memberNameEn": "Other crude materials, inedible", "memberNameFr": "Autres mati\u00e8res brutes, non comestibles", "classificationCode": null, "classificationTypeCode": null, "geoLevel": null, "vintage": null, "terminated": 0, "memberUomCode": 81}, {"memberId": 57, "parentMemberId": 56, "memberNameEn": "Fur skins, undressed", "memberNameFr": "Pelleteries, non appr\u00eat\u00e9es", "classificationCode": null, "classificationTypeCode": null, "geoLevel": null, "vintage": null, "terminated": 0, "memberUomCode": 81}, {"memberId": 58, "parentMemberId": 56, "memberNameEn": "Other crude animal products", "memberNameFr": "Autres produits d'origine animale", "classificationCode": null, "classificationTypeCode": null, "geoLevel": null, "vintage": null, "terminated": 0, "memberUomCode": 81}, {"memberId": 59, "parentMemberId": 56, "memberNameEn": "Rubber and allied gums, natural", "memberNameFr": "Caoutchouc naturel et gommes connexes", "classificationCode": null, "classificationTypeCode": null, "geoLevel": null, "vintage": null, "terminated": 0, "memberUomCode": 81}, {"memberId": 60, "parentMemberId": 56, "memberNameEn": "Other crude vegetable products", "memberNameFr": "Autres produits v\u00e9g\u00e9taux bruts", "classificationCode": null, "classificationTypeCode": null, "geoLevel": null, "vintage": null, "terminated": 0, "memberUomCode": 81}, {"memberId": 61, "parentMemberId": 56, "memberNameEn": "Crude wood materials", "memberNameFr": "Mati\u00e8res en bois brut", "classificationCode": null, "classificationTypeCode": null, "geoLevel": null, "vintage": null, "terminated": 0, "memberUomCode": 81}, {"memberId": 62, "parentMemberId": 56, "memberNameEn": "Other metals in ores, concentrates and scrap", "memberNameFr": "Autres minerais, concentr\u00e9s et d\u00e9chets m\u00e9tallif\u00e8res", "classificationCode": null, "classificationTypeCode": null, "geoLevel": null, "vintage": null, "terminated": 0, "memberUomCode": 81}, {"memberId": 63, "parentMemberId": 56, "memberNameEn": "Other crude bituminous substances", "memberNameFr": "Autres substances bitumineuses brutes", "classificationCode": null, "classificationTypeCode": null, "geoLevel": null, "vintage": null, "terminated": 0, "memberUomCode": 81}, {"memberId": 64, "parentMemberId": 56, "memberNameEn": "Abrasives, natural", "memberNameFr": "Abrasifs naturels", "classificationCode": null, "classificationTypeCode": null, "geoLevel": null, "vintage": null, "terminated": 0, "memberUomCode": 81}, {"memberId": 65, "parentMemberId": 56, "memberNameEn": "Phosphate rock", "memberNameFr": "Roche phosphat\u00e9e", "classificationCode": null, "classificationTypeCode": null, "geoLevel": null, "vintage": null, "terminated": 0, "memberUomCode": 81}, {"memberId": 66, "parentMemberId": 56, "memberNameEn": "Other crude non-metallic minerals", "memberNameFr": "Autres min\u00e9raux non m\u00e9talliques bruts", "classificationCode": null, "classificationTypeCode": null, "geoLevel": null, "vintage": null, "terminated": 0, "memberUomCode": 81}, {"memberId": 67, "parentMemberId": 56, "memberNameEn": "Other waste and scrap materials", "memberNameFr": "Autres d\u00e9chets et mati\u00e8res de rebut", "classificationCode": null, "classificationTypeCode": null, "geoLevel": null, "vintage": null, "terminated": 0, "memberUomCode": 81}, {"memberId": 68, "parentMemberId": 1, "memberNameEn": "Total fabricated materials, inedible", "memberNameFr": "Total des mati\u00e8res travaill\u00e9es, non comestibles", "classificationCode": null, "classificationTypeCode": null, "geoLevel": null, "vintage": null, "terminated": 0, "memberUomCode": 81}, {"memberId": 69, "parentMemberId": 68, "memberNameEn": "Paper and paperboard", "memberNameFr": "Papier et carton", "classificationCode": null, "classificationTypeCode": null, "geoLevel": null, "vintage": null, "terminated": 0, "memberUomCode": 81}, {"memberId": 70, "parentMemberId": 68, "memberNameEn": "Yarn, thread and cordage", "memberNameFr": "Fil\u00e9s, fils et cordage", "classificationCode": null, "classificationTypeCode": null, "geoLevel": null, "vintage": null, "terminated": 0, "memberUomCode": 81}, {"memberId": 71, "parentMemberId": 70, "memberNameEn": "Cotton yarn and thread", "memberNameFr": "Fil\u00e9s et fils de coton", "classificationCode": null, "classificationTypeCode": null, "geoLevel": null, "vintage": null, "terminated": 0, "memberUomCode": 81}, {"memberId": 72, "parentMemberId": 70, "memberNameEn": "Man-made fibre yarn and thread", "memberNameFr": "Fil\u00e9s et fils de fibres artificielles", "classificationCode": null, "classificationTypeCode": null, "geoLevel": null, "vintage": null, "terminated": 0, "memberUomCode": 81}, {"memberId": 73, "parentMemberId": 70, "memberNameEn": "Other yarn and thread", "memberNameFr": "Autres fil\u00e9s et fils", "classificationCode": null, "classificationTypeCode": null, "geoLevel": null, "vintage": null, "terminated": 0, "memberUomCode": 81}, {"memberId": 74, "parentMemberId": 70, "memberNameEn": "Cordage, twine and rope", "memberNameFr": "Cordage, ficelle et corde", "classificationCode": null, "classificationTypeCode": null, "geoLevel": null, "vintage": null, "terminated": 0, "memberUomCode": 81}, {"memberId": 75, "parentMemberId": 68, "memberNameEn": "Broad woven fabrics, cotton", "memberNameFr": "Tissus de coton, larges", "classificationCode": null, "classificationTypeCode": null, "geoLevel": null, "vintage": null, "terminated": 0, "memberUomCode": 81}, {"memberId": 76, "parentMemberId": 68, "memberNameEn": "Broad woven fabrics excluding cotton", "memberNameFr": "Tissus larges excluant le coton", "classificationCode": null, "classificationTypeCode": null, "geoLevel": null, "vintage": null, "terminated": 0, "memberUomCode": 81}, {"memberId": 77, "parentMemberId": 76, "memberNameEn": "Broad woven fabrics, wool and hair", "memberNameFr": "Tissus de laine et de poil, larges", "classificationCode": null, "classificationTypeCode": null, "geoLevel": null, "vintage": null, "terminated": 0, "memberUomCode": 81}, {"memberId": 78, "parentMemberId": 76, "memberNameEn": "Broad woven fabrics, man-made", "memberNameFr": "Tissus larges, fibres artificielles", "classificationCode": null, "classificationTypeCode": null, "geoLevel": null, "vintage": null, "terminated": 0, "memberUomCode": 81}, {"memberId": 79, "parentMemberId": 76, "memberNameEn": "Broad woven fabrics, mixed fibres", "memberNameFr": "Tissus larges de fibres m\u00e9lang\u00e9es", "classificationCode": null, "classificationTypeCode": null, "geoLevel": null, "vintage": null, "terminated": 0, "memberUomCode": 81}, {"memberId": 80, "parentMemberId": 76, "memberNameEn": "Other broad woven fabrics", "memberNameFr": "Autres tissus larges", "classificationCode": null, "classificationTypeCode": null, "geoLevel": null, "vintage": null, "terminated": 0, "memberUomCode": 81}, {"memberId": 81, "parentMemberId": 68, "memberNameEn": "Other textile materials", "memberNameFr": "Autres produits en mati\u00e8res textiles", "classificationCode": null, "classificationTypeCode": null, "geoLevel": null, "vintage": null, "terminated": 0, "memberUomCode": 81}, {"memberId": 82, "parentMemberId": 81, "memberNameEn": "Coated or impregnated fabrics", "memberNameFr": "Tissus enduits ou impr\u00e9gn\u00e9s", "classificationCode": null, "classificationTypeCode": null, "geoLevel": null, "vintage": null, "terminated": 0, "memberUomCode": 81}, {"memberId": 83, "parentMemberId": 81, "memberNameEn": "Other textile fabricated materials", "memberNameFr": "Autres demi-produits en mati\u00e8res textiles", "classificationCode": null, "classificationTypeCode": null, "geoLevel": null, "vintage": null, "terminated": 0, "memberUomCode": 81}, {"memberId": 84, "parentMemberId": 68, "memberNameEn": "Inorganic chemicals", "memberNameFr": "Produits chimiques inorganiques", "classificationCode": null, "classificationTypeCode": null, "geoLevel": null, "vintage": null, "terminated": 0, "memberUomCode": 81}, {"memberId": 85, "parentMemberId": 68, "memberNameEn": "Organic chemicals", "memberNameFr": "Produits chimiques organiques", "classificationCode": null, "classificationTypeCode": null, "geoLevel": null, "vintage": null, "terminated": 0, "memberUomCode": 81}, {"memberId": 86, "parentMemberId": 68, "memberNameEn": "Plastics and synthetic rubber", "memberNameFr": "Mati\u00e8res plastiques et caoutchouc synth\u00e9tique", "classificationCode": null, "classificationTypeCode": null, "geoLevel": null, "vintage": null, "terminated": 0, "memberUomCode": 81}, {"memberId": 87, "parentMemberId": 86, "memberNameEn": "Synthetic and reclaimed rubber", "memberNameFr": "Caoutchouc synth\u00e9tique et r\u00e9g\u00e9n\u00e9r\u00e9", "classificationCode": null, "classificationTypeCode": null, "geoLevel": null, "vintage": null, "terminated": 0, "memberUomCode": 81}, {"memberId": 88, "parentMemberId": 86, "memberNameEn": "Plastics materials, not shaped", "memberNameFr": "Mati\u00e8res plastiques, non fa\u00e7onn\u00e9es", "classificationCode": null, "classificationTypeCode": null, "geoLevel": null, "vintage": null, "terminated": 0, "memberUomCode": 81}, {"memberId": 89, "parentMemberId": 86, "memberNameEn": "Plastic film and sheet", "memberNameFr": "Pellicule et feuille en mati\u00e8re plastique", "classificationCode": null, "classificationTypeCode": null, "geoLevel": null, "vintage": null, "terminated": 0, "memberUomCode": 81}, {"memberId": 90, "parentMemberId": 86, "memberNameEn": "Other plastics basic shapes and forms", "memberNameFr": "Autres profil\u00e9s, formes de base en mati\u00e8res plastiques", "classificationCode": null, "classificationTypeCode": null, "geoLevel": null, "vintage": null, "terminated": 0, "memberUomCode": 81}, {"memberId": 91, "parentMemberId": 68, "memberNameEn": "Fuel oil", "memberNameFr": "Mazout", "classificationCode": null, "classificationTypeCode": null, "geoLevel": null, "vintage": null, "terminated": 0, "memberUomCode": 81}, {"memberId": 92, "parentMemberId": 68, "memberNameEn": "Petroleum and coal products excluding fuel oil", "memberNameFr": "D\u00e9riv\u00e9s du p\u00e9trole et du charbon", "classificationCode": null, "classificationTypeCode": null, "geoLevel": null, "vintage": null, "terminated": 0, "memberUomCode": 81}, {"memberId": 93, "parentMemberId": 92, "memberNameEn": "Lubricating oils and greases", "memberNameFr": "Huiles et graisses lubrifiantes", "classificationCode": null, "classificationTypeCode": null, "geoLevel": null, "vintage": null, "terminated": 0, "memberUomCode": 81}, {"memberId": 94, "parentMemberId": 92, "memberNameEn": "Coke of petroleum and coal", "memberNameFr": "Coke de p\u00e9trole et de charbon", "classificationCode": null, "classificationTypeCode": null, "geoLevel": null, "vintage": null, "terminated": 0, "memberUomCode": 81}, {"memberId": 95, "parentMemberId": 92, "memberNameEn": "Other petroleum and coal products", "memberNameFr": "Autres d\u00e9riv\u00e9s du p\u00e9trole et du charbon", "classificationCode": null, "classificationTypeCode": null, "geoLevel": null, "vintage": null, "terminated": 0, "memberUomCode": 81}, {"memberId": 96, "parentMemberId": 68, "memberNameEn": "Plate, sheet and strip steel", "memberNameFr": "T\u00f4les, feuilles et feuillards d'acier", "classificationCode": null, "classificationTypeCode": null, "geoLevel": null, "vintage": null, "terminated": 0, "memberUomCode": 81}, {"memberId": 97, "parentMemberId": 68, "memberNameEn": "Other iron and steel and alloys", "memberNameFr": "Autres fer, acier et alliages", "classificationCode": null, "classificationTypeCode": null, "geoLevel": null, "vintage": null, "terminated": 0, "memberUomCode": 81}, {"memberId": 98, "parentMemberId": 97, "memberNameEn": "Bars and rods, steel", "memberNameFr": "Barres et tiges en acier", "classificationCode": null, "classificationTypeCode": null, "geoLevel": null, "vintage": null, "terminated": 0, "memberUomCode": 81}, {"memberId": 99, "parentMemberId": 97, "memberNameEn": "Structural shapes, steel and sheet piling", "memberNameFr": "Profil\u00e9s de construction et palplanches", "classificationCode": null, "classificationTypeCode": null, "geoLevel": null, "vintage": null, "terminated": 0, "memberUomCode": 81}, {"memberId": 100, "parentMemberId": 97, "memberNameEn": "Pipes and tubes, iron and steel", "memberNameFr": "Tuyaux et tubes de fer et d'acier", "classificationCode": null, "classificationTypeCode": null, "geoLevel": null, "vintage": null, "terminated": 0, "memberUomCode": 81}, {"memberId": 101, "parentMemberId": 97, "memberNameEn": "Wire and wire rope, iron and steel", "memberNameFr": "Fil, c\u00e2ble, cordage de fer et d'acier", "classificationCode": null, "classificationTypeCode": null, "geoLevel": null, "vintage": null, "terminated": 0, "memberUomCode": 81}, {"memberId": 102, "parentMemberId": 97, "memberNameEn": "Other iron and steel and alloys", "memberNameFr": "Autres fer, acier et alliages", "classificationCode": null, "classificationTypeCode": null, "geoLevel": null, "vintage": null, "terminated": 0, "memberUomCode": 81}, {"memberId": 103, "parentMemberId": 68, "memberNameEn": "Non-ferrous metals and alloys", "memberNameFr": "M\u00e9taux non ferreux et alliages", "classificationCode": null, "classificationTypeCode": null, "geoLevel": null, "vintage": null, "terminated": 0, "memberUomCode": 81}, {"memberId": 104, "parentMemberId": 103, "memberNameEn": "Aluminum, including alloys", "memberNameFr": "Aluminium, y compris alliages", "classificationCode": null, "classificationTypeCode": null, "geoLevel": null, "vintage": null, "terminated": 0, "memberUomCode": 81}, {"memberId": 105, "parentMemberId": 103, "memberNameEn": "Copper and alloys", "memberNameFr": "Cuivre et alliages", "classificationCode": null, "classificationTypeCode": null, "geoLevel": null, "vintage": null, "terminated": 0, "memberUomCode": 81}, {"memberId": 106, "parentMemberId": 103, "memberNameEn": "Nickel and alloys", "memberNameFr": "Nickel et alliages", "classificationCode": null, "classificationTypeCode": null, "geoLevel": null, "vintage": null, "terminated": 0, "memberUomCode": 81}, {"memberId": 107, "parentMemberId": 103, "memberNameEn": "Precious metals, including alloys", "memberNameFr": "M\u00e9taux pr\u00e9cieux, y compris alliages", "classificationCode": null, "classificationTypeCode": null, "geoLevel": null, "vintage": null, "terminated": 0, "memberUomCode": 81}, {"memberId": 108, "parentMemberId": 103, "memberNameEn": "Tin, including alloys", "memberNameFr": "\u00c9tain, y compris alliages", "classificationCode": null, "classificationTypeCode": null, "geoLevel": null, "vintage": null, "terminated": 0, "memberUomCode": 81}, {"memberId": 109, "parentMemberId": 103, "memberNameEn": "Other non-ferrous metals and alloys", "memberNameFr": "Autres m\u00e9taux non ferreux et alliages", "classificationCode": null, "classificationTypeCode": null, "geoLevel": null, "vintage": null, "terminated": 0, "memberUomCode": 81}, {"memberId": 110, "parentMemberId": 68, "memberNameEn": "Metal fabricated basic products", "memberNameFr": "Ouvrages de base en m\u00e9tal", "classificationCode": null, "classificationTypeCode": null, "geoLevel": null, "vintage": null, "terminated": 0, "memberUomCode": 81}, {"memberId": 111, "parentMemberId": 110, "memberNameEn": "Bolts, nuts and screws", "memberNameFr": "Boulons, \u00e9crous et vis", "classificationCode": null, "classificationTypeCode": null, "geoLevel": null, "vintage": null, "terminated": 0, "memberUomCode": 81}, {"memberId": 112, "parentMemberId": 110, "memberNameEn": "Other basic hardware", "memberNameFr": "Autre quincaillerie de base", "classificationCode": null, "classificationTypeCode": null, "geoLevel": null, "vintage": null, "terminated": 0, "memberUomCode": 81}, {"memberId": 113, "parentMemberId": 110, "memberNameEn": "Chain", "memberNameFr": "Cha\u00eenes", "classificationCode": null, "classificationTypeCode": null, "geoLevel": null, "vintage": null, "terminated": 0, "memberUomCode": 81}, {"memberId": 114, "parentMemberId": 110, "memberNameEn": "Valves", "memberNameFr": "Valves", "classificationCode": null, "classificationTypeCode": null, "geoLevel": null, "vintage": null, "terminated": 0, "memberUomCode": 81}, {"memberId": 115, "parentMemberId": 110, "memberNameEn": "Pipe fittings", "memberNameFr": "Raccords de tuyauterie", "classificationCode": null, "classificationTypeCode": null, "geoLevel": null, "vintage": null, "terminated": 0, "memberUomCode": 81}, {"memberId": 116, "parentMemberId": 110, "memberNameEn": "Other metal fabricated basic products", "memberNameFr": "Autres ouvrages de base en m\u00e9tal", "classificationCode": null, "classificationTypeCode": null, "geoLevel": null, "vintage": null, "terminated": 0, "memberUomCode": 81}, {"memberId": 117, "parentMemberId": 68, "memberNameEn": "Other fabricated materials, inedible", "memberNameFr": "Autres mati\u00e8res travaill\u00e9es non comestibles", "classificationCode": null, "classificationTypeCode": null, "geoLevel": null, "vintage": null, "terminated": 0, "memberUomCode": 81}, {"memberId": 118, "parentMemberId": 117, "memberNameEn": "Leather and leather fabricated materials", "memberNameFr": "Cuir et demi-produits en cuir", "classificationCode": null, "classificationTypeCode": null, "geoLevel": null, "vintage": null, "terminated": 0, "memberUomCode": 81}, {"memberId": 119, "parentMemberId": 117, "memberNameEn": "Rubber fabricated materials", "memberNameFr": "Demi-produits en caoutchouc", "classificationCode": null, "classificationTypeCode": null, "geoLevel": null, "vintage": null, "terminated": 0, "memberUomCode": 81}, {"memberId": 120, "parentMemberId": 117, "memberNameEn": "Lumber", "memberNameFr": "Bois d'oeuvre", "classificationCode": null, "classificationTypeCode": null, "geoLevel": null, "vintage": null, "terminated": 0, "memberUomCode": 81}, {"memberId": 121, "parentMemberId": 117, "memberNameEn": "Veneer", "memberNameFr": "Placages", "classificationCode": null, "classificationTypeCode": null, "geoLevel": null, "vintage": null, "terminated": 0, "memberUomCode": 81}, {"memberId": 122, "parentMemberId": 117, "memberNameEn": "Plywood and wood building boards", "memberNameFr": "Contre-plaques et panneaux de construction", "classificationCode": null, "classificationTypeCode": null, "geoLevel": null, "vintage": null, "terminated": 0, "memberUomCode": 81}, {"memberId": 123, "parentMemberId": 117, "memberNameEn": "Other wood fabricated materials", "memberNameFr": "Autres demi-produits en bois", "classificationCode": null, "classificationTypeCode": null, "geoLevel": null, "vintage": null, "terminated": 0, "memberUomCode": 81}, {"memberId": 124, "parentMemberId": 117, "memberNameEn": "Wood pulp and similar pulp", "memberNameFr": "P\u00e2te de bois et p\u00e2te similaire", "classificationCode": null, "classificationTypeCode": null, "geoLevel": null, "vintage": null, "terminated": 0, "memberUomCode": 81}, {"memberId": 125, "parentMemberId": 117, "memberNameEn": "Vegetable oils and fats, except essential oils", "memberNameFr": "Huile, mati\u00e8re grasse v\u00e9g\u00e9tale, sauf huile essentielle", "classificationCode": null, "classificationTypeCode": null, "geoLevel": null, "vintage": null, "terminated": 0, "memberUomCode": 81}, {"memberId": 126, "parentMemberId": 117, "memberNameEn": "Other oils, fats, waxes, extracts and derivatives", "memberNameFr": "Autres huiles mati\u00e8res grasse, cires, extraits, d\u00e9riv\u00e9s", "classificationCode": null, "classificationTypeCode": null, "geoLevel": null, "vintage": null, "terminated": 0, "memberUomCode": 81}, {"memberId": 127, "parentMemberId": 117, "memberNameEn": "Fertilizers and fertilizer materials", "memberNameFr": "Engrais et mati\u00e8res fertilisantes", "classificationCode": null, "classificationTypeCode": null, "geoLevel": null, "vintage": null, "terminated": 0, "memberUomCode": 81}, {"memberId": 128, "parentMemberId": 117, "memberNameEn": "Dyestuffs, except dyeing extracts", "memberNameFr": "Mati\u00e8res colorantes sauf extraits tinctoriaux", "classificationCode": null, "classificationTypeCode": null, "geoLevel": null, "vintage": null, "terminated": 0, "memberUomCode": 81}, {"memberId": 129, "parentMemberId": 117, "memberNameEn": "Pigments, lakes and toners", "memberNameFr": "Pigments, laques et tonifiants", "classificationCode": null, "classificationTypeCode": null, "geoLevel": null, "vintage": null, "terminated": 0, "memberUomCode": 81}, {"memberId": 130, "parentMemberId": 117, "memberNameEn": "Paints and related products", "memberNameFr": "Peintures et produits connexes", "classificationCode": null, "classificationTypeCode": null, "geoLevel": null, "vintage": null, "terminated": 0, "memberUomCode": 81}, {"memberId": 131, "parentMemberId": 117, "memberNameEn": "Other chemical products", "memberNameFr": "Autres produits chimiques", "classificationCode": null, "classificationTypeCode": null, "geoLevel": null, "vintage": null, "terminated": 0, "memberUomCode": 81}, {"memberId": 132, "parentMemberId": 117, "memberNameEn": "Clay bricks, clay tiles and refractories", "memberNameFr": "Briques, tuiles et mati\u00e8res r\u00e9fractaires en argile", "classificationCode": null, "classificationTypeCode": null, "geoLevel": null, "vintage": null, "terminated": 0, "memberUomCode": 81}, {"memberId": 133, "parentMemberId": 117, "memberNameEn": "Sheet and plate glass", "memberNameFr": "Verre \u00e0 vitres et \u00e0 glaces", "classificationCode": null, "classificationTypeCode": null, "geoLevel": null, "vintage": null, "terminated": 0, "memberUomCode": 81}, {"memberId": 134, "parentMemberId": 117, "memberNameEn": "Other glass basic products", "memberNameFr": "Autres ouvrages de base en verre", "classificationCode": null, "classificationTypeCode": null, "geoLevel": null, "vintage": null, "terminated": 0, "memberUomCode": 81}, {"memberId": 135, "parentMemberId": 117, "memberNameEn": "Abrasive basic products", "memberNameFr": "Ouvrages de base en abrasifs", "classificationCode": null, "classificationTypeCode": null, "geoLevel": null, "vintage": null, "terminated": 0, "memberUomCode": 81}, {"memberId": 136, "parentMemberId": 117, "memberNameEn": "Natural and synthetic gem stones", "memberNameFr": "Pierres fines naturelles et synth\u00e9tiques", "classificationCode": null, "classificationTypeCode": null, "geoLevel": null, "vintage": null, "terminated": 0, "memberUomCode": 81}, {"memberId": 137, "parentMemberId": 117, "memberNameEn": "Other non-metallic mineral basic products", "memberNameFr": "Autres produits min\u00e9raux non m\u00e9talliques de base", "classificationCode": null, "classificationTypeCode": null, "geoLevel": null, "vintage": null, "terminated": 0, "memberUomCode": 81}, {"memberId": 138, "parentMemberId": 117, "memberNameEn": "Electricity", "memberNameFr": "\u00c9lectricit\u00e9", "classificationCode": null, "classificationTypeCode": null, "geoLevel": null, "vintage": null, "terminated": 0, "memberUomCode": 81}, {"memberId": 139, "parentMemberId": 117, "memberNameEn": "Other fabricated materials, inedible", "memberNameFr": "Autres mati\u00e8res travaill\u00e9es, non comestibles", "classificationCode": null, "classificationTypeCode": null, "geoLevel": null, "vintage": null, "terminated": 0, "memberUomCode": 81}, {"memberId": 140, "parentMemberId": 1, "memberNameEn": "Total end products, inedible", "memberNameFr": "Total des produits finis, non comestibles", "classificationCode": null, "classificationTypeCode": null, "geoLevel": null, "vintage": null, "terminated": 0, "memberUomCode": 81}, {"memberId": 141, "parentMemberId": 140, "memberNameEn": "Total machinery", "memberNameFr": "Total de la machinerie", "classificationCode": null, "classificationTypeCode": null, "geoLevel": null, "vintage": null, "terminated": 0, "memberUomCode": 81}, {"memberId": 142, "parentMemberId": 141, "memberNameEn": "General purpose industrial machinery", "memberNameFr": "Machinerie industrielle d'usage g\u00e9n\u00e9ral", "classificationCode": null, "classificationTypeCode": null, "geoLevel": null, "vintage": null, "terminated": 0, "memberUomCode": 81}, {"memberId": 143, "parentMemberId": 142, "memberNameEn": "Engines and turbines, diesel, general purpose", "memberNameFr": "Moteurs et turbines diesels d'usage g\u00e9n\u00e9ral", "classificationCode": null, "classificationTypeCode": null, "geoLevel": null, "vintage": null, "terminated": 0, "memberUomCode": 81}, {"memberId": 144, "parentMemberId": 142, "memberNameEn": "Engines and turbines, general purpose, not elsewhere specified", "memberNameFr": "Moteurs et turbines d'usage g\u00e9n\u00e9ral non class\u00e9e ailleurs", "classificationCode": null, "classificationTypeCode": null, "geoLevel": null, "vintage": null, "terminated": 0, "memberUomCode": 81}, {"memberId": 145, "parentMemberId": 142, "memberNameEn": "Electric generators and motors", "memberNameFr": "G\u00e9n\u00e9ratrices et moteurs \u00e9lectriques", "classificationCode": null, "classificationTypeCode": null, "geoLevel": null, "vintage": null, "terminated": 0, "memberUomCode": 81}, {"memberId": 146, "parentMemberId": 142, "memberNameEn": "Compressors, blowers and vacuum pumps", "memberNameFr": "Compresseurs, souffleurs et pompes \u00e0 vide", "classificationCode": null, "classificationTypeCode": null, "geoLevel": null, "vintage": null, "terminated": 0, "memberUomCode": 81}, {"memberId": 147, "parentMemberId": 142, "memberNameEn": "Pumps, except oil well pumps", "memberNameFr": "Pompes, sauf pour puits d'huile", "classificationCode": null, "classificationTypeCode": null, "geoLevel": null, "vintage": null, "terminated": 0, "memberUomCode": 81}, {"memberId": 148, "parentMemberId": 142, "memberNameEn": "Packaging machinery", "memberNameFr": "Machines \u00e0 empaqueter ou \u00e0 emballer", "classificationCode": null, "classificationTypeCode": null, "geoLevel": null, "vintage": null, "terminated": 0, "memberUomCode": 81}, {"memberId": 149, "parentMemberId": 142, "memberNameEn": "Other general purpose industrial machinery", "memberNameFr": "Autres machines industrielles d'usage g\u00e9n\u00e9ral", "classificationCode": null, "classificationTypeCode": null, "geoLevel": null, "vintage": null, "terminated": 0, "memberUomCode": 81}, {"memberId": 150, "parentMemberId": 141, "memberNameEn": "Material handling machinery", "memberNameFr": "Machinerie pour la manutention des mat\u00e9riaux", "classificationCode": null, "classificationTypeCode": null, "geoLevel": null, "vintage": null, "terminated": 0, "memberUomCode": 81}, {"memberId": 151, "parentMemberId": 150, "memberNameEn": "Conveyors and conveying systems", "memberNameFr": "Convoyeurs et ensembles convoyeurs", "classificationCode": null, "classificationTypeCode": null, "geoLevel": null, "vintage": null, "terminated": 0, "memberUomCode": 81}, {"memberId": 152, "parentMemberId": 150, "memberNameEn": "Elevators and escalators", "memberNameFr": "Ascenseurs et escaliers roulants", "classificationCode": null, "classificationTypeCode": null, "geoLevel": null, "vintage": null, "terminated": 0, "memberUomCode": 81}, {"memberId": 153, "parentMemberId": 150, "memberNameEn": "Industrial trucks, tractors, trailers and stackers", "memberNameFr": "Camions, tracteurs, remorques, empileurs industriels", "classificationCode": null, "classificationTypeCode": null, "geoLevel": null, "vintage": null, "terminated": 0, "memberUomCode": 81}, {"memberId": 154, "parentMemberId": 150, "memberNameEn": "Hoisting machinery", "memberNameFr": "Appareils de levage", "classificationCode": null, "classificationTypeCode": null, "geoLevel": null, "vintage": null, "terminated": 0, "memberUomCode": 81}, {"memberId": 155, "parentMemberId": 150, "memberNameEn": "Other materials handling equipment", "memberNameFr": "Autre mat\u00e9riel de manutention des mat\u00e9riaux", "classificationCode": null, "classificationTypeCode": null, "geoLevel": null, "vintage": null, "terminated": 0, "memberUomCode": 81}, {"memberId": 156, "parentMemberId": 141, "memberNameEn": "Drilling, excavating and mining machinery", "memberNameFr": "Machinerie pour forage, excavation et mines", "classificationCode": null, "classificationTypeCode": null, "geoLevel": null, "vintage": null, "terminated": 0, "memberUomCode": 81}, {"memberId": 157, "parentMemberId": 156, "memberNameEn": "Drilling machinery and drill bits", "memberNameFr": "Machines de forage et fleurets de perforatrice", "classificationCode": null, "classificationTypeCode": null, "geoLevel": null, "vintage": null, "terminated": 0, "memberUomCode": 81}, {"memberId": 158, "parentMemberId": 156, "memberNameEn": "Power shovels", "memberNameFr": "Pelles m\u00e9caniques", "classificationCode": null, "classificationTypeCode": null, "geoLevel": null, "vintage": null, "terminated": 0, "memberUomCode": 81}, {"memberId": 159, "parentMemberId": 156, "memberNameEn": "Bulldozing and similar equipment", "memberNameFr": "Bulldozers et machines semblables", "classificationCode": null, "classificationTypeCode": null, "geoLevel": null, "vintage": null, "terminated": 0, "memberUomCode": 81}, {"memberId": 160, "parentMemberId": 156, "memberNameEn": "Front end loaders", "memberNameFr": "Chargeurs-niveleurs", "classificationCode": null, "classificationTypeCode": null, "geoLevel": null, "vintage": null, "terminated": 0, "memberUomCode": 81}, {"memberId": 161, "parentMemberId": 156, "memberNameEn": "Other excavating machinery", "memberNameFr": "Autres machines \u00e0 creuser", "classificationCode": null, "classificationTypeCode": null, "geoLevel": null, "vintage": null, "terminated": 0, "memberUomCode": 81}, {"memberId": 162, "parentMemberId": 156, "memberNameEn": "Mining, oil and gas machinery", "memberNameFr": "Machines pour mines, p\u00e9trole et gaz", "classificationCode": null, "classificationTypeCode": null, "geoLevel": null, "vintage": null, "terminated": 0, "memberUomCode": 81}, {"memberId": 163, "parentMemberId": 141, "memberNameEn": "Machine tools, metalworking", "memberNameFr": "Machines-outils, travail des m\u00e9taux", "classificationCode": null, "classificationTypeCode": null, "geoLevel": null, "vintage": null, "terminated": 0, "memberUomCode": 81}, {"memberId": 164, "parentMemberId": 141, "memberNameEn": "Other metalworking machinery and equipment", "memberNameFr": "Autres machines et \u00e9quipement pour le travail des m\u00e9taux", "classificationCode": null, "classificationTypeCode": null, "geoLevel": null, "vintage": null, "terminated": 0, "memberUomCode": 81}, {"memberId": 165, "parentMemberId": 164, "memberNameEn": "Welding apparatus and equipment", "memberNameFr": "Appareils et outillage \u00e0 souder", "classificationCode": null, "classificationTypeCode": null, "geoLevel": null, "vintage": null, "terminated": 0, "memberUomCode": 81}, {"memberId": 166, "parentMemberId": 164, "memberNameEn": "Rolling mill machinery", "memberNameFr": "Machines pour usines de laminage", "classificationCode": null, "classificationTypeCode": null, "geoLevel": null, "vintage": null, "terminated": 0, "memberUomCode": 81}, {"memberId": 167, "parentMemberId": 164, "memberNameEn": "Other metalworking machinery", "memberNameFr": "Autres machines pour le travail des m\u00e9taux", "classificationCode": null, "classificationTypeCode": null, "geoLevel": null, "vintage": null, "terminated": 0, "memberUomCode": 81}, {"memberId": 168, "parentMemberId": 141, "memberNameEn": "Textile industries machinery", "memberNameFr": "Machines pour les industries textiles", "classificationCode": null, "classificationTypeCode": null, "geoLevel": null, "vintage": null, "terminated": 0, "memberUomCode": 81}, {"memberId": 169, "parentMemberId": 168, "memberNameEn": "Spinning, weaving and knitting machinery", "memberNameFr": "Machines pour filer, tisser et tricoter", "classificationCode": null, "classificationTypeCode": null, "geoLevel": null, "vintage": null, "terminated": 0, "memberUomCode": 81}, {"memberId": 170, "parentMemberId": 168, "memberNameEn": "Other textile industries machinery", "memberNameFr": "Autres machines pour les industries textiles", "classificationCode": null, "classificationTypeCode": null, "geoLevel": null, "vintage": null, "terminated": 0, "memberUomCode": 81}, {"memberId": 171, "parentMemberId": 141, "memberNameEn": "Mechanical power transmission equipment", "memberNameFr": "Mat\u00e9riel de transmission d'\u00e9nergie m\u00e9canique", "classificationCode": null, "classificationTypeCode": null, "geoLevel": null, "vintage": null, "terminated": 0, "memberUomCode": 81}, {"memberId": 172, "parentMemberId": 171, "memberNameEn": "Bearings", "memberNameFr": "Coussinets", "classificationCode": null, "classificationTypeCode": null, "geoLevel": null, "vintage": null, "terminated": 0, "memberUomCode": 81}, {"memberId": 173, "parentMemberId": 171, "memberNameEn": "Other mechanical power transmission equipment", "memberNameFr": "Autre mat\u00e9riel de transmission d'\u00e9nergie m\u00e9canique", "classificationCode": null, "classificationTypeCode": null, "geoLevel": null, "vintage": null, "terminated": 0, "memberUomCode": 81}, {"memberId": 174, "parentMemberId": 141, "memberNameEn": "Agricultural machinery", "memberNameFr": "Machinerie agricole", "classificationCode": null, "classificationTypeCode": null, "geoLevel": null, "vintage": null, "terminated": 0, "memberUomCode": 81}, {"memberId": 175, "parentMemberId": 174, "memberNameEn": "Soil preparation, seeding and fertilizing machines", "memberNameFr": "Machines \u00e0 pr\u00e9parer, ensemencer, amender le sol", "classificationCode": null, "classificationTypeCode": null, "geoLevel": null, "vintage": null, "terminated": 0, "memberUomCode": 81}, {"memberId": 176, "parentMemberId": 174, "memberNameEn": "Combine reaper-threshers", "memberNameFr": "Moissonneuses - batteuses", "classificationCode": null, "classificationTypeCode": null, "geoLevel": null, "vintage": null, "terminated": 0, "memberUomCode": 81}, {"memberId": 177, "parentMemberId": 174, "memberNameEn": "Other haying and harvesting machinery", "memberNameFr": "Autres machines de fenaison et de r\u00e9colte", "classificationCode": null, "classificationTypeCode": null, "geoLevel": null, "vintage": null, "terminated": 0, "memberUomCode": 81}, {"memberId": 178, "parentMemberId": 174, "memberNameEn": "Other agricultural machinery and equipment", "memberNameFr": "Autres machines et mat\u00e9riel agricole", "classificationCode": null, "classificationTypeCode": null, "geoLevel": null, "vintage": null, "terminated": 0, "memberUomCode": 81}, {"memberId": 179, "parentMemberId": 141, "memberNameEn": "Tractors", "memberNameFr": "Tracteurs", "classificationCode": null, "classificationTypeCode": null, "geoLevel": null, "vintage": null, "terminated": 0, "memberUomCode": 81}, {"memberId": 180, "parentMemberId": 179, "memberNameEn": "Wheel tractors, new", "memberNameFr": "Tracteurs \u00e0 roues, neuf", "classificationCode": null, "classificationTypeCode": null, "geoLevel": null, "vintage": null, "terminated": 0, "memberUomCode": 81}, {"memberId": 181, "parentMemberId": 179, "memberNameEn": "Track-laying tractors and used tractors", "memberNameFr": "Tracteurs \u00e0 chenilles et tracteurs usag\u00e9s", "classificationCode": null, "classificationTypeCode": null, "geoLevel": null, "vintage": null, "terminated": 0, "memberUomCode": 81}, {"memberId": 182, "parentMemberId": 141, "memberNameEn": "Tractor engines and tractor parts", "memberNameFr": "Moteurs de tracteur et pi\u00e8ces de tracteurs", "classificationCode": null, "classificationTypeCode": null, "geoLevel": null, "vintage": null, "terminated": 0, "memberUomCode": 81}, {"memberId": 183, "parentMemberId": 141, "memberNameEn": "Special industry machinery", "memberNameFr": "Machines pour industries sp\u00e9ciales", "classificationCode": null, "classificationTypeCode": null, "geoLevel": null, "vintage": null, "terminated": 0, "memberUomCode": 81}, {"memberId": 184, "parentMemberId": 183, "memberNameEn": "Construction and maintenance machinery", "memberNameFr": "Machines de construction et d'entretien", "classificationCode": null, "classificationTypeCode": null, "geoLevel": null, "vintage": null, "terminated": 0, "memberUomCode": 81}, {"memberId": 185, "parentMemberId": 183, "memberNameEn": "Pulp and paper industries machinery", "memberNameFr": "Machines pour industrie de la p\u00e2te et du papier", "classificationCode": null, "classificationTypeCode": null, "geoLevel": null, "vintage": null, "terminated": 0, "memberUomCode": 81}, {"memberId": 186, "parentMemberId": 183, "memberNameEn": "Printing presses", "memberNameFr": "Presses \u00e0 imprimer", "classificationCode": null, "classificationTypeCode": null, "geoLevel": null, "vintage": null, "terminated": 0, "memberUomCode": 81}, {"memberId": 187, "parentMemberId": 183, "memberNameEn": "Other printing machinery and equipment", "memberNameFr": "Autres machines et appareils d'imprimeries", "classificationCode": null, "classificationTypeCode": null, "geoLevel": null, "vintage": null, "terminated": 0, "memberUomCode": 81}, {"memberId": 188, "parentMemberId": 183, "memberNameEn": "Food, beverages and tobacco industry machinery", "memberNameFr": "Machines industries d'aliments, boissons, tabacs", "classificationCode": null, "classificationTypeCode": null, "geoLevel": null, "vintage": null, "terminated": 0, "memberUomCode": 81}, {"memberId": 189, "parentMemberId": 183, "memberNameEn": "Plastics and chemical industry machinery", "memberNameFr": "Machines pour industrie des mati\u00e8res plastiques et chimiques", "classificationCode": null, "classificationTypeCode": null, "geoLevel": null, "vintage": null, "terminated": 0, "memberUomCode": 81}, {"memberId": 190, "parentMemberId": 183, "memberNameEn": "Other special industry machinery", "memberNameFr": "Autres machines pour industries sp\u00e9ciales", "classificationCode": null, "classificationTypeCode": null, "geoLevel": null, "vintage": null, "terminated": 0, "memberUomCode": 81}, {"memberId": 191, "parentMemberId": 140, "memberNameEn": "Total transportation and communications equipment", "memberNameFr": "Total mat\u00e9riel de transport et de communication", "classificationCode": null, "classificationTypeCode": null, "geoLevel": null, "vintage": null, "terminated": 0, "memberUomCode": 81}, {"memberId": 192, "parentMemberId": 191, "memberNameEn": "Total motor vehicles and parts", "memberNameFr": "Total des v\u00e9hicules moteurs et leurs pi\u00e8ces", "classificationCode": null, "classificationTypeCode": null, "geoLevel": null, "vintage": null, "terminated": 0, "memberUomCode": 81}, {"memberId": 193, "parentMemberId": 192, "memberNameEn": "Road motor vehicles", "memberNameFr": "V\u00e9hicules moteurs routiers", "classificationCode": null, "classificationTypeCode": null, "geoLevel": null, "vintage": null, "terminated": 0, "memberUomCode": 81}, {"memberId": 194, "parentMemberId": 193, "memberNameEn": "Passenger automobiles and chassis", "memberNameFr": "Voitures particuli\u00e8res et ch\u00e2ssis", "classificationCode": null, "classificationTypeCode": null, "geoLevel": null, "vintage": null, "terminated": 0, "memberUomCode": 81}, {"memberId": 195, "parentMemberId": 194, "memberNameEn": "Other passenger autos and chassis", "memberNameFr": "Autres voitures particuli\u00e8res et ch\u00e2ssis", "classificationCode": null, "classificationTypeCode": null, "geoLevel": null, "vintage": null, "terminated": 0, "memberUomCode": 81}, {"memberId": 196, "parentMemberId": 193, "memberNameEn": "Trucks, truck tractors and chassis", "memberNameFr": "Camions, tracteurs routiers et ch\u00e2ssis", "classificationCode": null, "classificationTypeCode": null, "geoLevel": null, "vintage": null, "terminated": 0, "memberUomCode": 81}, {"memberId": 197, "parentMemberId": 193, "memberNameEn": "Other motor vehicles", "memberNameFr": "Autres v\u00e9hicules moteurs", "classificationCode": null, "classificationTypeCode": null, "geoLevel": null, "vintage": null, "terminated": 0, "memberUomCode": 81}, {"memberId": 198, "parentMemberId": 192, "memberNameEn": "Motor vehicle engines and parts", "memberNameFr": "Moteurs de v\u00e9hicules automobiles et pi\u00e8ces", "classificationCode": null, "classificationTypeCode": null, "geoLevel": null, "vintage": null, "terminated": 0, "memberUomCode": 81}, {"memberId": 199, "parentMemberId": 198, "memberNameEn": "Motor vehicle engines", "memberNameFr": "Moteurs de v\u00e9hicules automobiles", "classificationCode": null, "classificationTypeCode": null, "geoLevel": null, "vintage": null, "terminated": 0, "memberUomCode": 81}, {"memberId": 200, "parentMemberId": 198, "memberNameEn": "Motor vehicle engine parts", "memberNameFr": "Pi\u00e8ces de moteurs de v\u00e9hicules automobiles", "classificationCode": null, "classificationTypeCode": null, "geoLevel": null, "vintage": null, "terminated": 0, "memberUomCode": 81}, {"memberId": 201, "parentMemberId": 192, "memberNameEn": "Motor vehicle parts except engines", "memberNameFr": "Pi\u00e8ces de v\u00e9hicules automobiles sauf moteurs", "classificationCode": null, "classificationTypeCode": null, "geoLevel": null, "vintage": null, "terminated": 0, "memberUomCode": 81}, {"memberId": 202, "parentMemberId": 191, "memberNameEn": "Aircraft and parts", "memberNameFr": "A\u00e9ronefs et leurs pi\u00e8ces", "classificationCode": null, "classificationTypeCode": null, "geoLevel": null, "vintage": null, "terminated": 0, "memberUomCode": 81}, {"memberId": 203, "parentMemberId": 202, "memberNameEn": "Aircraft, complete with engines", "memberNameFr": "A\u00e9ronefs complets, y compris moteurs", "classificationCode": null, "classificationTypeCode": null, "geoLevel": null, "vintage": null, "terminated": 0, "memberUomCode": 81}, {"memberId": 204, "parentMemberId": 202, "memberNameEn": "Aircraft engines and parts", "memberNameFr": "Moteurs d'a\u00e9ronefs et leurs pi\u00e8ces", "classificationCode": null, "classificationTypeCode": null, "geoLevel": null, "vintage": null, "terminated": 0, "memberUomCode": 81}, {"memberId": 205, "parentMemberId": 202, "memberNameEn": "Aircraft parts, except engines", "memberNameFr": "Pi\u00e8ces d'a\u00e9ronefs, sauf moteurs", "classificationCode": null, "classificationTypeCode": null, "geoLevel": null, "vintage": null, "terminated": 0, "memberUomCode": 81}, {"memberId": 206, "parentMemberId": 191, "memberNameEn": "Communication and related equipment", "memberNameFr": "\u00c9quipement et mat\u00e9riel de communication", "classificationCode": null, "classificationTypeCode": null, "geoLevel": null, "vintage": null, "terminated": 0, "memberUomCode": 81}, {"memberId": 207, "parentMemberId": 206, "memberNameEn": "Telephone and telegraph equipment", "memberNameFr": "Mat\u00e9riel t\u00e9l\u00e9phonique et t\u00e9l\u00e9graphique", "classificationCode": null, "classificationTypeCode": null, "geoLevel": null, "vintage": null, "terminated": 0, "memberUomCode": 81}, {"memberId": 208, "parentMemberId": 206, "memberNameEn": "Television, radio sets and phonographs", "memberNameFr": "T\u00e9l\u00e9viseurs, radios et phonographes", "classificationCode": null, "classificationTypeCode": null, "geoLevel": null, "vintage": null, "terminated": 0, "memberUomCode": 81}, {"memberId": 209, "parentMemberId": 206, "memberNameEn": "Electronic tubes and semi-conductors", "memberNameFr": "Tubes \u00e9lectroniques et semi-conducteurs", "classificationCode": null, "classificationTypeCode": null, "geoLevel": null, "vintage": null, "terminated": 0, "memberUomCode": 81}, {"memberId": 210, "parentMemberId": 206, "memberNameEn": "Other telecommunication and related equipment", "memberNameFr": "Autre \u00e9quipement et mat\u00e9riel de t\u00e9l\u00e9communication", "classificationCode": null, "classificationTypeCode": null, "geoLevel": null, "vintage": null, "terminated": 0, "memberUomCode": 81}, {"memberId": 211, "parentMemberId": 191, "memberNameEn": "Transportation equipment", "memberNameFr": "Mat\u00e9riel de transport", "classificationCode": null, "classificationTypeCode": null, "geoLevel": null, "vintage": null, "terminated": 0, "memberUomCode": 81}, {"memberId": 212, "parentMemberId": 211, "memberNameEn": "Railway and street railway rolling stock", "memberNameFr": "Mat\u00e9riel roulant de chemin de fer et tramway", "classificationCode": null, "classificationTypeCode": null, "geoLevel": null, "vintage": null, "terminated": 0, "memberUomCode": 81}, {"memberId": 213, "parentMemberId": 211, "memberNameEn": "Marine engines and parts", "memberNameFr": "Moteurs marins et leurs pi\u00e8ces", "classificationCode": null, "classificationTypeCode": null, "geoLevel": null, "vintage": null, "terminated": 0, "memberUomCode": 81}, {"memberId": 214, "parentMemberId": 211, "memberNameEn": "Ships, boats and parts, except engines", "memberNameFr": "Navires, bateaux et pi\u00e8ces sauf les moteurs", "classificationCode": null, "classificationTypeCode": null, "geoLevel": null, "vintage": null, "terminated": 0, "memberUomCode": 81}, {"memberId": 215, "parentMemberId": 211, "memberNameEn": "Other transportation equipment", "memberNameFr": "Autre mat\u00e9riel de transport", "classificationCode": null, "classificationTypeCode": null, "geoLevel": null, "vintage": null, "terminated": 0, "memberUomCode": 81}, {"memberId": 216, "parentMemberId": 140, "memberNameEn": "Total other equipment and tools", "memberNameFr": "Total autres mat\u00e9riel et outils", "classificationCode": null, "classificationTypeCode": null, "geoLevel": null, "vintage": null, "terminated": 0, "memberUomCode": 81}, {"memberId": 217, "parentMemberId": 216, "memberNameEn": "Air conditioning and refrigeration equipment", "memberNameFr": "Appareils de climatisation et r\u00e9frig\u00e9ration", "classificationCode": null, "classificationTypeCode": null, "geoLevel": null, "vintage": null, "terminated": 0, "memberUomCode": 81}, {"memberId": 218, "parentMemberId": 216, "memberNameEn": "Electric light and distribution equipment", "memberNameFr": "Mat\u00e9riel \u00e9lectrique d'\u00e9clairage et de distribution", "classificationCode": null, "classificationTypeCode": null, "geoLevel": null, "vintage": null, "terminated": 0, "memberUomCode": 81}, {"memberId": 219, "parentMemberId": 218, "memberNameEn": "Electric lighting fixtures and portable lamps", "memberNameFr": "Appareils d'\u00e9clairage \u00e9lectrique et lampes", "classificationCode": null, "classificationTypeCode": null, "geoLevel": null, "vintage": null, "terminated": 0, "memberUomCode": 81}, {"memberId": 220, "parentMemberId": 218, "memberNameEn": "Switchgear and protective equipment", "memberNameFr": "M\u00e9canisme de commutation et de protection", "classificationCode": null, "classificationTypeCode": null, "geoLevel": null, "vintage": null, "terminated": 0, "memberUomCode": 81}, {"memberId": 221, "parentMemberId": 218, "memberNameEn": "Industrial control equipment", "memberNameFr": "M\u00e9canisme de commande industriel", "classificationCode": null, "classificationTypeCode": null, "geoLevel": null, "vintage": null, "terminated": 0, "memberUomCode": 81}, {"memberId": 222, "parentMemberId": 218, "memberNameEn": "Other electric lighting distribution equipment", "memberNameFr": "Autre mat\u00e9riel \u00e9lectrique d'\u00e9clairage et de distribution", "classificationCode": null, "classificationTypeCode": null, "geoLevel": null, "vintage": null, "terminated": 0, "memberUomCode": 81}, {"memberId": 223, "parentMemberId": 218, "memberNameEn": "Auxiliary electric equipment for engines", "memberNameFr": "Mat\u00e9riel \u00e9lectrique auxiliaire pour moteurs", "classificationCode": null, "classificationTypeCode": null, "geoLevel": null, "vintage": null, "terminated": 0, "memberUomCode": 81}, {"memberId": 224, "parentMemberId": 216, "memberNameEn": "Measuring, controlling and scientific equipment, tools", "memberNameFr": "Instruments scientifiques, de mesure et de contr\u00f4le", "classificationCode": null, "classificationTypeCode": null, "geoLevel": null, "vintage": null, "terminated": 0, "memberUomCode": 81}, {"memberId": 225, "parentMemberId": 224, "memberNameEn": "Electrical property measuring instruments", "memberNameFr": "Instruments \u00e0 mesurer les propri\u00e9t\u00e9s \u00e9lectriques", "classificationCode": null, "classificationTypeCode": null, "geoLevel": null, "vintage": null, "terminated": 0, "memberUomCode": 81}, {"memberId": 226, "parentMemberId": 224, "memberNameEn": "Other measuring, laboratory equipment etc.", "memberNameFr": "Autres instruments de mesure, de laboratoire etc.", "classificationCode": null, "classificationTypeCode": null, "geoLevel": null, "vintage": null, "terminated": 0, "memberUomCode": 81}, {"memberId": 227, "parentMemberId": 224, "memberNameEn": "Miscellaneous measuring, controlling instruments", "memberNameFr": "Instruments mesureurs-r\u00e9gulateurs divers", "classificationCode": null, "classificationTypeCode": null, "geoLevel": null, "vintage": null, "terminated": 0, "memberUomCode": 81}, {"memberId": 228, "parentMemberId": 224, "memberNameEn": "Medical and related equipment", "memberNameFr": "Mat\u00e9riel de m\u00e9decine et d'usage connexe", "classificationCode": null, "classificationTypeCode": null, "geoLevel": null, "vintage": null, "terminated": 0, "memberUomCode": 81}, {"memberId": 229, "parentMemberId": 224, "memberNameEn": "Navigation equipment", "memberNameFr": "Mat\u00e9riel de navigation", "classificationCode": null, "classificationTypeCode": null, "geoLevel": null, "vintage": null, "terminated": 0, "memberUomCode": 81}, {"memberId": 230, "parentMemberId": 216, "memberNameEn": "Office machines and equipment", "memberNameFr": "Machines et mat\u00e9riel de bureaux", "classificationCode": null, "classificationTypeCode": null, "geoLevel": null, "vintage": null, "terminated": 0, "memberUomCode": 81}, {"memberId": 231, "parentMemberId": 230, "memberNameEn": "Electronic computers", "memberNameFr": "Ordinateurs \u00e9lectroniques", "classificationCode": null, "classificationTypeCode": null, "geoLevel": null, "vintage": null, "terminated": 0, "memberUomCode": 81}, {"memberId": 232, "parentMemberId": 230, "memberNameEn": "Other office machines and equipment", "memberNameFr": "Autres machines et mat\u00e9riel de bureau", "classificationCode": null, "classificationTypeCode": null, "geoLevel": null, "vintage": null, "terminated": 0, "memberUomCode": 81}, {"memberId": 233, "parentMemberId": 216, "memberNameEn": "Other equipment and tools", "memberNameFr": "Autres mat\u00e9riel et outils", "classificationCode": null, "classificationTypeCode": null, "geoLevel": null, "vintage": null, "terminated": 0, "memberUomCode": 81}, {"memberId": 234, "parentMemberId": 233, "memberNameEn": "Safety and sanitation equipment", "memberNameFr": "Mat\u00e9riel de s\u00e9curit\u00e9 et d'assainissement", "classificationCode": null, "classificationTypeCode": null, "geoLevel": null, "vintage": null, "terminated": 0, "memberUomCode": 81}, {"memberId": 235, "parentMemberId": 233, "memberNameEn": "Service industry equipment", "memberNameFr": "Mat\u00e9riel pour l'industrie des services", "classificationCode": null, "classificationTypeCode": null, "geoLevel": null, "vintage": null, "terminated": 0, "memberUomCode": 81}, {"memberId": 236, "parentMemberId": 233, "memberNameEn": "Furniture and fixtures", "memberNameFr": "Meubles et accessoires", "classificationCode": null, "classificationTypeCode": null, "geoLevel": null, "vintage": null, "terminated": 0, "memberUomCode": 81}, {"memberId": 237, "parentMemberId": 233, "memberNameEn": "Hand tools and cutlery", "memberNameFr": "Outils \u00e0 main et coutellerie", "classificationCode": null, "classificationTypeCode": null, "geoLevel": null, "vintage": null, "terminated": 0, "memberUomCode": 81}, {"memberId": 238, "parentMemberId": 233, "memberNameEn": "Miscellaneous equipment and tools", "memberNameFr": "Mat\u00e9riel divers et outils", "classificationCode": null, "classificationTypeCode": null, "geoLevel": null, "vintage": null, "terminated": 0, "memberUomCode": 81}, {"memberId": 239, "parentMemberId": 140, "memberNameEn": "Total personal and household goods", "memberNameFr": "Total effets personnels et articles m\u00e9nagers", "classificationCode": null, "classificationTypeCode": null, "geoLevel": null, "vintage": null, "terminated": 0, "memberUomCode": 81}, {"memberId": 240, "parentMemberId": 239, "memberNameEn": "Apparel and accessories", "memberNameFr": "V\u00eatements et accessoires", "classificationCode": null, "classificationTypeCode": null, "geoLevel": null, "vintage": null, "terminated": 0, "memberUomCode": 81}, {"memberId": 241, "parentMemberId": 240, "memberNameEn": "Outerwear, except knitted", "memberNameFr": "V\u00eatements de dessus non tricot\u00e9s", "classificationCode": null, "classificationTypeCode": null, "geoLevel": null, "vintage": null, "terminated": 0, "memberUomCode": 81}, {"memberId": 242, "parentMemberId": 240, "memberNameEn": "Outerwear, knitted", "memberNameFr": "V\u00eatements de dessus tricot\u00e9s", "classificationCode": null, "classificationTypeCode": null, "geoLevel": null, "vintage": null, "terminated": 0, "memberUomCode": 81}, {"memberId": 243, "parentMemberId": 240, "memberNameEn": "Other apparel and apparel accessories", "memberNameFr": "Autres v\u00eatements et accessoires vestimentaires", "classificationCode": null, "classificationTypeCode": null, "geoLevel": null, "vintage": null, "terminated": 0, "memberUomCode": 81}, {"memberId": 244, "parentMemberId": 240, "memberNameEn": "Footwear", "memberNameFr": "Chaussures", "classificationCode": null, "classificationTypeCode": null, "geoLevel": null, "vintage": null, "terminated": 0, "memberUomCode": 81}, {"memberId": 245, "parentMemberId": 239, "memberNameEn": "Other personal and household goods", "memberNameFr": "Autres effets personnels et articles m\u00e9nagers", "classificationCode": null, "classificationTypeCode": null, "geoLevel": null, "vintage": null, "terminated": 0, "memberUomCode": 81}, {"memberId": 246, "parentMemberId": 245, "memberNameEn": "Watches, clocks, jewellery and silverware", "memberNameFr": "Montres, horloges, bijoux et argenterie", "classificationCode": null, "classificationTypeCode": null, "geoLevel": null, "vintage": null, "terminated": 0, "memberUomCode": 81}, {"memberId": 247, "parentMemberId": 245, "memberNameEn": "Sporting and recreation equipment", "memberNameFr": "Articles pour sports et divertissements", "classificationCode": null, "classificationTypeCode": null, "geoLevel": null, "vintage": null, "terminated": 0, "memberUomCode": 81}, {"memberId": 248, "parentMemberId": 245, "memberNameEn": "Games, toys and children's vehicles", "memberNameFr": "Jeux, jouets et v\u00e9hicules d'enfants", "classificationCode": null, "classificationTypeCode": null, "geoLevel": null, "vintage": null, "terminated": 0, "memberUomCode": 81}, {"memberId": 249, "parentMemberId": 245, "memberNameEn": "House furnishings", "memberNameFr": "Fournitures de maison", "classificationCode": null, "classificationTypeCode": null, "geoLevel": null, "vintage": null, "terminated": 0, "memberUomCode": 81}, {"memberId": 250, "parentMemberId": 245, "memberNameEn": "Kitchen utensils, cutlery and tableware", "memberNameFr": "Ustensiles de cuisine, de table et coutellerie", "classificationCode": null, "classificationTypeCode": null, "geoLevel": null, "vintage": null, "terminated": 0, "memberUomCode": 81}, {"memberId": 251, "parentMemberId": 245, "memberNameEn": "Other personal and household goods", "memberNameFr": "Autres effets personnels et articles m\u00e9nagers", "classificationCode": null, "classificationTypeCode": null, "geoLevel": null, "vintage": null, "terminated": 0, "memberUomCode": 81}, {"memberId": 252, "parentMemberId": 140, "memberNameEn": "Total miscellaneous end products", "memberNameFr": "Total produits finis divers", "classificationCode": null, "classificationTypeCode": null, "geoLevel": null, "vintage": null, "terminated": 0, "memberUomCode": 81}, {"memberId": 253, "parentMemberId": 252, "memberNameEn": "Books and pamphlets", "memberNameFr": "Livres et brochures", "classificationCode": null, "classificationTypeCode": null, "geoLevel": null, "vintage": null, "terminated": 0, "memberUomCode": 81}, {"memberId": 254, "parentMemberId": 252, "memberNameEn": "Other printed materials", "memberNameFr": "Autres mat\u00e9riels imprim\u00e9s", "classificationCode": null, "classificationTypeCode": null, "geoLevel": null, "vintage": null, "terminated": 0, "memberUomCode": 81}, {"memberId": 255, "parentMemberId": 254, "memberNameEn": "Newspapers, magazines and periodicals", "memberNameFr": "Journaux, revues et p\u00e9riodiques", "classificationCode": null, "classificationTypeCode": null, "geoLevel": null, "vintage": null, "terminated": 0, "memberUomCode": 81}, {"memberId": 256, "parentMemberId": 254, "memberNameEn": "Other printed matter", "memberNameFr": "Autres imprim\u00e9s", "classificationCode": null, "classificationTypeCode": null, "geoLevel": null, "vintage": null, "terminated": 0, "memberUomCode": 81}, {"memberId": 257, "parentMemberId": 252, "memberNameEn": "Photographic goods", "memberNameFr": "Articles photographiques", "classificationCode": null, "classificationTypeCode": null, "geoLevel": null, "vintage": null, "terminated": 0, "memberUomCode": 81}, {"memberId": 258, "parentMemberId": 257, "memberNameEn": "Unexposed photo film and plates", "memberNameFr": "Films, plaques vierges pour photographie", "classificationCode": null, "classificationTypeCode": null, "geoLevel": null, "vintage": null, "terminated": 0, "memberUomCode": 81}, {"memberId": 259, "parentMemberId": 257, "memberNameEn": "Other photographic goods", "memberNameFr": "Autres articles photographiques", "classificationCode": null, "classificationTypeCode": null, "geoLevel": null, "vintage": null, "terminated": 0, "memberUomCode": 81}, {"memberId": 260, "parentMemberId": 252, "memberNameEn": "Other miscellaneous end products", "memberNameFr": "Autres produits finis divers", "classificationCode": null, "classificationTypeCode": null, "geoLevel": null, "vintage": null, "terminated": 0, "memberUomCode": 81}, {"memberId": 261, "parentMemberId": 260, "memberNameEn": "Medicinal and pharmaceutical products in dosage", "memberNameFr": "M\u00e9dicaments et produits pharmaceutiques en dose", "classificationCode": null, "classificationTypeCode": null, "geoLevel": null, "vintage": null, "terminated": 0, "memberUomCode": 81}, {"memberId": 262, "parentMemberId": 260, "memberNameEn": "Medical, ophthalmic, orthopaedic supplies", "memberNameFr": "Fournitures m\u00e9dicaux, ophtalmiques et orthop\u00e9diques", "classificationCode": null, "classificationTypeCode": null, "geoLevel": null, "vintage": null, "terminated": 0, "memberUomCode": 81}, {"memberId": 263, "parentMemberId": 260, "memberNameEn": "Stationer's and office supplies", "memberNameFr": "Fournitures de papeteries et de bureau", "classificationCode": null, "classificationTypeCode": null, "geoLevel": null, "vintage": null, "terminated": 0, "memberUomCode": 81}, {"memberId": 264, "parentMemberId": 260, "memberNameEn": "Containers and closures", "memberNameFr": "R\u00e9cipients, contenants et fermetures", "classificationCode": null, "classificationTypeCode": null, "geoLevel": null, "vintage": null, "terminated": 0, "memberUomCode": 81}, {"memberId": 265, "parentMemberId": 260, "memberNameEn": "Other end products, inedible", "memberNameFr": "Autres produits finis, non comestibles", "classificationCode": null, "classificationTypeCode": null, "geoLevel": null, "vintage": null, "terminated": 0, "memberUomCode": 81}, {"memberId": 266, "parentMemberId": 1, "memberNameEn": "Total special transactions, trade", "memberNameFr": "Total des transactions sp\u00e9ciales commerciales", "classificationCode": null, "classificationTypeCode": null, "geoLevel": null, "vintage": null, "terminated": 0, "memberUomCode": 81}]}]