[{"dimensionPositionId": 1, "dimensionNameEn": "Geography", "dimensionNameFr": "G\u00e9ographie", "hasUom": false, "member": [{"memberId": 1, "parentMemberId": null, "memberNameEn": "Canada", "memberNameFr": "Canada", "classificationCode": "11124", "classificationTypeCode": "1", "geoLevel": 0, "vintage": 2016, "terminated": 0, "memberUomCode": null}, {"memberId": 2, "parentMemberId": 1, "memberNameEn": "Newfoundland and Labrador", "memberNameFr": "Terre-Neuve-et-Labrador", "classificationCode": "10", "classificationTypeCode": "1", "geoLevel": 2, "vintage": 2016, "terminated": 0, "memberUomCode": null}, {"memberId": 3, "parentMemberId": 1, "memberNameEn": "Prince Edward Island", "memberNameFr": "\u00cele-du-Prince-\u00c9douard", "classificationCode": "11", "classificationTypeCode": "1", "geoLevel": 2, "vintage": 2016, "terminated": 0, "memberUomCode": null}, {"memberId": 4, "parentMemberId": 1, "memberNameEn": "Nova Scotia", "memberNameFr": "Nouvelle-\u00c9cosse", "classificationCode": "12", "classificationTypeCode": "1", "geoLevel": 2, "vintage": 2016, "terminated": 0, "memberUomCode": null}, {"memberId": 5, "parentMemberId": 1, "memberNameEn": "New Brunswick", "memberNameFr": "Nouveau-Brunswick", "classificationCode": "13", "classificationTypeCode": "1", "geoLevel": 2, "vintage": 2016, "terminated": 0, "memberUomCode": null}, {"memberId": 6, "parentMemberId": 1, "memberNameEn": "Quebec", "memberNameFr": "Qu\u00e9bec", "classificationCode": "24", "classificationTypeCode": "1", "geoLevel": 2, "vintage": 2016, "terminated": 0, "memberUomCode": null}, {"memberId": 7, "parentMemberId": 1, "memberNameEn": "Ontario", "memberNameFr": "Ontario", "classificationCode": "35", "classificationTypeCode": "1", "geoLevel": 2, "vintage": 2016, "terminated": 0, "memberUomCode": null}, {"memberId": 8, "parentMemberId": 1, "memberNameEn": "Manitoba", "memberNameFr": "Manitoba", "classificationCode": "46", "classificationTypeCode": "1", "geoLevel": 2, "vintage": 2016, "terminated": 0, "memberUomCode": null}, {"memberId": 9, "parentMemberId": 1, "memberNameEn": "Saskatchewan", "memberNameFr": "Saskatchewan", "classificationCode": "47", "classificationTypeCode": "1", "geoLevel": 2, "vintage": 2016, "terminated": 0, "memberUomCode": null}, {"memberId": 10, "parentMemberId": 1, "memberNameEn": "Alberta", "memberNameFr": "Alberta", "classificationCode": "48", "classificationTypeCode": "1", "geoLevel": 2, "vintage": 2016, "terminated": 0, "memberUomCode": null}, {"memberId": 11, "parentMemberId": 1, "memberNameEn": "British Columbia", "memberNameFr": "Colombie-Britannique", "classificationCode": "59", "classificationTypeCode": "1", "geoLevel": 2, "vintage": 2016, "terminated": 0, "memberUomCode": null}, {"memberId": 12, "parentMemberId": 1, "memberNameEn": "Yukon", "memberNameFr": "Yukon", "classificationCode": "60", "classificationTypeCode": "1", "geoLevel": 2, "vintage": 2016, "terminated": 0, "memberUomCode": null}, {"memberId": 13, "parentMemberId": 1, "memberNameEn": "Northwest Territories including Nunavut", "memberNameFr": "Territoires du Nord Ouest incluant Nunavut", "classificationCode": "61", "classificationTypeCode": "1", "geoLevel": 2, "vintage": 2016, "terminated": 1, "memberUomCode": null}, {"memberId": 14, "parentMemberId": 1, "memberNameEn": "Northwest Territories", "memberNameFr": "Territoires du Nord Ouest", "classificationCode": "61", "classificationTypeCode": "1", "geoLevel": 2, "vintage": 2016, "terminated": 0, "memberUomCode": null}, {"memberId": 15, "parentMemberId": 1, "memberNameEn": "Nunavut", "memberNameFr": "Nunavut", "classificationCode": "62", "classificationTypeCode": "1", "geoLevel": 2, "vintage": 2016, "terminated": 0, "memberUomCode": null}]}, {"dimensionPositionId": 2, "dimensionNameEn": "Partner countries", "dimensionNameFr": "Pays partenaires", "hasUom": false, "member": [{"memberId": 1, "parentMemberId": null, "memberNameEn": "All countries", "memberNameFr": "Tous les pays", "classificationCode": null, "classificationTypeCode": null, "geoLevel": null, "vintage": null, "terminated": 0, "memberUomCode": null}, {"memberId": 2, "parentMemberId": null, "memberNameEn": "Countries other than the United States", "memberNameFr": "Pays autres que les \u00c9tats-Unis", "classificationCode": null, "classificationTypeCode": null, "geoLevel": null, "vintage": null, "terminated": 0, "memberUomCode": null}]}, {"dimensionPositionId": 3, "dimensionNameEn": "Canadian export concentration", "dimensionNameFr": "Concentration des exportations canadiennes", "hasUom": false, "member": [{"memberId": 1, "parentMemberId": null, "memberNameEn": "Product", "memberNameFr": "Produit", "classificationCode": null, "classificationTypeCode": null, "geoLevel": null, "vintage": null, "terminated": 0, "memberUomCode": null}, {"memberId": 2, "parentMemberId": null, "memberNameEn": "Destination market", "memberNameFr": "March\u00e9 de destination", "classificationCode": null, "classificationTypeCode": null, "geoLevel": null, "vintage": null, "terminated": 0, "memberUomCode": null}, {"memberId": 3, "parentMemberId": null, "memberNameEn": "Province of production", "memberNameFr": "Province de production", "classificationCode": null, "classificationTypeCode": null, "geoLevel": null, "vintage": null, "terminated": 0, "memberUomCode": null}]}, {"dimensionPositionId": 4, "dimensionNameEn": "Statistics", "dimensionNameFr": "Statistiques", "hasUom": true, "member": [{"memberId": 1, "parentMemberId": null, "memberNameEn": "Concentration ratio", "memberNameFr": "Ratio de concentration", "classificationCode": null, "classificationTypeCode": null, "geoLevel": null, "vintage": null, "terminated": 0, "memberUomCode": 270}, {"memberId": 2, "parentMemberId": null, "memberNameEn": "Index", "memberNameFr": "Indice", "classificationCode": null, "classificationTypeCode": null, "geoLevel": null, "vintage": null, "terminated": 0, "memberUomCode": 348}]}]