[{"dimensionPositionId": 1, "dimensionNameEn": "Geography", "dimensionNameFr": "G\u00e9ographie", "hasUom": false, "member": [{"memberId": 1, "parentMemberId": null, "memberNameEn": "Canada", "memberNameFr": "Canada", "classificationCode": "11124", "classificationTypeCode": "1", "geoLevel": null, "vintage": null, "terminated": 0, "memberUomCode": null}]}, {"dimensionPositionId": 2, "dimensionNameEn": "Trade", "dimensionNameFr": "Commerce", "hasUom": false, "member": [{"memberId": 1, "parentMemberId": null, "memberNameEn": "Import", "memberNameFr": "Importations", "classificationCode": null, "classificationTypeCode": null, "geoLevel": null, "vintage": null, "terminated": 0, "memberUomCode": null}, {"memberId": 2, "parentMemberId": null, "memberNameEn": "Export", "memberNameFr": "Exportations", "classificationCode": null, "classificationTypeCode": null, "geoLevel": null, "vintage": null, "terminated": 0, "memberUomCode": null}]}, {"dimensionPositionId": 3, "dimensionNameEn": "Basis", "dimensionNameFr": "Base", "hasUom": false, "member": [{"memberId": 1, "parentMemberId": null, "memberNameEn": "Customs", "memberNameFr": "Douani\u00e8re", "classificationCode": null, "classificationTypeCode": null, "geoLevel": null, "vintage": null, "terminated": 0, "memberUomCode": null}, {"memberId": 2, "parentMemberId": null, "memberNameEn": "Balance of payments", "memberNameFr": "Balance des paiements", "classificationCode": null, "classificationTypeCode": null, "geoLevel": null, "vintage": null, "terminated": 0, "memberUomCode": null}]}, {"dimensionPositionId": 4, "dimensionNameEn": "Seasonal adjustment", "dimensionNameFr": "D\u00e9saisonnalisation", "hasUom": false, "member": [{"memberId": 1, "parentMemberId": null, "memberNameEn": "Unadjusted", "memberNameFr": "Non d\u00e9saisonnalis\u00e9es", "classificationCode": null, "classificationTypeCode": null, "geoLevel": null, "vintage": null, "terminated": 0, "memberUomCode": null}, {"memberId": 2, "parentMemberId": null, "memberNameEn": "Seasonally adjusted", "memberNameFr": "D\u00e9saisonnalis\u00e9es", "classificationCode": null, "classificationTypeCode": null, "geoLevel": null, "vintage": null, "terminated": 0, "memberUomCode": null}]}, {"dimensionPositionId": 5, "dimensionNameEn": "North American Product Classification System (NAPCS)", "dimensionNameFr": "Syst\u00e8me de classification des produits de l'Am\u00e9rique du Nord (SCPAN)", "hasUom": false, "member": [{"memberId": 1, "parentMemberId": null, "memberNameEn": "Total of all merchandise", "memberNameFr": "Total de toutes les marchandises", "classificationCode": null, "classificationTypeCode": null, "geoLevel": null, "vintage": null, "terminated": 0, "memberUomCode": null}, {"memberId": 2, "parentMemberId": 1, "memberNameEn": "Farm, fishing and intermediate food products", "memberNameFr": "Produits agricoles et de la p\u00eache et produits interm\u00e9diaires des aliments", "classificationCode": "C11", "classificationTypeCode": "20", "geoLevel": null, "vintage": null, "terminated": 0, "memberUomCode": null}, {"memberId": 3, "parentMemberId": 2, "memberNameEn": "Farm and fishing products", "memberNameFr": "Produits agricoles et de la p\u00eache", "classificationCode": "C111", "classificationTypeCode": "20", "geoLevel": null, "vintage": null, "terminated": 0, "memberUomCode": null}, {"memberId": 4, "parentMemberId": 3, "memberNameEn": "Live animals", "memberNameFr": "Animaux vivants", "classificationCode": "111", "classificationTypeCode": "20", "geoLevel": null, "vintage": null, "terminated": 0, "memberUomCode": null}, {"memberId": 5, "parentMemberId": 3, "memberNameEn": "Wheat", "memberNameFr": "Bl\u00e9", "classificationCode": "112", "classificationTypeCode": "20", "geoLevel": null, "vintage": null, "terminated": 0, "memberUomCode": null}, {"memberId": 6, "parentMemberId": 3, "memberNameEn": "Canola (including rapeseed)", "memberNameFr": "Canola (y compris le colza)", "classificationCode": "113", "classificationTypeCode": "20", "geoLevel": null, "vintage": null, "terminated": 0, "memberUomCode": null}, {"memberId": 7, "parentMemberId": 3, "memberNameEn": "Fresh fruit, nuts and vegetables, and pulse crops", "memberNameFr": "Fruits, noix et l\u00e9gumes frais, et l\u00e9gumineuses de culture", "classificationCode": "114", "classificationTypeCode": "20", "geoLevel": null, "vintage": null, "terminated": 0, "memberUomCode": null}, {"memberId": 8, "parentMemberId": 3, "memberNameEn": "Other crop products", "memberNameFr": "Autres produits v\u00e9g\u00e9taux", "classificationCode": "115", "classificationTypeCode": "20", "geoLevel": null, "vintage": null, "terminated": 0, "memberUomCode": null}, {"memberId": 9, "parentMemberId": 3, "memberNameEn": "Other animal products", "memberNameFr": "Autres produits d'origine animale", "classificationCode": "116", "classificationTypeCode": "20", "geoLevel": null, "vintage": null, "terminated": 0, "memberUomCode": null}, {"memberId": 10, "parentMemberId": 3, "memberNameEn": "Fish, crustaceans, shellfish and other fishery products", "memberNameFr": "Poissons, crustac\u00e9s, mollusques et autres produits de la p\u00eache", "classificationCode": "121", "classificationTypeCode": "20", "geoLevel": null, "vintage": null, "terminated": 0, "memberUomCode": null}, {"memberId": 11, "parentMemberId": 3, "memberNameEn": "Animal feed", "memberNameFr": "Aliments pour animaux", "classificationCode": "181", "classificationTypeCode": "20", "geoLevel": null, "vintage": null, "terminated": 0, "memberUomCode": null}, {"memberId": 12, "parentMemberId": 2, "memberNameEn": "Intermediate food products", "memberNameFr": "Produits alimentaires interm\u00e9diaires", "classificationCode": "C112", "classificationTypeCode": "20", "geoLevel": null, "vintage": null, "terminated": 0, "memberUomCode": null}, {"memberId": 13, "parentMemberId": 12, "memberNameEn": "Intermediate food products", "memberNameFr": "Produits alimentaires interm\u00e9diaires", "classificationCode": "182", "classificationTypeCode": "20", "geoLevel": null, "vintage": null, "terminated": 0, "memberUomCode": null}, {"memberId": 14, "parentMemberId": 1, "memberNameEn": "Energy products", "memberNameFr": "Produits \u00e9nerg\u00e9tiques", "classificationCode": "C12", "classificationTypeCode": "20", "geoLevel": null, "vintage": null, "terminated": 0, "memberUomCode": null}, {"memberId": 15, "parentMemberId": 14, "memberNameEn": "Crude oil and crude bitumen", "memberNameFr": "P\u00e9trole brut et bitume", "classificationCode": "C121", "classificationTypeCode": "20", "geoLevel": null, "vintage": null, "terminated": 0, "memberUomCode": null}, {"memberId": 16, "parentMemberId": 15, "memberNameEn": "Crude oil and bitumen", "memberNameFr": "P\u00e9trole brut et bitume", "classificationCode": "141", "classificationTypeCode": "20", "geoLevel": null, "vintage": null, "terminated": 0, "memberUomCode": null}, {"memberId": 17, "parentMemberId": 14, "memberNameEn": "Natural gas, natural gas liquids and related products ", "memberNameFr": "Gaz naturel, liquides de gaz naturel et produits connexes", "classificationCode": "C122", "classificationTypeCode": "20", "geoLevel": null, "vintage": null, "terminated": 0, "memberUomCode": null}, {"memberId": 18, "parentMemberId": 17, "memberNameEn": "Natural gas", "memberNameFr": "Gaz naturel", "classificationCode": "142", "classificationTypeCode": "20", "geoLevel": null, "vintage": null, "terminated": 0, "memberUomCode": null}, {"memberId": 19, "parentMemberId": 17, "memberNameEn": "Natural gas liquids (including condensate) and related products", "memberNameFr": "Liquides de gaz naturel (y compris le condensat) et produits connexes", "classificationCode": "143", "classificationTypeCode": "20", "geoLevel": null, "vintage": null, "terminated": 0, "memberUomCode": null}, {"memberId": 20, "parentMemberId": 14, "memberNameEn": "Coal", "memberNameFr": "Charbon", "classificationCode": "C123", "classificationTypeCode": "20", "geoLevel": null, "vintage": null, "terminated": 0, "memberUomCode": null}, {"memberId": 21, "parentMemberId": 20, "memberNameEn": "Coal", "memberNameFr": "Charbon", "classificationCode": "144", "classificationTypeCode": "20", "geoLevel": null, "vintage": null, "terminated": 0, "memberUomCode": null}, {"memberId": 22, "parentMemberId": 14, "memberNameEn": "Nuclear fuel and other energy products", "memberNameFr": "Combustible nucl\u00e9aire et autres produits \u00e9nerg\u00e9tiques", "classificationCode": "C124", "classificationTypeCode": "20", "geoLevel": null, "vintage": null, "terminated": 0, "memberUomCode": null}, {"memberId": 23, "parentMemberId": 22, "memberNameEn": "Nuclear fuel and other energy products", "memberNameFr": "Combustible nucl\u00e9aire et autres produits \u00e9nerg\u00e9tiques", "classificationCode": "145", "classificationTypeCode": "20", "geoLevel": null, "vintage": null, "terminated": 0, "memberUomCode": null}, {"memberId": 24, "parentMemberId": 14, "memberNameEn": "Electricity", "memberNameFr": "\u00c9lectricit\u00e9", "classificationCode": "C125", "classificationTypeCode": "20", "geoLevel": null, "vintage": null, "terminated": 0, "memberUomCode": null}, {"memberId": 25, "parentMemberId": 24, "memberNameEn": "Electricity", "memberNameFr": "\u00c9lectricit\u00e9", "classificationCode": "146", "classificationTypeCode": "20", "geoLevel": null, "vintage": null, "terminated": 0, "memberUomCode": null}, {"memberId": 26, "parentMemberId": 14, "memberNameEn": "Refined petroleum energy products", "memberNameFr": "Produits p\u00e9troliers raffin\u00e9s pour combustibles", "classificationCode": "C126", "classificationTypeCode": "20", "geoLevel": null, "vintage": null, "terminated": 0, "memberUomCode": null}, {"memberId": 27, "parentMemberId": 26, "memberNameEn": "Refined petroleum energy products (including liquid biofuels)", "memberNameFr": "Produits p\u00e9troliers raffin\u00e9s pour combustibles (y compris les biocombustibles liquides)", "classificationCode": "261", "classificationTypeCode": "20", "geoLevel": null, "vintage": null, "terminated": 0, "memberUomCode": null}, {"memberId": 28, "parentMemberId": 1, "memberNameEn": "Metal ores and non-metallic minerals", "memberNameFr": "Minerais et min\u00e9raux non m\u00e9talliques", "classificationCode": "C13", "classificationTypeCode": "20", "geoLevel": null, "vintage": null, "terminated": 0, "memberUomCode": null}, {"memberId": 29, "parentMemberId": 28, "memberNameEn": "Metal ores and concentrates", "memberNameFr": "Minerais et concentr\u00e9s de m\u00e9taux", "classificationCode": "C131", "classificationTypeCode": "20", "geoLevel": null, "vintage": null, "terminated": 0, "memberUomCode": null}, {"memberId": 30, "parentMemberId": 29, "memberNameEn": "Iron ores and concentrates", "memberNameFr": "Minerais et concentr\u00e9s de fer", "classificationCode": "151", "classificationTypeCode": "20", "geoLevel": null, "vintage": null, "terminated": 0, "memberUomCode": null}, {"memberId": 31, "parentMemberId": 29, "memberNameEn": "Copper ores and concentrates", "memberNameFr": "Minerais et concentr\u00e9s de cuivre", "classificationCode": "152", "classificationTypeCode": "20", "geoLevel": null, "vintage": null, "terminated": 0, "memberUomCode": null}, {"memberId": 32, "parentMemberId": 29, "memberNameEn": "Nickel ores and concentrates", "memberNameFr": "Minerais et concentr\u00e9s de nickel", "classificationCode": "153", "classificationTypeCode": "20", "geoLevel": null, "vintage": null, "terminated": 0, "memberUomCode": null}, {"memberId": 33, "parentMemberId": 29, "memberNameEn": "Radioactive ores and concentrates", "memberNameFr": "Minerais et concentr\u00e9s radioactifs", "classificationCode": "154", "classificationTypeCode": "20", "geoLevel": null, "vintage": null, "terminated": 0, "memberUomCode": null}, {"memberId": 34, "parentMemberId": 29, "memberNameEn": "Other metal ores and concentrates", "memberNameFr": "Autres minerais et concentr\u00e9s de m\u00e9taux", "classificationCode": "155", "classificationTypeCode": "20", "geoLevel": null, "vintage": null, "terminated": 0, "memberUomCode": null}, {"memberId": 35, "parentMemberId": 28, "memberNameEn": "Non-metallic minerals", "memberNameFr": "Min\u00e9raux non m\u00e9talliques", "classificationCode": "C132", "classificationTypeCode": "20", "geoLevel": null, "vintage": null, "terminated": 0, "memberUomCode": null}, {"memberId": 36, "parentMemberId": 35, "memberNameEn": "Potash", "memberNameFr": "Potasse", "classificationCode": "161", "classificationTypeCode": "20", "geoLevel": null, "vintage": null, "terminated": 0, "memberUomCode": null}, {"memberId": 37, "parentMemberId": 35, "memberNameEn": "Stone, sand, gravel, clay, and refractory minerals", "memberNameFr": "Pierre, sable, gravier, argile et min\u00e9raux r\u00e9fractaires", "classificationCode": "162", "classificationTypeCode": "20", "geoLevel": null, "vintage": null, "terminated": 0, "memberUomCode": null}, {"memberId": 38, "parentMemberId": 35, "memberNameEn": "Diamonds and other non-metallic minerals (except cut gemstones)", "memberNameFr": "Diamants et autres min\u00e9raux non m\u00e9talliques (sauf les pierres pr\u00e9cieuses taill\u00e9es)", "classificationCode": "163", "classificationTypeCode": "20", "geoLevel": null, "vintage": null, "terminated": 0, "memberUomCode": null}, {"memberId": 39, "parentMemberId": 1, "memberNameEn": "Metal and non-metallic mineral products", "memberNameFr": "Produits en m\u00e9tal et produits min\u00e9raux non m\u00e9talliques", "classificationCode": "C14", "classificationTypeCode": "20", "geoLevel": null, "vintage": null, "terminated": 0, "memberUomCode": null}, {"memberId": 40, "parentMemberId": 39, "memberNameEn": "Intermediate metal products", "memberNameFr": "Produits interm\u00e9diaires en m\u00e9tal", "classificationCode": "C141", "classificationTypeCode": "20", "geoLevel": null, "vintage": null, "terminated": 0, "memberUomCode": null}, {"memberId": 41, "parentMemberId": 40, "memberNameEn": "Unwrought iron, steel and ferro-alloys", "memberNameFr": "Fer, acier et ferro-alliages sous forme brute", "classificationCode": "311", "classificationTypeCode": "20", "geoLevel": null, "vintage": null, "terminated": 0, "memberUomCode": null}, {"memberId": 42, "parentMemberId": 40, "memberNameEn": "Basic and semi-finished iron and steel products", "memberNameFr": "Formes primaires et produits semi-ouvr\u00e9s de fer et d'acier", "classificationCode": "312", "classificationTypeCode": "20", "geoLevel": null, "vintage": null, "terminated": 0, "memberUomCode": null}, {"memberId": 43, "parentMemberId": 40, "memberNameEn": "Unwrought aluminum and aluminum alloys", "memberNameFr": "Aluminium et alliages d'aluminium sous forme brute", "classificationCode": "321", "classificationTypeCode": "20", "geoLevel": null, "vintage": null, "terminated": 0, "memberUomCode": null}, {"memberId": 44, "parentMemberId": 40, "memberNameEn": "Unwrought copper and copper alloys", "memberNameFr": "Cuivre et alliages de cuivre sous forme brute", "classificationCode": "322", "classificationTypeCode": "20", "geoLevel": null, "vintage": null, "terminated": 0, "memberUomCode": null}, {"memberId": 45, "parentMemberId": 40, "memberNameEn": "Unwrought nickel and nickel alloys", "memberNameFr": "Nickel et alliages de nickel sous forme brute", "classificationCode": "323", "classificationTypeCode": "20", "geoLevel": null, "vintage": null, "terminated": 0, "memberUomCode": null}, {"memberId": 46, "parentMemberId": 40, "memberNameEn": "Unwrought gold, silver, and platinum group metals, and their alloys", "memberNameFr": "Or, argent et m\u00e9taux du groupe du platine sous forme brute, et leurs alliages", "classificationCode": "324", "classificationTypeCode": "20", "geoLevel": null, "vintage": null, "terminated": 0, "memberUomCode": null}, {"memberId": 47, "parentMemberId": 40, "memberNameEn": "Other unwrought non-ferrous metals and non-ferrous metal alloys", "memberNameFr": "Autres m\u00e9taux non ferreux et alliages de m\u00e9taux non ferreux sous forme brute", "classificationCode": "325", "classificationTypeCode": "20", "geoLevel": null, "vintage": null, "terminated": 0, "memberUomCode": null}, {"memberId": 48, "parentMemberId": 40, "memberNameEn": "Basic and semi-finished products of non-ferrous metals and non-ferrous metal alloys (except aluminum)", "memberNameFr": "Formes primaires et produits semi-ouvr\u00e9s de m\u00e9taux non ferreux et d'alliages de m\u00e9taux non ferreux (sauf d'aluminium)", "classificationCode": "326", "classificationTypeCode": "20", "geoLevel": null, "vintage": null, "terminated": 0, "memberUomCode": null}, {"memberId": 49, "parentMemberId": 40, "memberNameEn": "Basic and semi-finished products of aluminum and aluminum alloys", "memberNameFr": "Formes primaires et produits semi-ouvr\u00e9s d'aluminium et d'alliages d'aluminium", "classificationCode": "327", "classificationTypeCode": "20", "geoLevel": null, "vintage": null, "terminated": 0, "memberUomCode": null}, {"memberId": 50, "parentMemberId": 39, "memberNameEn": "Fabricated metal products", "memberNameFr": "Produits m\u00e9talliques usin\u00e9s", "classificationCode": "C142", "classificationTypeCode": "20", "geoLevel": null, "vintage": null, "terminated": 0, "memberUomCode": null}, {"memberId": 51, "parentMemberId": 50, "memberNameEn": "Fabricated metal products", "memberNameFr": "Produits m\u00e9talliques ouvr\u00e9s", "classificationCode": "472", "classificationTypeCode": "20", "geoLevel": null, "vintage": null, "terminated": 0, "memberUomCode": null}, {"memberId": 52, "parentMemberId": 39, "memberNameEn": "Non-metallic mineral products", "memberNameFr": "Produits min\u00e9raux non m\u00e9talliques", "classificationCode": "C143", "classificationTypeCode": "20", "geoLevel": null, "vintage": null, "terminated": 0, "memberUomCode": null}, {"memberId": 53, "parentMemberId": 52, "memberNameEn": "Non-metallic mineral products", "memberNameFr": "Produits min\u00e9raux non m\u00e9talliques", "classificationCode": "291", "classificationTypeCode": "20", "geoLevel": null, "vintage": null, "terminated": 0, "memberUomCode": null}, {"memberId": 54, "parentMemberId": 39, "memberNameEn": "Waste and scrap of metal and glass", "memberNameFr": "D\u00e9chets et rebuts de m\u00e9tal et de verre", "classificationCode": "C144", "classificationTypeCode": "20", "geoLevel": null, "vintage": null, "terminated": 0, "memberUomCode": null}, {"memberId": 55, "parentMemberId": 54, "memberNameEn": "Waste and scrap of metal", "memberNameFr": "D\u00e9chets et rebuts de m\u00e9tal", "classificationCode": "156", "classificationTypeCode": "20", "geoLevel": null, "vintage": null, "terminated": 0, "memberUomCode": null}, {"memberId": 56, "parentMemberId": 54, "memberNameEn": "Waste and scrap of glass", "memberNameFr": "D\u00e9chets et rebuts de verre", "classificationCode": "159", "classificationTypeCode": "20", "geoLevel": null, "vintage": null, "terminated": 0, "memberUomCode": null}, {"memberId": 57, "parentMemberId": 1, "memberNameEn": "Basic and industrial chemical, plastic and rubber products", "memberNameFr": "Produits chimiques de base et industriels, produits en plastique et en caoutchouc", "classificationCode": "C15", "classificationTypeCode": "20", "geoLevel": null, "vintage": null, "terminated": 0, "memberUomCode": null}, {"memberId": 58, "parentMemberId": 57, "memberNameEn": "Basic chemicals and industrial chemical products", "memberNameFr": "Produits chimiques de base et produits chimiques industriels", "classificationCode": "C151", "classificationTypeCode": "20", "geoLevel": null, "vintage": null, "terminated": 0, "memberUomCode": null}, {"memberId": 59, "parentMemberId": 58, "memberNameEn": "Dyes and pigments, and petrochemicals", "memberNameFr": "Teintures et pigments, et produits p\u00e9trochimiques", "classificationCode": "263", "classificationTypeCode": "20", "geoLevel": null, "vintage": null, "terminated": 0, "memberUomCode": null}, {"memberId": 60, "parentMemberId": 58, "memberNameEn": "Lubricants and other petroleum refinery products", "memberNameFr": "Lubrifiants et autres produits p\u00e9troliers de raffinerie", "classificationCode": "264", "classificationTypeCode": "20", "geoLevel": null, "vintage": null, "terminated": 0, "memberUomCode": null}, {"memberId": 61, "parentMemberId": 58, "memberNameEn": "Basic chemicals", "memberNameFr": "Produits chimiques de base", "classificationCode": "271", "classificationTypeCode": "20", "geoLevel": null, "vintage": null, "terminated": 0, "memberUomCode": null}, {"memberId": 62, "parentMemberId": 58, "memberNameEn": "Fertilizers, pesticides and other chemical products", "memberNameFr": "Engrais, pesticides et autres produits chimiques", "classificationCode": "272", "classificationTypeCode": "20", "geoLevel": null, "vintage": null, "terminated": 0, "memberUomCode": null}, {"memberId": 63, "parentMemberId": 57, "memberNameEn": "Plastic and rubber products", "memberNameFr": "Produits en plastique et en caoutchouc", "classificationCode": "C152", "classificationTypeCode": "20", "geoLevel": null, "vintage": null, "terminated": 0, "memberUomCode": null}, {"memberId": 64, "parentMemberId": 63, "memberNameEn": "Plastic resins", "memberNameFr": "R\u00e9sines plastiques", "classificationCode": "281", "classificationTypeCode": "20", "geoLevel": null, "vintage": null, "terminated": 0, "memberUomCode": null}, {"memberId": 65, "parentMemberId": 63, "memberNameEn": "Plastic and rubber basic products not for packaging use (except plastic resins)", "memberNameFr": "Produits primaires en plastique et en caoutchouc (sauf les r\u00e9sines plastiques et le mat\u00e9riel d'emballage)", "classificationCode": "282", "classificationTypeCode": "20", "geoLevel": null, "vintage": null, "terminated": 0, "memberUomCode": null}, {"memberId": 66, "parentMemberId": 63, "memberNameEn": "Plastic and rubber finished products", "memberNameFr": "Produits finis en caoutchouc et en plastique", "classificationCode": "284", "classificationTypeCode": "20", "geoLevel": null, "vintage": null, "terminated": 0, "memberUomCode": null}, {"memberId": 67, "parentMemberId": 57, "memberNameEn": "Waste and scrap of plastic and rubber", "memberNameFr": "D\u00e9chets et rebuts de plastique et de caoutchouc", "classificationCode": "C153", "classificationTypeCode": "20", "geoLevel": null, "vintage": null, "terminated": 0, "memberUomCode": null}, {"memberId": 68, "parentMemberId": 67, "memberNameEn": "Waste and scrap of plastic and rubber", "memberNameFr": "D\u00e9chets et rebuts de plastique et de caoutchouc", "classificationCode": "158", "classificationTypeCode": "20", "geoLevel": null, "vintage": null, "terminated": 0, "memberUomCode": null}, {"memberId": 69, "parentMemberId": 1, "memberNameEn": "Forestry products and building and packaging materials", "memberNameFr": "Produits forestiers et mat\u00e9riaux de construction et d'emballage", "classificationCode": "C16", "classificationTypeCode": "20", "geoLevel": null, "vintage": null, "terminated": 0, "memberUomCode": null}, {"memberId": 70, "parentMemberId": 69, "memberNameEn": "Logs, pulpwood and other forestry products", "memberNameFr": "Billes, bois \u00e0 p\u00e2te et autres produits forestiers", "classificationCode": "C161", "classificationTypeCode": "20", "geoLevel": null, "vintage": null, "terminated": 0, "memberUomCode": null}, {"memberId": 71, "parentMemberId": 70, "memberNameEn": "Logs, pulpwood and other forestry products", "memberNameFr": "Billes, bois \u00e0 p\u00e2te et autres produits forestiers", "classificationCode": "131", "classificationTypeCode": "20", "geoLevel": null, "vintage": null, "terminated": 0, "memberUomCode": null}, {"memberId": 72, "parentMemberId": 69, "memberNameEn": "Pulp and paper", "memberNameFr": "P\u00e2tes et papiers", "classificationCode": "C162", "classificationTypeCode": "20", "geoLevel": null, "vintage": null, "terminated": 0, "memberUomCode": null}, {"memberId": 73, "parentMemberId": 72, "memberNameEn": "Pulp and paper", "memberNameFr": "P\u00e2tes et papiers", "classificationCode": "251", "classificationTypeCode": "20", "geoLevel": null, "vintage": null, "terminated": 0, "memberUomCode": null}, {"memberId": 74, "parentMemberId": 69, "memberNameEn": "Building and packaging materials", "memberNameFr": "Mat\u00e9riaux de construction et d'emballage", "classificationCode": "C163", "classificationTypeCode": "20", "geoLevel": null, "vintage": null, "terminated": 0, "memberUomCode": null}, {"memberId": 75, "parentMemberId": 74, "memberNameEn": "Lumber and other sawmill products", "memberNameFr": "Bois d'oeuvre et autres produits de scierie", "classificationCode": "241", "classificationTypeCode": "20", "geoLevel": null, "vintage": null, "terminated": 0, "memberUomCode": null}, {"memberId": 76, "parentMemberId": 74, "memberNameEn": "Asphalt (except natural) and asphalt products", "memberNameFr": "Asphalte (sauf le naturel) et produits d'asphalte", "classificationCode": "262", "classificationTypeCode": "20", "geoLevel": null, "vintage": null, "terminated": 0, "memberUomCode": null}, {"memberId": 77, "parentMemberId": 74, "memberNameEn": "Wood millwork, and wood products not elsewhere classified", "memberNameFr": "Menuiseries pr\u00e9fabriqu\u00e9es, et produits du bois non classifi\u00e9 ailleurs", "classificationCode": "462", "classificationTypeCode": "20", "geoLevel": null, "vintage": null, "terminated": 0, "memberUomCode": null}, {"memberId": 78, "parentMemberId": 74, "memberNameEn": "Paints, coatings, and adhesive products", "memberNameFr": "Peintures, rev\u00eatements et produits adh\u00e9sifs", "classificationCode": "463", "classificationTypeCode": "20", "geoLevel": null, "vintage": null, "terminated": 0, "memberUomCode": null}, {"memberId": 79, "parentMemberId": 74, "memberNameEn": "Plastic and foam building and construction materials", "memberNameFr": "Mat\u00e9riaux en plastique et en mousse pour les b\u00e2timents et la construction", "classificationCode": "464", "classificationTypeCode": "20", "geoLevel": null, "vintage": null, "terminated": 0, "memberUomCode": null}, {"memberId": 80, "parentMemberId": 74, "memberNameEn": "Cement, lime and gypsum products", "memberNameFr": "Ciment, chaux et produits en gypse", "classificationCode": "465", "classificationTypeCode": "20", "geoLevel": null, "vintage": null, "terminated": 0, "memberUomCode": null}, {"memberId": 81, "parentMemberId": 74, "memberNameEn": "Metal building and construction materials", "memberNameFr": "Mat\u00e9riaux en m\u00e9tal pour les b\u00e2timents et la construction", "classificationCode": "466", "classificationTypeCode": "20", "geoLevel": null, "vintage": null, "terminated": 0, "memberUomCode": null}, {"memberId": 82, "parentMemberId": 74, "memberNameEn": "Prefabricated buildings and components", "memberNameFr": "B\u00e2timents pr\u00e9fabriqu\u00e9s et leurs composants", "classificationCode": "471", "classificationTypeCode": "20", "geoLevel": null, "vintage": null, "terminated": 0, "memberUomCode": null}, {"memberId": 83, "parentMemberId": 74, "memberNameEn": "Packaging materials", "memberNameFr": "Mat\u00e9riaux d'emballage", "classificationCode": "474", "classificationTypeCode": "20", "geoLevel": null, "vintage": null, "terminated": 0, "memberUomCode": null}, {"memberId": 84, "parentMemberId": 69, "memberNameEn": "Waste and scrap of wood, wood by-products, paper and paperboard", "memberNameFr": "D\u00e9chets et rebuts de bois, de sous-produits du bois, de papier et de carton", "classificationCode": "C164", "classificationTypeCode": "20", "geoLevel": null, "vintage": null, "terminated": 0, "memberUomCode": null}, {"memberId": 85, "parentMemberId": 84, "memberNameEn": "Waste and scrap of wood, wood by-products, paper and paperboard", "memberNameFr": "D\u00e9chets et rebuts de bois, de sous-produits du bois, de papier et de carton", "classificationCode": "157", "classificationTypeCode": "20", "geoLevel": null, "vintage": null, "terminated": 0, "memberUomCode": null}, {"memberId": 86, "parentMemberId": 1, "memberNameEn": "Industrial machinery, equipment and parts", "memberNameFr": "Machines, mat\u00e9riel et pi\u00e8ces industriels", "classificationCode": "C17", "classificationTypeCode": "20", "geoLevel": null, "vintage": null, "terminated": 0, "memberUomCode": null}, {"memberId": 87, "parentMemberId": 86, "memberNameEn": "Industrial machinery, equipment and parts", "memberNameFr": "Machines, mat\u00e9riel et pi\u00e8ces industriels", "classificationCode": "C171", "classificationTypeCode": "20", "geoLevel": null, "vintage": null, "terminated": 0, "memberUomCode": null}, {"memberId": 88, "parentMemberId": 87, "memberNameEn": "Agricultural, lawn and garden machinery and equipment", "memberNameFr": "Machines et mat\u00e9riel pour l'agriculture, l'entretien de pelouses et de jardins", "classificationCode": "331", "classificationTypeCode": "20", "geoLevel": null, "vintage": null, "terminated": 0, "memberUomCode": null}, {"memberId": 89, "parentMemberId": 87, "memberNameEn": "Logging, construction, mining, and oil and gas field machinery and equipment", "memberNameFr": "Machines et mat\u00e9riel pour l'exploitation foresti\u00e8re, la construction, l'exploitation mini\u00e8re et l'exploitation des champs p\u00e9troliers et gaziers", "classificationCode": "332", "classificationTypeCode": "20", "geoLevel": null, "vintage": null, "terminated": 0, "memberUomCode": null}, {"memberId": 90, "parentMemberId": 87, "memberNameEn": "Metalworking machinery", "memberNameFr": "Machines \u00e0 travailler les m\u00e9taux", "classificationCode": "341", "classificationTypeCode": "20", "geoLevel": null, "vintage": null, "terminated": 0, "memberUomCode": null}, {"memberId": 91, "parentMemberId": 87, "memberNameEn": "Commercial and service industry machinery and equipment", "memberNameFr": "Machines et mat\u00e9riel pour le commerce et les industries de services\u00a0", "classificationCode": "342", "classificationTypeCode": "20", "geoLevel": null, "vintage": null, "terminated": 0, "memberUomCode": null}, {"memberId": 92, "parentMemberId": 87, "memberNameEn": "Other industry-specific manufacturing machinery, not elsewhere classified", "memberNameFr": "Autres machines propres \u00e0 une industrie de fabrication, non classifi\u00e9 ailleurs", "classificationCode": "343", "classificationTypeCode": "20", "geoLevel": null, "vintage": null, "terminated": 0, "memberUomCode": null}, {"memberId": 93, "parentMemberId": 87, "memberNameEn": "Heating, cooling and air purification equipment", "memberNameFr": "Appareils de chauffage, de refroidissement et de purification de l'air", "classificationCode": "344", "classificationTypeCode": "20", "geoLevel": null, "vintage": null, "terminated": 0, "memberUomCode": null}, {"memberId": 94, "parentMemberId": 87, "memberNameEn": "Other general-purpose machinery and equipment, not elsewhere classified", "memberNameFr": "Autres machines et mat\u00e9riel d'usage g\u00e9n\u00e9ral, non classifi\u00e9 ailleurs", "classificationCode": "345", "classificationTypeCode": "20", "geoLevel": null, "vintage": null, "terminated": 0, "memberUomCode": null}, {"memberId": 95, "parentMemberId": 87, "memberNameEn": "Parts of industrial machinery and equipment", "memberNameFr": "Pi\u00e8ces de machines et de mat\u00e9riel industriels", "classificationCode": "351", "classificationTypeCode": "20", "geoLevel": null, "vintage": null, "terminated": 0, "memberUomCode": null}, {"memberId": 96, "parentMemberId": 1, "memberNameEn": "Electronic and electrical equipment and parts", "memberNameFr": "Mat\u00e9riel et pi\u00e8ces \u00e9lectroniques et \u00e9lectriques", "classificationCode": "C18", "classificationTypeCode": "20", "geoLevel": null, "vintage": null, "terminated": 0, "memberUomCode": null}, {"memberId": 97, "parentMemberId": 96, "memberNameEn": "Computers and computer peripherals", "memberNameFr": "Ordinateurs et p\u00e9riph\u00e9riques", "classificationCode": "C181", "classificationTypeCode": "20", "geoLevel": null, "vintage": null, "terminated": 0, "memberUomCode": null}, {"memberId": 98, "parentMemberId": 97, "memberNameEn": "Computers and computer peripherals", "memberNameFr": "Ordinateurs et p\u00e9riph\u00e9riques", "classificationCode": "361", "classificationTypeCode": "20", "geoLevel": null, "vintage": null, "terminated": 0, "memberUomCode": null}, {"memberId": 99, "parentMemberId": 96, "memberNameEn": "Communication, and audio and video equipment", "memberNameFr": "Appareils de communication et appareils d'audio et de vid\u00e9o", "classificationCode": "C182", "classificationTypeCode": "20", "geoLevel": null, "vintage": null, "terminated": 0, "memberUomCode": null}, {"memberId": 100, "parentMemberId": 99, "memberNameEn": "Communication, and audio and video equipment", "memberNameFr": "Appareils de communication et appareils d'audio et de vid\u00e9o", "classificationCode": "362", "classificationTypeCode": "20", "geoLevel": null, "vintage": null, "terminated": 0, "memberUomCode": null}, {"memberId": 101, "parentMemberId": 96, "memberNameEn": "Other electronic and electrical machinery, equipment and parts", "memberNameFr": "Autres appareils, mat\u00e9riel et pi\u00e8ces \u00e9lectroniques et \u00e9lectriques", "classificationCode": "C183", "classificationTypeCode": "20", "geoLevel": null, "vintage": null, "terminated": 0, "memberUomCode": null}, {"memberId": 102, "parentMemberId": 101, "memberNameEn": "Medical, measuring, and other electronic and electrical machinery and equipment", "memberNameFr": "Appareils et mat\u00e9riel m\u00e9dicaux, appareils et mat\u00e9riel de mesure, et autres appareils et mat\u00e9riel \u00e9lectroniques et \u00e9lectriques", "classificationCode": "363", "classificationTypeCode": "20", "geoLevel": null, "vintage": null, "terminated": 0, "memberUomCode": null}, {"memberId": 103, "parentMemberId": 101, "memberNameEn": "Electronic and electrical parts", "memberNameFr": "Pi\u00e8ces \u00e9lectroniques et \u00e9lectriques", "classificationCode": "371", "classificationTypeCode": "20", "geoLevel": null, "vintage": null, "terminated": 0, "memberUomCode": null}, {"memberId": 104, "parentMemberId": 101, "memberNameEn": "Electrical components", "memberNameFr": "Composants \u00e9lectriques", "classificationCode": "381", "classificationTypeCode": "20", "geoLevel": null, "vintage": null, "terminated": 0, "memberUomCode": null}, {"memberId": 105, "parentMemberId": 1, "memberNameEn": "Motor vehicles and parts", "memberNameFr": "V\u00e9hicules automobiles et pi\u00e8ces pour v\u00e9hicule automobile", "classificationCode": "C19", "classificationTypeCode": "20", "geoLevel": null, "vintage": null, "terminated": 0, "memberUomCode": null}, {"memberId": 106, "parentMemberId": 105, "memberNameEn": "Passenger cars and light trucks", "memberNameFr": "Voitures automobiles et camions l\u00e9gers", "classificationCode": "C191", "classificationTypeCode": "20", "geoLevel": null, "vintage": null, "terminated": 0, "memberUomCode": null}, {"memberId": 107, "parentMemberId": 106, "memberNameEn": "Passenger cars and light trucks", "memberNameFr": "Voitures automobiles et camions l\u00e9gers", "classificationCode": "411", "classificationTypeCode": "20", "geoLevel": null, "vintage": null, "terminated": 0, "memberUomCode": null}, {"memberId": 108, "parentMemberId": 105, "memberNameEn": "Medium and heavy trucks, buses, and other motor vehicles", "memberNameFr": "Camions de poids moyen et de gros tonnage, autobus et autocars, et autres v\u00e9hicules automobiles", "classificationCode": "C192", "classificationTypeCode": "20", "geoLevel": null, "vintage": null, "terminated": 0, "memberUomCode": null}, {"memberId": 109, "parentMemberId": 108, "memberNameEn": "Medium and heavy trucks, buses, and other motor vehicles", "memberNameFr": "Camions de poids moyen et de gros tonnage, autobus et autocars, et autres v\u00e9hicules automobiles", "classificationCode": "412", "classificationTypeCode": "20", "geoLevel": null, "vintage": null, "terminated": 0, "memberUomCode": null}, {"memberId": 110, "parentMemberId": 105, "memberNameEn": "Tires; motor vehicle engines and motor vehicle parts", "memberNameFr": "Pneus, moteurs et pi\u00e8ces de v\u00e9hicules automobiles", "classificationCode": "C193", "classificationTypeCode": "20", "geoLevel": null, "vintage": null, "terminated": 0, "memberUomCode": null}, {"memberId": 111, "parentMemberId": 110, "memberNameEn": "Tires", "memberNameFr": "Pneus", "classificationCode": "283", "classificationTypeCode": "20", "geoLevel": null, "vintage": null, "terminated": 0, "memberUomCode": null}, {"memberId": 112, "parentMemberId": 110, "memberNameEn": "Motor vehicle engines and motor vehicle parts", "memberNameFr": "Moteurs et pi\u00e8ces de v\u00e9hicules automobiles", "classificationCode": "413", "classificationTypeCode": "20", "geoLevel": null, "vintage": null, "terminated": 0, "memberUomCode": null}, {"memberId": 113, "parentMemberId": 1, "memberNameEn": "Aircraft and other transportation equipment and parts", "memberNameFr": "A\u00e9ronefs et autres mat\u00e9riel et pi\u00e8ces de transport", "classificationCode": "C21", "classificationTypeCode": "20", "geoLevel": null, "vintage": null, "terminated": 0, "memberUomCode": null}, {"memberId": 114, "parentMemberId": 113, "memberNameEn": "Aircraft, aircraft engines and aircraft parts", "memberNameFr": "A\u00e9ronefs, moteurs et pi\u00e8ces d'a\u00e9ronefs", "classificationCode": "C211", "classificationTypeCode": "20", "geoLevel": null, "vintage": null, "terminated": 0, "memberUomCode": null}, {"memberId": 115, "parentMemberId": 114, "memberNameEn": "Aircraft", "memberNameFr": "A\u00e9ronefs", "classificationCode": "421", "classificationTypeCode": "20", "geoLevel": null, "vintage": null, "terminated": 0, "memberUomCode": null}, {"memberId": 116, "parentMemberId": 114, "memberNameEn": "Aircraft engines, aircraft parts and other aerospace equipment", "memberNameFr": "Moteurs d'a\u00e9ronefs, pi\u00e8ces pour a\u00e9ronefs et autre mat\u00e9riel a\u00e9rospatial", "classificationCode": "431", "classificationTypeCode": "20", "geoLevel": null, "vintage": null, "terminated": 0, "memberUomCode": null}, {"memberId": 117, "parentMemberId": 113, "memberNameEn": "Other transportation equipment and parts", "memberNameFr": "Autres mat\u00e9riel de transport et pi\u00e8ces", "classificationCode": "C212", "classificationTypeCode": "20", "geoLevel": null, "vintage": null, "terminated": 0, "memberUomCode": null}, {"memberId": 118, "parentMemberId": 117, "memberNameEn": "Ships, locomotives, railway rolling stock, and rapid transit equipment", "memberNameFr": "Navires, locomotives, mat\u00e9riel ferroviaire roulant et mat\u00e9riel de transport en commun rapide", "classificationCode": "441", "classificationTypeCode": "20", "geoLevel": null, "vintage": null, "terminated": 0, "memberUomCode": null}, {"memberId": 119, "parentMemberId": 117, "memberNameEn": "Boats and other transportation equipment", "memberNameFr": "Bateaux et autres moyens de transport", "classificationCode": "442", "classificationTypeCode": "20", "geoLevel": null, "vintage": null, "terminated": 0, "memberUomCode": null}, {"memberId": 120, "parentMemberId": 117, "memberNameEn": "Parts of railway rolling stock and of other transportation equipment", "memberNameFr": "Pi\u00e8ces pour mat\u00e9riel ferroviaire roulant et pour autre mat\u00e9riel de transport", "classificationCode": "451", "classificationTypeCode": "20", "geoLevel": null, "vintage": null, "terminated": 0, "memberUomCode": null}, {"memberId": 121, "parentMemberId": 1, "memberNameEn": "Consumer goods", "memberNameFr": "Biens de consommation", "classificationCode": "C22", "classificationTypeCode": "20", "geoLevel": null, "vintage": null, "terminated": 0, "memberUomCode": null}, {"memberId": 122, "parentMemberId": 121, "memberNameEn": "Food, beverage and tobacco products", "memberNameFr": "Aliments, boissons et produits du tabac", "classificationCode": "C221", "classificationTypeCode": "20", "geoLevel": null, "vintage": null, "terminated": 0, "memberUomCode": null}, {"memberId": 124, "parentMemberId": 122, "memberNameEn": "Prepared and packaged seafood products", "memberNameFr": "Poissons et fruits de mer pr\u00e9par\u00e9s et emball\u00e9s", "classificationCode": "171", "classificationTypeCode": "20", "geoLevel": null, "vintage": null, "terminated": 0, "memberUomCode": null}, {"memberId": 123, "parentMemberId": 122, "memberNameEn": "Meat products", "memberNameFr": "Produits de viande", "classificationCode": "172", "classificationTypeCode": "20", "geoLevel": null, "vintage": null, "terminated": 0, "memberUomCode": null}, {"memberId": 125, "parentMemberId": 122, "memberNameEn": "Dairy products", "memberNameFr": "Produits laitiers", "classificationCode": "173", "classificationTypeCode": "20", "geoLevel": null, "vintage": null, "terminated": 0, "memberUomCode": null}, {"memberId": 126, "parentMemberId": 122, "memberNameEn": "Other food products", "memberNameFr": "Autres produits alimentaires", "classificationCode": "183", "classificationTypeCode": "20", "geoLevel": null, "vintage": null, "terminated": 0, "memberUomCode": null}, {"memberId": 127, "parentMemberId": 122, "memberNameEn": "Coffee and tea", "memberNameFr": "Caf\u00e9 et th\u00e9", "classificationCode": "191", "classificationTypeCode": "20", "geoLevel": null, "vintage": null, "terminated": 0, "memberUomCode": null}, {"memberId": 128, "parentMemberId": 122, "memberNameEn": "Frozen, fresh and canned fruit and vegetable juices", "memberNameFr": "Jus de fruits et de l\u00e9gumes, congel\u00e9s, frais et en conserve", "classificationCode": "192", "classificationTypeCode": "20", "geoLevel": null, "vintage": null, "terminated": 0, "memberUomCode": null}, {"memberId": 129, "parentMemberId": 122, "memberNameEn": "Carbonated and non-carbonated drinks, bottled water, and ice", "memberNameFr": "Boissons et eau embouteill\u00e9e, gazeuses et non gazeuses, et glace", "classificationCode": "193", "classificationTypeCode": "20", "geoLevel": null, "vintage": null, "terminated": 0, "memberUomCode": null}, {"memberId": 130, "parentMemberId": 122, "memberNameEn": "Alcoholic beverages", "memberNameFr": "Boissons alcoolis\u00e9es", "classificationCode": "211", "classificationTypeCode": "20", "geoLevel": null, "vintage": null, "terminated": 0, "memberUomCode": null}, {"memberId": 131, "parentMemberId": 122, "memberNameEn": "Tobacco products", "memberNameFr": "Produits du tabac", "classificationCode": "212", "classificationTypeCode": "20", "geoLevel": null, "vintage": null, "terminated": 0, "memberUomCode": null}, {"memberId": 132, "parentMemberId": 121, "memberNameEn": "Clothing, footware and textile products", "memberNameFr": "V\u00eatements, chaussures et produits textiles", "classificationCode": "C222", "classificationTypeCode": "20", "geoLevel": null, "vintage": null, "terminated": 0, "memberUomCode": null}, {"memberId": 133, "parentMemberId": 132, "memberNameEn": "Fabric, fibre and yarn, and leather and dressed furs", "memberNameFr": "Tissus, fibres et fil\u00e9s, et cuir et fourrures appr\u00eat\u00e9es", "classificationCode": "221", "classificationTypeCode": "20", "geoLevel": null, "vintage": null, "terminated": 0, "memberUomCode": null}, {"memberId": 134, "parentMemberId": 132, "memberNameEn": "Clothing, footwear and accessories", "memberNameFr": "V\u00eatements, chaussures et accessoires", "classificationCode": "231", "classificationTypeCode": "20", "geoLevel": null, "vintage": null, "terminated": 0, "memberUomCode": null}, {"memberId": 135, "parentMemberId": 132, "memberNameEn": "Carpets, textile furnishings and other textile products", "memberNameFr": "Tapis, textiles domestiques et autres produits textiles", "classificationCode": "232", "classificationTypeCode": "20", "geoLevel": null, "vintage": null, "terminated": 0, "memberUomCode": null}, {"memberId": 136, "parentMemberId": 121, "memberNameEn": "Paper and published products", "memberNameFr": "Produits du papier et produits publi\u00e9s", "classificationCode": "C223", "classificationTypeCode": "20", "geoLevel": null, "vintage": null, "terminated": 0, "memberUomCode": null}, {"memberId": 137, "parentMemberId": 136, "memberNameEn": "Converted paper products (except for packaging)", "memberNameFr": "Produits de papier transform\u00e9 (sauf le mat\u00e9riel d'emballage)", "classificationCode": "252", "classificationTypeCode": "20", "geoLevel": null, "vintage": null, "terminated": 0, "memberUomCode": null}, {"memberId": 138, "parentMemberId": 136, "memberNameEn": "Published products and recorded media (except software)", "memberNameFr": "Produits publi\u00e9s et supports enregistr\u00e9s (sauf logiciels)", "classificationCode": "481C", "classificationTypeCode": "20", "geoLevel": null, "vintage": null, "terminated": 0, "memberUomCode": null}, {"memberId": 139, "parentMemberId": 136, "memberNameEn": "Software and software licensing", "memberNameFr": "Logiciels et octroi de licences de logiciels", "classificationCode": "482C", "classificationTypeCode": "20", "geoLevel": null, "vintage": null, "terminated": 0, "memberUomCode": null}, {"memberId": 140, "parentMemberId": 121, "memberNameEn": "Pharmaceutical and medicinal products", "memberNameFr": "Produits pharmaceutiques et m\u00e9dicinaux", "classificationCode": "C224", "classificationTypeCode": "20", "geoLevel": null, "vintage": null, "terminated": 0, "memberUomCode": null}, {"memberId": 141, "parentMemberId": 140, "memberNameEn": "Pharmaceutical and medicinal products", "memberNameFr": "Produits pharmaceutiques et m\u00e9dicinaux", "classificationCode": "273", "classificationTypeCode": "20", "geoLevel": null, "vintage": null, "terminated": 0, "memberUomCode": null}, {"memberId": 142, "parentMemberId": 121, "memberNameEn": "Furniture and fixtures", "memberNameFr": "Meubles et accessoires d'ameublement", "classificationCode": "C225", "classificationTypeCode": "20", "geoLevel": null, "vintage": null, "terminated": 0, "memberUomCode": null}, {"memberId": 143, "parentMemberId": 142, "memberNameEn": "Furniture and fixtures", "memberNameFr": "Meubles et accessoires d'ameublement", "classificationCode": "391", "classificationTypeCode": "20", "geoLevel": null, "vintage": null, "terminated": 0, "memberUomCode": null}, {"memberId": 144, "parentMemberId": 121, "memberNameEn": "Cleaning products, appliances, and miscellaneous goods and supplies", "memberNameFr": "Produits nettoyants, appareils \u00e9lectrom\u00e9nagers, et biens et fournitures divers", "classificationCode": "C226", "classificationTypeCode": "20", "geoLevel": null, "vintage": null, "terminated": 0, "memberUomCode": null}, {"memberId": 145, "parentMemberId": 144, "memberNameEn": "Cleaning products and toiletries", "memberNameFr": "Produits nettoyants et articles de toilette", "classificationCode": "274", "classificationTypeCode": "20", "geoLevel": null, "vintage": null, "terminated": 0, "memberUomCode": null}, {"memberId": 146, "parentMemberId": 144, "memberNameEn": "Appliances", "memberNameFr": "Appareils \u00e9lectrom\u00e9nagers", "classificationCode": "382", "classificationTypeCode": "20", "geoLevel": null, "vintage": null, "terminated": 0, "memberUomCode": null}, {"memberId": 147, "parentMemberId": 144, "memberNameEn": "Miscellaneous goods and supplies", "memberNameFr": "Biens et fournitures divers", "classificationCode": "475", "classificationTypeCode": "20", "geoLevel": null, "vintage": null, "terminated": 0, "memberUomCode": null}, {"memberId": 148, "parentMemberId": 1, "memberNameEn": "Special transactions trade ", "memberNameFr": "Transactions sp\u00e9ciales commerciales", "classificationCode": "C23", "classificationTypeCode": "20", "geoLevel": null, "vintage": null, "terminated": 0, "memberUomCode": null}, {"memberId": 149, "parentMemberId": 148, "memberNameEn": "Special transactions trade ", "memberNameFr": "Transactions sp\u00e9ciales commerciales", "classificationCode": "C231", "classificationTypeCode": "20", "geoLevel": null, "vintage": null, "terminated": 0, "memberUomCode": null}, {"memberId": 150, "parentMemberId": 149, "memberNameEn": "Special transactions trade ", "memberNameFr": "Transactions sp\u00e9ciales commerciales", "classificationCode": "988", "classificationTypeCode": "20", "geoLevel": null, "vintage": null, "terminated": 0, "memberUomCode": null}, {"memberId": 151, "parentMemberId": 1, "memberNameEn": "Other balance of payments adjustments ", "memberNameFr": "Autres ajustements de la balance des paiements", "classificationCode": "C24", "classificationTypeCode": "20", "geoLevel": null, "vintage": null, "terminated": 0, "memberUomCode": null}, {"memberId": 152, "parentMemberId": 151, "memberNameEn": "Other balance of payments adjustments", "memberNameFr": "Autres ajustements de la balance des paiements", "classificationCode": "C241", "classificationTypeCode": "20", "geoLevel": null, "vintage": null, "terminated": 0, "memberUomCode": null}, {"memberId": 153, "parentMemberId": 152, "memberNameEn": "Other balance of payments adjustments", "memberNameFr": "Autres ajustements de la balance des paiements", "classificationCode": "989", "classificationTypeCode": "20", "geoLevel": null, "vintage": null, "terminated": 0, "memberUomCode": null}]}, {"dimensionPositionId": 6, "dimensionNameEn": "Release", "dimensionNameFr": "Diffusion", "hasUom": true, "member": [{"memberId": 34, "parentMemberId": null, "memberNameEn": "September 02, 2021", "memberNameFr": "02 septembre 2021", "classificationCode": null, "classificationTypeCode": null, "geoLevel": null, "vintage": null, "terminated": 0, "memberUomCode": 81}, {"memberId": 33, "parentMemberId": null, "memberNameEn": "August 05, 2021", "memberNameFr": "05 ao\u00fbt 2021", "classificationCode": null, "classificationTypeCode": null, "geoLevel": null, "vintage": null, "terminated": 0, "memberUomCode": 81}, {"memberId": 32, "parentMemberId": null, "memberNameEn": "July 02, 2021", "memberNameFr": "02 juillet 2021", "classificationCode": null, "classificationTypeCode": null, "geoLevel": null, "vintage": null, "terminated": 0, "memberUomCode": 81}, {"memberId": 31, "parentMemberId": null, "memberNameEn": "June 08, 2021", "memberNameFr": "08 juin 2021", "classificationCode": null, "classificationTypeCode": null, "geoLevel": null, "vintage": null, "terminated": 0, "memberUomCode": 81}, {"memberId": 30, "parentMemberId": null, "memberNameEn": "May 04, 2021", "memberNameFr": "04 mai 2021", "classificationCode": null, "classificationTypeCode": null, "geoLevel": null, "vintage": null, "terminated": 0, "memberUomCode": 81}, {"memberId": 29, "parentMemberId": null, "memberNameEn": "April 07, 2021", "memberNameFr": "07 avril 2021", "classificationCode": null, "classificationTypeCode": null, "geoLevel": null, "vintage": null, "terminated": 0, "memberUomCode": 81}, {"memberId": 28, "parentMemberId": null, "memberNameEn": "March 05, 2021", "memberNameFr": "05 mars 2021", "classificationCode": null, "classificationTypeCode": null, "geoLevel": null, "vintage": null, "terminated": 0, "memberUomCode": 81}, {"memberId": 27, "parentMemberId": null, "memberNameEn": "February 05, 2021", "memberNameFr": "05 f\u00e9vrier 2021", "classificationCode": null, "classificationTypeCode": null, "geoLevel": null, "vintage": null, "terminated": 0, "memberUomCode": 81}, {"memberId": 26, "parentMemberId": null, "memberNameEn": "January 07, 2021", "memberNameFr": "07 janvier 2021", "classificationCode": null, "classificationTypeCode": null, "geoLevel": null, "vintage": null, "terminated": 0, "memberUomCode": 81}, {"memberId": 25, "parentMemberId": null, "memberNameEn": "December 04, 2020", "memberNameFr": "04 d\u00e9cembre 2020", "classificationCode": null, "classificationTypeCode": null, "geoLevel": null, "vintage": null, "terminated": 0, "memberUomCode": 81}, {"memberId": 24, "parentMemberId": null, "memberNameEn": "November 04, 2020", "memberNameFr": "04 novembre 2020", "classificationCode": null, "classificationTypeCode": null, "geoLevel": null, "vintage": null, "terminated": 0, "memberUomCode": 81}, {"memberId": 23, "parentMemberId": null, "memberNameEn": "October 06, 2020", "memberNameFr": "06 octobre 2020", "classificationCode": null, "classificationTypeCode": null, "geoLevel": null, "vintage": null, "terminated": 0, "memberUomCode": 81}, {"memberId": 22, "parentMemberId": null, "memberNameEn": "September 03, 2020", "memberNameFr": "03 septembre 2020", "classificationCode": null, "classificationTypeCode": null, "geoLevel": null, "vintage": null, "terminated": 0, "memberUomCode": 81}, {"memberId": 21, "parentMemberId": null, "memberNameEn": "August 05, 2020", "memberNameFr": "05 ao\u00fbt 2020", "classificationCode": null, "classificationTypeCode": null, "geoLevel": null, "vintage": null, "terminated": 0, "memberUomCode": 81}, {"memberId": 20, "parentMemberId": null, "memberNameEn": "July 02, 2020", "memberNameFr": "02 juillet 2020", "classificationCode": null, "classificationTypeCode": null, "geoLevel": null, "vintage": null, "terminated": 0, "memberUomCode": 81}, {"memberId": 19, "parentMemberId": null, "memberNameEn": "June 04, 2020", "memberNameFr": "04 juin 2020", "classificationCode": null, "classificationTypeCode": null, "geoLevel": null, "vintage": null, "terminated": 0, "memberUomCode": 81}, {"memberId": 18, "parentMemberId": null, "memberNameEn": "May 05, 2020", "memberNameFr": "05 mai 2020", "classificationCode": null, "classificationTypeCode": null, "geoLevel": null, "vintage": null, "terminated": 0, "memberUomCode": 81}, {"memberId": 17, "parentMemberId": null, "memberNameEn": "April 02, 2020", "memberNameFr": "02 avril 2020", "classificationCode": null, "classificationTypeCode": null, "geoLevel": null, "vintage": null, "terminated": 0, "memberUomCode": 81}, {"memberId": 16, "parentMemberId": null, "memberNameEn": "March 06, 2020", "memberNameFr": "06 mars 2020", "classificationCode": null, "classificationTypeCode": null, "geoLevel": null, "vintage": null, "terminated": 0, "memberUomCode": 81}, {"memberId": 15, "parentMemberId": null, "memberNameEn": "February 05, 2020", "memberNameFr": "05 f\u00e9vrier 2020", "classificationCode": null, "classificationTypeCode": null, "geoLevel": null, "vintage": null, "terminated": 0, "memberUomCode": 81}, {"memberId": 14, "parentMemberId": null, "memberNameEn": "January 07, 2020", "memberNameFr": "07 janvier 2020", "classificationCode": null, "classificationTypeCode": null, "geoLevel": null, "vintage": null, "terminated": 0, "memberUomCode": 81}, {"memberId": 13, "parentMemberId": null, "memberNameEn": "December 05, 2019", "memberNameFr": "05 d\u00e9cembre 2019", "classificationCode": null, "classificationTypeCode": null, "geoLevel": null, "vintage": null, "terminated": 0, "memberUomCode": 81}, {"memberId": 12, "parentMemberId": null, "memberNameEn": "November 05, 2019", "memberNameFr": "05 novembre 2019", "classificationCode": null, "classificationTypeCode": null, "geoLevel": null, "vintage": null, "terminated": 0, "memberUomCode": 81}, {"memberId": 11, "parentMemberId": null, "memberNameEn": "October 04, 2019", "memberNameFr": "04 octobre 2019", "classificationCode": null, "classificationTypeCode": null, "geoLevel": null, "vintage": null, "terminated": 0, "memberUomCode": 81}, {"memberId": 10, "parentMemberId": null, "memberNameEn": "September 04, 2019", "memberNameFr": "04 septembre 2019", "classificationCode": null, "classificationTypeCode": null, "geoLevel": null, "vintage": null, "terminated": 0, "memberUomCode": 81}, {"memberId": 9, "parentMemberId": null, "memberNameEn": "August 02, 2019", "memberNameFr": "02 ao\u00fbt 2019", "classificationCode": null, "classificationTypeCode": null, "geoLevel": null, "vintage": null, "terminated": 0, "memberUomCode": 81}, {"memberId": 8, "parentMemberId": null, "memberNameEn": "July 03, 2019", "memberNameFr": "03 juillet 2019", "classificationCode": null, "classificationTypeCode": null, "geoLevel": null, "vintage": null, "terminated": 0, "memberUomCode": 81}, {"memberId": 7, "parentMemberId": null, "memberNameEn": "June 06, 2019", "memberNameFr": "06 juin 2019", "classificationCode": null, "classificationTypeCode": null, "geoLevel": null, "vintage": null, "terminated": 0, "memberUomCode": 81}, {"memberId": 6, "parentMemberId": null, "memberNameEn": "May 09, 2019", "memberNameFr": "09 mai 2019", "classificationCode": null, "classificationTypeCode": null, "geoLevel": null, "vintage": null, "terminated": 0, "memberUomCode": 81}, {"memberId": 5, "parentMemberId": null, "memberNameEn": "April 17, 2019", "memberNameFr": "17 avril 2019", "classificationCode": null, "classificationTypeCode": null, "geoLevel": null, "vintage": null, "terminated": 0, "memberUomCode": 81}, {"memberId": 4, "parentMemberId": null, "memberNameEn": "March 27, 2019", "memberNameFr": "27 mars 2019", "classificationCode": null, "classificationTypeCode": null, "geoLevel": null, "vintage": null, "terminated": 0, "memberUomCode": 81}, {"memberId": 3, "parentMemberId": null, "memberNameEn": "March 06, 2019", "memberNameFr": "06 mars 2019", "classificationCode": null, "classificationTypeCode": null, "geoLevel": null, "vintage": null, "terminated": 0, "memberUomCode": 81}, {"memberId": 2, "parentMemberId": null, "memberNameEn": "January 08, 2019", "memberNameFr": "08 janvier 2019", "classificationCode": null, "classificationTypeCode": null, "geoLevel": null, "vintage": null, "terminated": 0, "memberUomCode": 81}, {"memberId": 1, "parentMemberId": null, "memberNameEn": "December 06, 2018", "memberNameFr": "06 d\u00e9cembre 2018", "classificationCode": null, "classificationTypeCode": null, "geoLevel": null, "vintage": null, "terminated": 0, "memberUomCode": 81}]}]