[{"dimensionPositionId": 1, "dimensionNameEn": "Geography", "dimensionNameFr": "G\u00e9ographie", "hasUom": false, "member": [{"memberId": 1, "parentMemberId": null, "memberNameEn": "Canada", "memberNameFr": "Canada", "classificationCode": "11124", "classificationTypeCode": "1", "geoLevel": 0, "vintage": 2016, "terminated": 0, "memberUomCode": null}]}, {"dimensionPositionId": 2, "dimensionNameEn": "Basis", "dimensionNameFr": "Base", "hasUom": false, "member": [{"memberId": 1, "parentMemberId": null, "memberNameEn": "Customs basis", "memberNameFr": "Base douani\u00e8re", "classificationCode": null, "classificationTypeCode": null, "geoLevel": null, "vintage": null, "terminated": 0, "memberUomCode": null}, {"memberId": 2, "parentMemberId": null, "memberNameEn": "Balance of payments basis", "memberNameFr": "Base de la balance des paiements", "classificationCode": null, "classificationTypeCode": null, "geoLevel": null, "vintage": null, "terminated": 0, "memberUomCode": null}]}, {"dimensionPositionId": 3, "dimensionNameEn": "Index type", "dimensionNameFr": "Type d'indice", "hasUom": true, "member": [{"memberId": 1, "parentMemberId": null, "memberNameEn": "Price index", "memberNameFr": "Indices de prix", "classificationCode": null, "classificationTypeCode": null, "geoLevel": null, "vintage": null, "terminated": 0, "memberUomCode": 178}, {"memberId": 2, "parentMemberId": null, "memberNameEn": "Volume index", "memberNameFr": "Indices de volumes", "classificationCode": null, "classificationTypeCode": null, "geoLevel": null, "vintage": null, "terminated": 0, "memberUomCode": 178}]}, {"dimensionPositionId": 4, "dimensionNameEn": "Weighting", "dimensionNameFr": "Pond\u00e9ration", "hasUom": false, "member": [{"memberId": 1, "parentMemberId": null, "memberNameEn": "Paasche current weighted", "memberNameFr": "Pond\u00e9ration courante Paasche", "classificationCode": null, "classificationTypeCode": null, "geoLevel": null, "vintage": null, "terminated": 0, "memberUomCode": null}, {"memberId": 2, "parentMemberId": null, "memberNameEn": "Laspeyres fixed weighted", "memberNameFr": "Pond\u00e9ration fixe Laspeyres", "classificationCode": null, "classificationTypeCode": null, "geoLevel": null, "vintage": null, "terminated": 0, "memberUomCode": null}]}, {"dimensionPositionId": 5, "dimensionNameEn": "Seasonal adjustment", "dimensionNameFr": "D\u00e9saisonnalisation", "hasUom": false, "member": [{"memberId": 1, "parentMemberId": null, "memberNameEn": "Unadjusted", "memberNameFr": "Non d\u00e9saisonnalis\u00e9es", "classificationCode": null, "classificationTypeCode": null, "geoLevel": null, "vintage": null, "terminated": 0, "memberUomCode": null}, {"memberId": 2, "parentMemberId": null, "memberNameEn": "Seasonally adjusted", "memberNameFr": "D\u00e9saisonnalis\u00e9es", "classificationCode": null, "classificationTypeCode": null, "geoLevel": null, "vintage": null, "terminated": 0, "memberUomCode": null}]}, {"dimensionPositionId": 6, "dimensionNameEn": "Merchandise import and export sectors and sub-sectors", "dimensionNameFr": "L'importation et l'exportation, secteurs et sous-secteurs de marchandise", "hasUom": false, "member": [{"memberId": 1, "parentMemberId": null, "memberNameEn": "Imports, total of all merchandise", "memberNameFr": "Importations, total de toutes les marchandises", "classificationCode": null, "classificationTypeCode": null, "geoLevel": null, "vintage": null, "terminated": 0, "memberUomCode": null}, {"memberId": 2, "parentMemberId": 1, "memberNameEn": "Imports, Sector 1 Agricultural and fishing products", "memberNameFr": "Importations, secteur 1 Produits de l'agriculture et de la p\u00eache", "classificationCode": null, "classificationTypeCode": null, "geoLevel": null, "vintage": null, "terminated": 0, "memberUomCode": null}, {"memberId": 3, "parentMemberId": 2, "memberNameEn": "Imports, Sub-sector 1.1 Fruits and vegetables", "memberNameFr": "Importations, sous-secteur 1.1 Fruits et l\u00e9gumes", "classificationCode": null, "classificationTypeCode": null, "geoLevel": null, "vintage": null, "terminated": 0, "memberUomCode": null}, {"memberId": 4, "parentMemberId": 2, "memberNameEn": "Imports, Sub-sector 1.2 Other agricultural and fishing products", "memberNameFr": "Importations, sous-secteur 1.2 Autres produits de l'agriculture et de la p\u00eache", "classificationCode": null, "classificationTypeCode": null, "geoLevel": null, "vintage": null, "terminated": 0, "memberUomCode": null}, {"memberId": 5, "parentMemberId": 1, "memberNameEn": "Imports, Sector 2 Energy products", "memberNameFr": "Importations, secteur 2 Produits \u00e9nerg\u00e9tiques", "classificationCode": null, "classificationTypeCode": null, "geoLevel": null, "vintage": null, "terminated": 0, "memberUomCode": null}, {"memberId": 6, "parentMemberId": 5, "memberNameEn": "Imports, Sub-sector 2.1 Crude petroleum", "memberNameFr": "Importations, sous-secteur 2.1 P\u00e9trole brut", "classificationCode": null, "classificationTypeCode": null, "geoLevel": null, "vintage": null, "terminated": 0, "memberUomCode": null}, {"memberId": 7, "parentMemberId": 5, "memberNameEn": "Imports, Sub-sector 2.2 Coal and other related products", "memberNameFr": "Importations, sous-secteur 2.2 Houille et autres produits connexes", "classificationCode": null, "classificationTypeCode": null, "geoLevel": null, "vintage": null, "terminated": 0, "memberUomCode": null}, {"memberId": 8, "parentMemberId": 1, "memberNameEn": "Imports, Sector 3 Forestry products", "memberNameFr": "Importations, secteur 3 Produits forestiers", "classificationCode": null, "classificationTypeCode": null, "geoLevel": null, "vintage": null, "terminated": 0, "memberUomCode": null}, {"memberId": 9, "parentMemberId": 1, "memberNameEn": "Imports, Sector 4 Industrial goods and materials", "memberNameFr": "Importations, secteur 4 \u00c9quipement et biens industriels", "classificationCode": null, "classificationTypeCode": null, "geoLevel": null, "vintage": null, "terminated": 0, "memberUomCode": null}, {"memberId": 10, "parentMemberId": 9, "memberNameEn": "Imports, Sub-sector 4.1 Metals and metal ores", "memberNameFr": "Importations, sous-secteur 4.1 M\u00e9taux et minerais m\u00e9talliques", "classificationCode": null, "classificationTypeCode": null, "geoLevel": null, "vintage": null, "terminated": 0, "memberUomCode": null}, {"memberId": 11, "parentMemberId": 9, "memberNameEn": "Imports, Sub-sector 4.2 Chemicals and plastics", "memberNameFr": "Importations, sous-secteur 4.2 Produits chimiques et plastiques", "classificationCode": null, "classificationTypeCode": null, "geoLevel": null, "vintage": null, "terminated": 0, "memberUomCode": null}, {"memberId": 12, "parentMemberId": 9, "memberNameEn": "Imports, Sub-sector 4.3 Other industrial goods and materials", "memberNameFr": "Importations, sous-secteur 4.3 Autres produits industriels", "classificationCode": null, "classificationTypeCode": null, "geoLevel": null, "vintage": null, "terminated": 0, "memberUomCode": null}, {"memberId": 13, "parentMemberId": 1, "memberNameEn": "Imports, Sector 5 Machinery and equipment", "memberNameFr": "Importations, secteur 5 Machines et \u00e9quipement", "classificationCode": null, "classificationTypeCode": null, "geoLevel": null, "vintage": null, "terminated": 0, "memberUomCode": null}, {"memberId": 14, "parentMemberId": 13, "memberNameEn": "Imports, Sub-sector 5.1 Industrial and agricultural machinery", "memberNameFr": "Importations, sous-secteur 5.1 Machines industrielles et agricoles", "classificationCode": null, "classificationTypeCode": null, "geoLevel": null, "vintage": null, "terminated": 0, "memberUomCode": null}, {"memberId": 15, "parentMemberId": 13, "memberNameEn": "Imports, Sub-sector 5.2 Aircraft and other transportation equipment", "memberNameFr": "Importations, sous-secteur 5.2 Avions et autres \u00e9quipements de transport", "classificationCode": null, "classificationTypeCode": null, "geoLevel": null, "vintage": null, "terminated": 0, "memberUomCode": null}, {"memberId": 16, "parentMemberId": 13, "memberNameEn": "Imports, Sub-sector 5.3 Office machines and equipment", "memberNameFr": "Importations, sous-secteur 5.3 Machines et mat\u00e9riel de bureau", "classificationCode": null, "classificationTypeCode": null, "geoLevel": null, "vintage": null, "terminated": 0, "memberUomCode": null}, {"memberId": 17, "parentMemberId": 13, "memberNameEn": "Imports, Sub-sector 5.4 Other machinery and equipment", "memberNameFr": "Importations, sous-secteur 5.4 Autres machines et \u00e9quipements", "classificationCode": null, "classificationTypeCode": null, "geoLevel": null, "vintage": null, "terminated": 0, "memberUomCode": null}, {"memberId": 18, "parentMemberId": 1, "memberNameEn": "Imports, Sector 6 Automotive products", "memberNameFr": "Importations, secteur 6 Produits de l'automobile", "classificationCode": null, "classificationTypeCode": null, "geoLevel": null, "vintage": null, "terminated": 0, "memberUomCode": null}, {"memberId": 19, "parentMemberId": 18, "memberNameEn": "Imports, Sub-sector 6.1 Passenger autos and chassis", "memberNameFr": "Importations, sous-secteur 6.1 Voitures particuli\u00e8res et chassis", "classificationCode": null, "classificationTypeCode": null, "geoLevel": null, "vintage": null, "terminated": 0, "memberUomCode": null}, {"memberId": 20, "parentMemberId": 18, "memberNameEn": "Imports, Sub-sector 6.2 Trucks and other motor vehicles", "memberNameFr": "Importations, sous-secteur 6.2 Camions et autres v\u00e9hicules moteurs", "classificationCode": null, "classificationTypeCode": null, "geoLevel": null, "vintage": null, "terminated": 0, "memberUomCode": null}, {"memberId": 21, "parentMemberId": 18, "memberNameEn": "Imports, Sub-sector 6.3 Motor vehicle parts", "memberNameFr": "Importations, sous-secteur 6.3 Pi\u00e8ces de v\u00e9hicules automobiles", "classificationCode": null, "classificationTypeCode": null, "geoLevel": null, "vintage": null, "terminated": 0, "memberUomCode": null}, {"memberId": 22, "parentMemberId": 1, "memberNameEn": "Imports, Sector 7 Other consumer goods", "memberNameFr": "Importations, secteur 7 Autre biens de consommation", "classificationCode": null, "classificationTypeCode": null, "geoLevel": null, "vintage": null, "terminated": 0, "memberUomCode": null}, {"memberId": 23, "parentMemberId": 22, "memberNameEn": "Imports, Sub-sector 7.1 Apparel and footwear", "memberNameFr": "Importations, sous-secteur 7.1 V\u00eatements et chaussures", "classificationCode": null, "classificationTypeCode": null, "geoLevel": null, "vintage": null, "terminated": 0, "memberUomCode": null}, {"memberId": 24, "parentMemberId": 22, "memberNameEn": "Imports, Sub-sector 7.2 Miscellaneous consumer goods", "memberNameFr": "Importations, sous-secteur 7.2 Biens de consommation divers", "classificationCode": null, "classificationTypeCode": null, "geoLevel": null, "vintage": null, "terminated": 0, "memberUomCode": null}, {"memberId": 25, "parentMemberId": 1, "memberNameEn": "Imports, Sector 8 Special transactions trade", "memberNameFr": "Importations, secteur 8 Transactions sp\u00e9ciales commerciales", "classificationCode": null, "classificationTypeCode": null, "geoLevel": null, "vintage": null, "terminated": 0, "memberUomCode": null}, {"memberId": 26, "parentMemberId": 1, "memberNameEn": "Imports, Sector 9 Unallocated balance of payments adjustments", "memberNameFr": "Importations, secteur 9 Ajustements de la balance des paiements non distribu\u00e9s", "classificationCode": null, "classificationTypeCode": null, "geoLevel": null, "vintage": null, "terminated": 0, "memberUomCode": null}, {"memberId": 27, "parentMemberId": null, "memberNameEn": "Exports, total of all merchandise", "memberNameFr": "Exportations, total de toutes les marchandises", "classificationCode": null, "classificationTypeCode": null, "geoLevel": null, "vintage": null, "terminated": 0, "memberUomCode": null}, {"memberId": 28, "parentMemberId": 27, "memberNameEn": "Exports, Sector 1 Agricultural and fishing products", "memberNameFr": "Exportations, secteur 1 Produits de l'agriculture et de la p\u00eache", "classificationCode": null, "classificationTypeCode": null, "geoLevel": null, "vintage": null, "terminated": 0, "memberUomCode": null}, {"memberId": 29, "parentMemberId": 28, "memberNameEn": "Exports, Sub-sector 1.1 Wheat", "memberNameFr": "Exportations, sous-secteur 1.1 Bl\u00e9", "classificationCode": null, "classificationTypeCode": null, "geoLevel": null, "vintage": null, "terminated": 0, "memberUomCode": null}, {"memberId": 30, "parentMemberId": 28, "memberNameEn": "Exports, Sub-sector 1.2 Other agricultural and fishing products", "memberNameFr": "Exportations, sous-secteur 1.2 Autres produits de l'agriculture et de la p\u00eache", "classificationCode": null, "classificationTypeCode": null, "geoLevel": null, "vintage": null, "terminated": 0, "memberUomCode": null}, {"memberId": 31, "parentMemberId": 27, "memberNameEn": "Exports, Sector 2 Energy products", "memberNameFr": "Exportations, secteur 2 Produits \u00e9nerg\u00e9tiques", "classificationCode": null, "classificationTypeCode": null, "geoLevel": null, "vintage": null, "terminated": 0, "memberUomCode": null}, {"memberId": 32, "parentMemberId": 31, "memberNameEn": "Exports, Sub-sector 2.1 Crude petroleum", "memberNameFr": "Exportations, sous-secteur 2.1 P\u00e9trole brut", "classificationCode": null, "classificationTypeCode": null, "geoLevel": null, "vintage": null, "terminated": 0, "memberUomCode": null}, {"memberId": 33, "parentMemberId": 31, "memberNameEn": "Exports, Sub-sector 2.2 Natural gas", "memberNameFr": "Exportations, sous-secteur 2.2 Gaz naturel", "classificationCode": null, "classificationTypeCode": null, "geoLevel": null, "vintage": null, "terminated": 0, "memberUomCode": null}, {"memberId": 34, "parentMemberId": 31, "memberNameEn": "Exports, Sub-sector 2.3 Other energy products", "memberNameFr": "Exportations, sous-secteur 2.3 Autres produits \u00e9nerg\u00e9tiques", "classificationCode": null, "classificationTypeCode": null, "geoLevel": null, "vintage": null, "terminated": 0, "memberUomCode": null}, {"memberId": 35, "parentMemberId": 27, "memberNameEn": "Exports, Sector 3 Forestry products", "memberNameFr": "Exportations, secteur 3 Produits forestiers", "classificationCode": null, "classificationTypeCode": null, "geoLevel": null, "vintage": null, "terminated": 0, "memberUomCode": null}, {"memberId": 36, "parentMemberId": 35, "memberNameEn": "Exports, Sub-sector 3.1 Lumber and sawmill products", "memberNameFr": "Exportations, sous-secteur 3.1 Bois d'oeuvre et produits connexes", "classificationCode": null, "classificationTypeCode": null, "geoLevel": null, "vintage": null, "terminated": 0, "memberUomCode": null}, {"memberId": 37, "parentMemberId": 35, "memberNameEn": "Exports, Sub-sector 3.2 Wood pulp and other wood products", "memberNameFr": "Exportations, sous-secteur 3.2 P\u00e2te de bois et autres produits du bois", "classificationCode": null, "classificationTypeCode": null, "geoLevel": null, "vintage": null, "terminated": 0, "memberUomCode": null}, {"memberId": 38, "parentMemberId": 35, "memberNameEn": "Exports, Sub-sector 3.3 Newsprint and other paper and paperboard", "memberNameFr": "Exportations, sous-secteur 3.3 Papier journal, autres papiers et cartons", "classificationCode": null, "classificationTypeCode": null, "geoLevel": null, "vintage": null, "terminated": 0, "memberUomCode": null}, {"memberId": 39, "parentMemberId": 27, "memberNameEn": "Exports, Sector 4 Industrial goods and materials", "memberNameFr": "Exportations, secteur 4 \u00c9quipement et biens industriels", "classificationCode": null, "classificationTypeCode": null, "geoLevel": null, "vintage": null, "terminated": 0, "memberUomCode": null}, {"memberId": 40, "parentMemberId": 39, "memberNameEn": "Exports, Sub-sector 4.1 Metal ores", "memberNameFr": "Exportations, sous-secteur 4.1 Minerais m\u00e9talliques", "classificationCode": null, "classificationTypeCode": null, "geoLevel": null, "vintage": null, "terminated": 0, "memberUomCode": null}, {"memberId": 41, "parentMemberId": 39, "memberNameEn": "Exports, Sub-sector 4.2 Chemicals, plastics and fertilizers", "memberNameFr": "Exportations, sous-secteur 4.2 Produits chimiques, plastiques et engrais", "classificationCode": null, "classificationTypeCode": null, "geoLevel": null, "vintage": null, "terminated": 0, "memberUomCode": null}, {"memberId": 42, "parentMemberId": 39, "memberNameEn": "Exports, Sub-sector 4.3 Metals and alloys", "memberNameFr": "Exportations, sous-secteur 4.3 M\u00e9taux et alliages", "classificationCode": null, "classificationTypeCode": null, "geoLevel": null, "vintage": null, "terminated": 0, "memberUomCode": null}, {"memberId": 43, "parentMemberId": 39, "memberNameEn": "Exports, Sub-sector 4.4 Other industrial goods and materials", "memberNameFr": "Exportations, sous-secteur 4.4 Autres biens industriels", "classificationCode": null, "classificationTypeCode": null, "geoLevel": null, "vintage": null, "terminated": 0, "memberUomCode": null}, {"memberId": 44, "parentMemberId": 27, "memberNameEn": "Exports, Sector 5 Machinery and equipment", "memberNameFr": "Exportations, secteur 5 Machines et \u00e9quipement", "classificationCode": null, "classificationTypeCode": null, "geoLevel": null, "vintage": null, "terminated": 0, "memberUomCode": null}, {"memberId": 45, "parentMemberId": 44, "memberNameEn": "Exports, Sub-sector 5.1 Industrial and agricultural machinery", "memberNameFr": "Exportations, sous-secteur 5.1 Machines industrielles et agricoles", "classificationCode": null, "classificationTypeCode": null, "geoLevel": null, "vintage": null, "terminated": 0, "memberUomCode": null}, {"memberId": 46, "parentMemberId": 44, "memberNameEn": "Exports, Sub-sector 5.2 Aircraft and other transportation equipment", "memberNameFr": "Exportations, sous-secteur 5.2 Avions et autres \u00e9quipements de transport", "classificationCode": null, "classificationTypeCode": null, "geoLevel": null, "vintage": null, "terminated": 0, "memberUomCode": null}, {"memberId": 47, "parentMemberId": 44, "memberNameEn": "Exports, Sub-sector 5.3 Other machinery and equipment", "memberNameFr": "Exportations, sous-secteur 5.3 Autres machines et \u00e9quipements", "classificationCode": null, "classificationTypeCode": null, "geoLevel": null, "vintage": null, "terminated": 0, "memberUomCode": null}, {"memberId": 48, "parentMemberId": 27, "memberNameEn": "Exports, Sector 6 Automotive products", "memberNameFr": "Exportations, secteur 6 Produits de l'automobile", "classificationCode": null, "classificationTypeCode": null, "geoLevel": null, "vintage": null, "terminated": 0, "memberUomCode": null}, {"memberId": 49, "parentMemberId": 48, "memberNameEn": "Exports, Sub-sector 6.1 Passenger autos and chassis", "memberNameFr": "Exportations, sous-secteur 6.1 Voitures particuli\u00e8res et chassis", "classificationCode": null, "classificationTypeCode": null, "geoLevel": null, "vintage": null, "terminated": 0, "memberUomCode": null}, {"memberId": 50, "parentMemberId": 48, "memberNameEn": "Exports, Sub-sector 6.2 Trucks and other motor vehicles", "memberNameFr": "Exportations, sous-secteur 6.2 Camions et autres v\u00e9hicules moteurs", "classificationCode": null, "classificationTypeCode": null, "geoLevel": null, "vintage": null, "terminated": 0, "memberUomCode": null}, {"memberId": 51, "parentMemberId": 48, "memberNameEn": "Exports, Sub-sector 6.3 Motor vehicle parts", "memberNameFr": "Exportations, sous-secteur 6.3 Pi\u00e8ces de v\u00e9hicules automobiles", "classificationCode": null, "classificationTypeCode": null, "geoLevel": null, "vintage": null, "terminated": 0, "memberUomCode": null}, {"memberId": 52, "parentMemberId": 27, "memberNameEn": "Exports, Sector 7 Other consumer goods", "memberNameFr": "Exportations, secteur 7 Autre biens de consommation", "classificationCode": null, "classificationTypeCode": null, "geoLevel": null, "vintage": null, "terminated": 0, "memberUomCode": null}, {"memberId": 53, "parentMemberId": 27, "memberNameEn": "Exports, Sector 8 Special transactions trade", "memberNameFr": "Exportations, secteur 8 Transactions sp\u00e9ciales commerciales", "classificationCode": null, "classificationTypeCode": null, "geoLevel": null, "vintage": null, "terminated": 0, "memberUomCode": null}, {"memberId": 54, "parentMemberId": 27, "memberNameEn": "Exports, Sector 9 Unallocated balance of payments adjustments", "memberNameFr": "Exportations, secteur 9 Ajustements de la balance des paiements non distribu\u00e9s", "classificationCode": null, "classificationTypeCode": null, "geoLevel": null, "vintage": null, "terminated": 0, "memberUomCode": null}]}]