[{"dimensionPositionId": 1, "dimensionNameEn": "Geography", "dimensionNameFr": "G\u00e9ographie", "hasUom": false, "member": [{"memberId": 1, "parentMemberId": null, "memberNameEn": "Canada", "memberNameFr": "Canada", "classificationCode": "11124", "classificationTypeCode": "1", "geoLevel": 0, "vintage": 2016, "terminated": 0, "memberUomCode": null}]}, {"dimensionPositionId": 2, "dimensionNameEn": "Trade", "dimensionNameFr": "Commerce", "hasUom": true, "member": [{"memberId": 1, "parentMemberId": null, "memberNameEn": "Import", "memberNameFr": "Importations", "classificationCode": null, "classificationTypeCode": null, "geoLevel": null, "vintage": null, "terminated": 0, "memberUomCode": 81}, {"memberId": 2, "parentMemberId": null, "memberNameEn": "Export", "memberNameFr": "Exportations", "classificationCode": null, "classificationTypeCode": null, "geoLevel": null, "vintage": null, "terminated": 0, "memberUomCode": 81}]}, {"dimensionPositionId": 3, "dimensionNameEn": "Top sixty trading partners", "dimensionNameFr": "Soixante pricipaux partenaires commerciaux", "hasUom": false, "member": [{"memberId": 1, "parentMemberId": null, "memberNameEn": "Total of all countries", "memberNameFr": "Total tous les pays", "classificationCode": null, "classificationTypeCode": null, "geoLevel": null, "vintage": null, "terminated": 0, "memberUomCode": null}, {"memberId": 2, "parentMemberId": null, "memberNameEn": "United States", "memberNameFr": "\u00c9tats-Unis", "classificationCode": null, "classificationTypeCode": null, "geoLevel": null, "vintage": null, "terminated": 0, "memberUomCode": null}, {"memberId": 3, "parentMemberId": null, "memberNameEn": "China", "memberNameFr": "Chine", "classificationCode": null, "classificationTypeCode": null, "geoLevel": null, "vintage": null, "terminated": 0, "memberUomCode": null}, {"memberId": 4, "parentMemberId": null, "memberNameEn": "Mexico", "memberNameFr": "Mexique", "classificationCode": null, "classificationTypeCode": null, "geoLevel": null, "vintage": null, "terminated": 0, "memberUomCode": null}, {"memberId": 5, "parentMemberId": null, "memberNameEn": "Japan", "memberNameFr": "Japon", "classificationCode": null, "classificationTypeCode": null, "geoLevel": null, "vintage": null, "terminated": 0, "memberUomCode": null}, {"memberId": 6, "parentMemberId": null, "memberNameEn": "United Kingdom", "memberNameFr": "Royaume-Uni", "classificationCode": null, "classificationTypeCode": null, "geoLevel": null, "vintage": null, "terminated": 0, "memberUomCode": null}, {"memberId": 7, "parentMemberId": null, "memberNameEn": "Germany", "memberNameFr": "Allemagne", "classificationCode": null, "classificationTypeCode": null, "geoLevel": null, "vintage": null, "terminated": 0, "memberUomCode": null}, {"memberId": 8, "parentMemberId": null, "memberNameEn": "South Korea", "memberNameFr": "Cor\u00e9e du Sud", "classificationCode": null, "classificationTypeCode": null, "geoLevel": null, "vintage": null, "terminated": 0, "memberUomCode": null}, {"memberId": 9, "parentMemberId": null, "memberNameEn": "Italy", "memberNameFr": "Italie", "classificationCode": null, "classificationTypeCode": null, "geoLevel": null, "vintage": null, "terminated": 0, "memberUomCode": null}, {"memberId": 10, "parentMemberId": null, "memberNameEn": "France", "memberNameFr": "France", "classificationCode": null, "classificationTypeCode": null, "geoLevel": null, "vintage": null, "terminated": 0, "memberUomCode": null}, {"memberId": 11, "parentMemberId": null, "memberNameEn": "India", "memberNameFr": "Inde", "classificationCode": null, "classificationTypeCode": null, "geoLevel": null, "vintage": null, "terminated": 0, "memberUomCode": null}, {"memberId": 12, "parentMemberId": null, "memberNameEn": "Taiwan", "memberNameFr": "Ta\u00efwan", "classificationCode": null, "classificationTypeCode": null, "geoLevel": null, "vintage": null, "terminated": 0, "memberUomCode": null}, {"memberId": 13, "parentMemberId": null, "memberNameEn": "Netherlands", "memberNameFr": "Pays Bas", "classificationCode": null, "classificationTypeCode": null, "geoLevel": null, "vintage": null, "terminated": 0, "memberUomCode": null}, {"memberId": 14, "parentMemberId": null, "memberNameEn": "Brazil", "memberNameFr": "Br\u00e9sil", "classificationCode": null, "classificationTypeCode": null, "geoLevel": null, "vintage": null, "terminated": 0, "memberUomCode": null}, {"memberId": 15, "parentMemberId": null, "memberNameEn": "Switzerland", "memberNameFr": "Suisse", "classificationCode": null, "classificationTypeCode": null, "geoLevel": null, "vintage": null, "terminated": 0, "memberUomCode": null}, {"memberId": 16, "parentMemberId": null, "memberNameEn": "Vietnam", "memberNameFr": "Vietnam", "classificationCode": null, "classificationTypeCode": null, "geoLevel": null, "vintage": null, "terminated": 0, "memberUomCode": null}, {"memberId": 17, "parentMemberId": null, "memberNameEn": "Belgium", "memberNameFr": "Belgique", "classificationCode": null, "classificationTypeCode": null, "geoLevel": null, "vintage": null, "terminated": 0, "memberUomCode": null}, {"memberId": 18, "parentMemberId": null, "memberNameEn": "Spain", "memberNameFr": "Espagne", "classificationCode": null, "classificationTypeCode": null, "geoLevel": null, "vintage": null, "terminated": 0, "memberUomCode": null}, {"memberId": 19, "parentMemberId": null, "memberNameEn": "Thailand", "memberNameFr": "Tha\u00eflande", "classificationCode": null, "classificationTypeCode": null, "geoLevel": null, "vintage": null, "terminated": 0, "memberUomCode": null}, {"memberId": 20, "parentMemberId": null, "memberNameEn": "Australia", "memberNameFr": "Australie", "classificationCode": null, "classificationTypeCode": null, "geoLevel": null, "vintage": null, "terminated": 0, "memberUomCode": null}, {"memberId": 21, "parentMemberId": null, "memberNameEn": "Malaysia", "memberNameFr": "Malaisie", "classificationCode": null, "classificationTypeCode": null, "geoLevel": null, "vintage": null, "terminated": 0, "memberUomCode": null}, {"memberId": 22, "parentMemberId": null, "memberNameEn": "Peru", "memberNameFr": "P\u00e9rou", "classificationCode": null, "classificationTypeCode": null, "geoLevel": null, "vintage": null, "terminated": 0, "memberUomCode": null}, {"memberId": 23, "parentMemberId": null, "memberNameEn": "Norway", "memberNameFr": "Norv\u00e8ge", "classificationCode": null, "classificationTypeCode": null, "geoLevel": null, "vintage": null, "terminated": 0, "memberUomCode": null}, {"memberId": 24, "parentMemberId": null, "memberNameEn": "Indonesia", "memberNameFr": "Indon\u00e9sie", "classificationCode": null, "classificationTypeCode": null, "geoLevel": null, "vintage": null, "terminated": 0, "memberUomCode": null}, {"memberId": 25, "parentMemberId": null, "memberNameEn": "Saudi Arabia", "memberNameFr": "Arabie Saoudite", "classificationCode": null, "classificationTypeCode": null, "geoLevel": null, "vintage": null, "terminated": 0, "memberUomCode": null}, {"memberId": 26, "parentMemberId": null, "memberNameEn": "Hong Kong", "memberNameFr": "Hong Kong", "classificationCode": null, "classificationTypeCode": null, "geoLevel": null, "vintage": null, "terminated": 0, "memberUomCode": null}, {"memberId": 27, "parentMemberId": null, "memberNameEn": "Sweden", "memberNameFr": "Su\u00e8de", "classificationCode": null, "classificationTypeCode": null, "geoLevel": null, "vintage": null, "terminated": 0, "memberUomCode": null}, {"memberId": 28, "parentMemberId": null, "memberNameEn": "Poland", "memberNameFr": "Pologne", "classificationCode": null, "classificationTypeCode": null, "geoLevel": null, "vintage": null, "terminated": 0, "memberUomCode": null}, {"memberId": 29, "parentMemberId": null, "memberNameEn": "Turkey", "memberNameFr": "Turquie", "classificationCode": null, "classificationTypeCode": null, "geoLevel": null, "vintage": null, "terminated": 0, "memberUomCode": null}, {"memberId": 30, "parentMemberId": null, "memberNameEn": "Ireland", "memberNameFr": "Irlande", "classificationCode": null, "classificationTypeCode": null, "geoLevel": null, "vintage": null, "terminated": 0, "memberUomCode": null}, {"memberId": 31, "parentMemberId": null, "memberNameEn": "Chile", "memberNameFr": "Chili", "classificationCode": null, "classificationTypeCode": null, "geoLevel": null, "vintage": null, "terminated": 0, "memberUomCode": null}, {"memberId": 32, "parentMemberId": null, "memberNameEn": "Bangladesh", "memberNameFr": "Bangladesh", "classificationCode": null, "classificationTypeCode": null, "geoLevel": null, "vintage": null, "terminated": 0, "memberUomCode": null}, {"memberId": 33, "parentMemberId": null, "memberNameEn": "Algeria", "memberNameFr": "Alg\u00e9rie", "classificationCode": null, "classificationTypeCode": null, "geoLevel": null, "vintage": null, "terminated": 0, "memberUomCode": null}, {"memberId": 34, "parentMemberId": null, "memberNameEn": "Singapore", "memberNameFr": "Singapour", "classificationCode": null, "classificationTypeCode": null, "geoLevel": null, "vintage": null, "terminated": 0, "memberUomCode": null}, {"memberId": 35, "parentMemberId": null, "memberNameEn": "Philippines", "memberNameFr": "Philippines", "classificationCode": null, "classificationTypeCode": null, "geoLevel": null, "vintage": null, "terminated": 0, "memberUomCode": null}, {"memberId": 36, "parentMemberId": null, "memberNameEn": "Austria", "memberNameFr": "Autriche", "classificationCode": null, "classificationTypeCode": null, "geoLevel": null, "vintage": null, "terminated": 0, "memberUomCode": null}, {"memberId": 37, "parentMemberId": null, "memberNameEn": "United Arab Emirates", "memberNameFr": "\u00c9mirats Arabes Unis", "classificationCode": null, "classificationTypeCode": null, "geoLevel": null, "vintage": null, "terminated": 0, "memberUomCode": null}, {"memberId": 38, "parentMemberId": null, "memberNameEn": "Argentina", "memberNameFr": "Argentine", "classificationCode": null, "classificationTypeCode": null, "geoLevel": null, "vintage": null, "terminated": 0, "memberUomCode": null}, {"memberId": 39, "parentMemberId": null, "memberNameEn": "Nigeria", "memberNameFr": "Nig\u00e9ria", "classificationCode": null, "classificationTypeCode": null, "geoLevel": null, "vintage": null, "terminated": 0, "memberUomCode": null}, {"memberId": 40, "parentMemberId": null, "memberNameEn": "Israel", "memberNameFr": "Isra\u00ebl", "classificationCode": null, "classificationTypeCode": null, "geoLevel": null, "vintage": null, "terminated": 0, "memberUomCode": null}, {"memberId": 41, "parentMemberId": null, "memberNameEn": "Colombia", "memberNameFr": "Colombie", "classificationCode": null, "classificationTypeCode": null, "geoLevel": null, "vintage": null, "terminated": 0, "memberUomCode": null}, {"memberId": 42, "parentMemberId": null, "memberNameEn": "Russia", "memberNameFr": "Russie", "classificationCode": null, "classificationTypeCode": null, "geoLevel": null, "vintage": null, "terminated": 0, "memberUomCode": null}, {"memberId": 43, "parentMemberId": null, "memberNameEn": "Finland", "memberNameFr": "Finlande", "classificationCode": null, "classificationTypeCode": null, "geoLevel": null, "vintage": null, "terminated": 0, "memberUomCode": null}, {"memberId": 44, "parentMemberId": null, "memberNameEn": "Pakistan", "memberNameFr": "Pakistan", "classificationCode": null, "classificationTypeCode": null, "geoLevel": null, "vintage": null, "terminated": 0, "memberUomCode": null}, {"memberId": 45, "parentMemberId": null, "memberNameEn": "Denmark", "memberNameFr": "Danemark", "classificationCode": null, "classificationTypeCode": null, "geoLevel": null, "vintage": null, "terminated": 0, "memberUomCode": null}, {"memberId": 46, "parentMemberId": null, "memberNameEn": "Egypt", "memberNameFr": "\u00c9gypte", "classificationCode": null, "classificationTypeCode": null, "geoLevel": null, "vintage": null, "terminated": 0, "memberUomCode": null}, {"memberId": 47, "parentMemberId": null, "memberNameEn": "South Africa", "memberNameFr": "Afrique du Sud", "classificationCode": null, "classificationTypeCode": null, "geoLevel": null, "vintage": null, "terminated": 0, "memberUomCode": null}, {"memberId": 48, "parentMemberId": null, "memberNameEn": "Dominican Republic", "memberNameFr": "R\u00e9publique Dominicaine", "classificationCode": null, "classificationTypeCode": null, "geoLevel": null, "vintage": null, "terminated": 0, "memberUomCode": null}, {"memberId": 49, "parentMemberId": null, "memberNameEn": "Cambodia", "memberNameFr": "Cambodge", "classificationCode": null, "classificationTypeCode": null, "geoLevel": null, "vintage": null, "terminated": 0, "memberUomCode": null}, {"memberId": 50, "parentMemberId": null, "memberNameEn": "New Zealand", "memberNameFr": "Nouvelle Z\u00e9lande", "classificationCode": null, "classificationTypeCode": null, "geoLevel": null, "vintage": null, "terminated": 0, "memberUomCode": null}, {"memberId": 51, "parentMemberId": null, "memberNameEn": "Guatemala", "memberNameFr": "Guatemala", "classificationCode": null, "classificationTypeCode": null, "geoLevel": null, "vintage": null, "terminated": 0, "memberUomCode": null}, {"memberId": 52, "parentMemberId": null, "memberNameEn": "Portugal", "memberNameFr": "Portugal", "classificationCode": null, "classificationTypeCode": null, "geoLevel": null, "vintage": null, "terminated": 0, "memberUomCode": null}, {"memberId": 53, "parentMemberId": null, "memberNameEn": "Cuba", "memberNameFr": "Cuba", "classificationCode": null, "classificationTypeCode": null, "geoLevel": null, "vintage": null, "terminated": 0, "memberUomCode": null}, {"memberId": 54, "parentMemberId": null, "memberNameEn": "Kazakhstan", "memberNameFr": "Kazakhstan", "classificationCode": null, "classificationTypeCode": null, "geoLevel": null, "vintage": null, "terminated": 0, "memberUomCode": null}, {"memberId": 55, "parentMemberId": null, "memberNameEn": "Malta", "memberNameFr": "Malte", "classificationCode": null, "classificationTypeCode": null, "geoLevel": null, "vintage": null, "terminated": 0, "memberUomCode": null}, {"memberId": 56, "parentMemberId": null, "memberNameEn": "Morocco", "memberNameFr": "Maroc", "classificationCode": null, "classificationTypeCode": null, "geoLevel": null, "vintage": null, "terminated": 0, "memberUomCode": null}, {"memberId": 57, "parentMemberId": null, "memberNameEn": "Czech Republic", "memberNameFr": "R\u00e9publique Tch\u00e8que", "classificationCode": null, "classificationTypeCode": null, "geoLevel": null, "vintage": null, "terminated": 0, "memberUomCode": null}, {"memberId": 58, "parentMemberId": null, "memberNameEn": "Guyana", "memberNameFr": "Guyane", "classificationCode": null, "classificationTypeCode": null, "geoLevel": null, "vintage": null, "terminated": 0, "memberUomCode": null}, {"memberId": 59, "parentMemberId": null, "memberNameEn": "Hungary", "memberNameFr": "Hongrie", "classificationCode": null, "classificationTypeCode": null, "geoLevel": null, "vintage": null, "terminated": 0, "memberUomCode": null}, {"memberId": 60, "parentMemberId": null, "memberNameEn": "Costa Rica", "memberNameFr": "Costa Rica", "classificationCode": null, "classificationTypeCode": null, "geoLevel": null, "vintage": null, "terminated": 0, "memberUomCode": null}, {"memberId": 61, "parentMemberId": null, "memberNameEn": "Sri Lanka", "memberNameFr": "Sri Lanka", "classificationCode": null, "classificationTypeCode": null, "geoLevel": null, "vintage": null, "terminated": 0, "memberUomCode": null}]}, {"dimensionPositionId": 4, "dimensionNameEn": "Classification by Broad Economic Categories (BEC4)", "dimensionNameFr": "Classification selon les  Grandes categories \u00e9conomiques (GCE4)", "hasUom": false, "member": [{"memberId": 1, "parentMemberId": null, "memberNameEn": "Food and beverages", "memberNameFr": "Produits alimentaires et boissons", "classificationCode": "1", "classificationTypeCode": "45", "geoLevel": null, "vintage": null, "terminated": 0, "memberUomCode": null}, {"memberId": 2, "parentMemberId": 1, "memberNameEn": "Food and beverages, primary", "memberNameFr": "Produits alimentaires et boissons, produits de base", "classificationCode": "11", "classificationTypeCode": "45", "geoLevel": null, "vintage": null, "terminated": 0, "memberUomCode": null}, {"memberId": 3, "parentMemberId": 2, "memberNameEn": "Food and beverages, primary, mainly for industry", "memberNameFr": "Produits alimentaires et boissons, produits de base, principalement destin\u00e9s \u00e0 l'industrie", "classificationCode": "111", "classificationTypeCode": "45", "geoLevel": null, "vintage": null, "terminated": 0, "memberUomCode": null}, {"memberId": 4, "parentMemberId": 2, "memberNameEn": "Food and beverages, primary, mainly for household consumption", "memberNameFr": "Produits alimentaires et boissons, produits de base, principalement destin\u00e9s \u00e0 la consommation des m\u00e9nages", "classificationCode": "112", "classificationTypeCode": "45", "geoLevel": null, "vintage": null, "terminated": 0, "memberUomCode": null}, {"memberId": 5, "parentMemberId": 1, "memberNameEn": "Food and beverages, processed", "memberNameFr": "Produits alimentaires et boissons, produits ayant subi une transformation", "classificationCode": "12", "classificationTypeCode": "45", "geoLevel": null, "vintage": null, "terminated": 0, "memberUomCode": null}, {"memberId": 6, "parentMemberId": 5, "memberNameEn": "Food and beverages, processed, mainly for industry", "memberNameFr": "Produits alimentaires et boissons, produits ayant subi une transformation, principalement destin\u00e9s \u00e0 l'industrie", "classificationCode": "121", "classificationTypeCode": "45", "geoLevel": null, "vintage": null, "terminated": 0, "memberUomCode": null}, {"memberId": 7, "parentMemberId": 5, "memberNameEn": "Food and beverages, processed, mainly for household consumption", "memberNameFr": "Produits alimentaires et boissons, produits ayant subi une transformation, principalement destin\u00e9s \u00e0 la consommation des m\u00e9nages", "classificationCode": "122", "classificationTypeCode": "45", "geoLevel": null, "vintage": null, "terminated": 0, "memberUomCode": null}, {"memberId": 8, "parentMemberId": null, "memberNameEn": "Industrial supplies not elsewhere specified", "memberNameFr": "Approvisionnements industriels non d\u00e9sign\u00e9s ailleurs", "classificationCode": "2", "classificationTypeCode": "45", "geoLevel": null, "vintage": null, "terminated": 0, "memberUomCode": null}, {"memberId": 9, "parentMemberId": 8, "memberNameEn": "Industrial supplies not elsewhere specified, primary", "memberNameFr": "Approvisionnements industriels non d\u00e9sign\u00e9s ailleurs, produits de base", "classificationCode": "21", "classificationTypeCode": "45", "geoLevel": null, "vintage": null, "terminated": 0, "memberUomCode": null}, {"memberId": 10, "parentMemberId": 8, "memberNameEn": "Industrial supplies not elsewhere specified, processed", "memberNameFr": "Approvisionnements industriels non d\u00e9sign\u00e9s ailleurs, produits ayant subi une transformation", "classificationCode": "22", "classificationTypeCode": "45", "geoLevel": null, "vintage": null, "terminated": 0, "memberUomCode": null}, {"memberId": 11, "parentMemberId": null, "memberNameEn": "Fuels and lubricants", "memberNameFr": "Combustibles et lubrifiants", "classificationCode": "3", "classificationTypeCode": "45", "geoLevel": null, "vintage": null, "terminated": 0, "memberUomCode": null}, {"memberId": 12, "parentMemberId": 11, "memberNameEn": "Fuels and lubricants, primary", "memberNameFr": "Combustibles et lubrifiants, produits de base", "classificationCode": "31", "classificationTypeCode": "45", "geoLevel": null, "vintage": null, "terminated": 0, "memberUomCode": null}, {"memberId": 13, "parentMemberId": 11, "memberNameEn": "Fuels and lubricants, processed", "memberNameFr": "Combustibles et lubrifiants, produits ayant subi une transformation", "classificationCode": "32", "classificationTypeCode": "45", "geoLevel": null, "vintage": null, "terminated": 0, "memberUomCode": null}, {"memberId": 14, "parentMemberId": 13, "memberNameEn": "Fuels and lubricants, processed, other", "memberNameFr": "Combustibles et lubrifiants, produits ayant subi une transformation, autres", "classificationCode": "322", "classificationTypeCode": "45", "geoLevel": null, "vintage": null, "terminated": 0, "memberUomCode": null}, {"memberId": 15, "parentMemberId": null, "memberNameEn": "Capital goods (except transport equipment), and parts and accessories thereof", "memberNameFr": "Biens d'\u00e9quipement  (\u00e0 l'exclusion du mat\u00e9riel de transport)  et leurs parties, pi\u00e8ces d\u00e9tach\u00e9es et accessoires", "classificationCode": "4", "classificationTypeCode": "45", "geoLevel": null, "vintage": null, "terminated": 0, "memberUomCode": null}, {"memberId": 16, "parentMemberId": 15, "memberNameEn": "Capital goods (except transport equipment)", "memberNameFr": "Biens d'\u00e9quipement (\u00e0 l'exclusion du mat\u00e9riel de transport)", "classificationCode": "41", "classificationTypeCode": "45", "geoLevel": null, "vintage": null, "terminated": 0, "memberUomCode": null}, {"memberId": 17, "parentMemberId": 15, "memberNameEn": "Parts and accessories of capital goods (except transport equipment)", "memberNameFr": "Parties, pi\u00e8ces d\u00e9tach\u00e9es et accessoires de biens d'\u00e9quipement", "classificationCode": "42", "classificationTypeCode": "45", "geoLevel": null, "vintage": null, "terminated": 0, "memberUomCode": null}, {"memberId": 18, "parentMemberId": null, "memberNameEn": "Transport equipment, and parts and accessories thereof", "memberNameFr": "Mat\u00e9riel de transport et ses parties, pi\u00e8ces d\u00e9tach\u00e9es et  accessoires", "classificationCode": "5", "classificationTypeCode": "45", "geoLevel": null, "vintage": null, "terminated": 0, "memberUomCode": null}, {"memberId": 19, "parentMemberId": 18, "memberNameEn": "Passenger motor cars", "memberNameFr": "Automobiles pour le transport des personnes", "classificationCode": "51", "classificationTypeCode": "45", "geoLevel": null, "vintage": null, "terminated": 0, "memberUomCode": null}, {"memberId": 20, "parentMemberId": 18, "memberNameEn": "Transport equipment, other", "memberNameFr": "Autre mat\u00e9riel de transport", "classificationCode": "52", "classificationTypeCode": "45", "geoLevel": null, "vintage": null, "terminated": 0, "memberUomCode": null}, {"memberId": 21, "parentMemberId": 20, "memberNameEn": "Transport equipment, other, industrial", "memberNameFr": "Autre mat\u00e9riel de transport, destin\u00e9 \u00e0 l'industrie", "classificationCode": "521", "classificationTypeCode": "45", "geoLevel": null, "vintage": null, "terminated": 0, "memberUomCode": null}, {"memberId": 22, "parentMemberId": 20, "memberNameEn": "Transport equipment, other, non-industrial", "memberNameFr": "Autre mat\u00e9riel de transport, non destin\u00e9 \u00e0 l'industrie", "classificationCode": "522", "classificationTypeCode": "45", "geoLevel": null, "vintage": null, "terminated": 0, "memberUomCode": null}, {"memberId": 23, "parentMemberId": 18, "memberNameEn": "Parts and accessories of transport equipment", "memberNameFr": "Parties, pi\u00e8ces d\u00e9tach\u00e9es et accessoires de mat\u00e9riel de transport", "classificationCode": "53", "classificationTypeCode": "45", "geoLevel": null, "vintage": null, "terminated": 0, "memberUomCode": null}, {"memberId": 24, "parentMemberId": null, "memberNameEn": "Consumer goods not elsewhere specified", "memberNameFr": "Biens de consommation non d\u00e9sign\u00e9s ailleurs", "classificationCode": "6", "classificationTypeCode": "45", "geoLevel": null, "vintage": null, "terminated": 0, "memberUomCode": null}, {"memberId": 25, "parentMemberId": 24, "memberNameEn": "Consumer goods not elsewhere specified, durable", "memberNameFr": "Biens de consommation non d\u00e9sign\u00e9s ailleurs, durables", "classificationCode": "61", "classificationTypeCode": "45", "geoLevel": null, "vintage": null, "terminated": 0, "memberUomCode": null}, {"memberId": 26, "parentMemberId": 24, "memberNameEn": "Consumer goods not elsewhere specified, semi-durable", "memberNameFr": "Biens de consommation non d\u00e9sign\u00e9s ailleurs, semi-durables", "classificationCode": "62", "classificationTypeCode": "45", "geoLevel": null, "vintage": null, "terminated": 0, "memberUomCode": null}, {"memberId": 27, "parentMemberId": 24, "memberNameEn": "Consumer goods not elsewhere specified, non-durable", "memberNameFr": "Biens de consommation non d\u00e9sign\u00e9s ailleurs, non-durables", "classificationCode": "63", "classificationTypeCode": "45", "geoLevel": null, "vintage": null, "terminated": 0, "memberUomCode": null}, {"memberId": 28, "parentMemberId": null, "memberNameEn": "Goods not elsewhere specified", "memberNameFr": "Biens non d\u00e9sign\u00e9s ailleurs", "classificationCode": "7", "classificationTypeCode": "45", "geoLevel": null, "vintage": null, "terminated": 0, "memberUomCode": null}, {"memberId": 29, "parentMemberId": null, "memberNameEn": "Intermediate goods", "memberNameFr": "Biens interm\u00e9diaires", "classificationCode": "111, 121, 21, 22, 31, 322, 42, 53", "classificationTypeCode": "45", "geoLevel": null, "vintage": null, "terminated": 0, "memberUomCode": null}, {"memberId": 30, "parentMemberId": null, "memberNameEn": "Final goods", "memberNameFr": "Biens finals", "classificationCode": "41, 521, 112, 122, 522, 61, 62, 63", "classificationTypeCode": "45", "geoLevel": null, "vintage": null, "terminated": 0, "memberUomCode": null}, {"memberId": 31, "parentMemberId": null, "memberNameEn": "Capital goods", "memberNameFr": "Biens d'\u00e9quipement", "classificationCode": "41, 521", "classificationTypeCode": "45", "geoLevel": null, "vintage": null, "terminated": 0, "memberUomCode": null}, {"memberId": 32, "parentMemberId": null, "memberNameEn": "Consumption goods", "memberNameFr": "Biens de consommation", "classificationCode": "112, 122, 522, 61, 62, 63", "classificationTypeCode": "45", "geoLevel": null, "vintage": null, "terminated": 0, "memberUomCode": null}]}]