[{"dimensionPositionId": 1, "dimensionNameEn": "Geography", "dimensionNameFr": "G\u00e9ographie", "hasUom": false, "member": [{"memberId": 1, "parentMemberId": null, "memberNameEn": "Canada", "memberNameFr": "Canada", "classificationCode": null, "classificationTypeCode": null, "geoLevel": null, "vintage": null, "terminated": 0, "memberUomCode": null}]}, {"dimensionPositionId": 2, "dimensionNameEn": "Trade", "dimensionNameFr": "Commerce", "hasUom": false, "member": [{"memberId": 1, "parentMemberId": null, "memberNameEn": "Import", "memberNameFr": "Importations", "classificationCode": null, "classificationTypeCode": null, "geoLevel": null, "vintage": null, "terminated": 0, "memberUomCode": null}, {"memberId": 2, "parentMemberId": null, "memberNameEn": "Export", "memberNameFr": "Exportations", "classificationCode": null, "classificationTypeCode": null, "geoLevel": null, "vintage": null, "terminated": 0, "memberUomCode": null}]}, {"dimensionPositionId": 3, "dimensionNameEn": "Basis", "dimensionNameFr": "Base", "hasUom": false, "member": [{"memberId": 1, "parentMemberId": null, "memberNameEn": "Customs", "memberNameFr": "Douani\u00e8re", "classificationCode": null, "classificationTypeCode": null, "geoLevel": null, "vintage": null, "terminated": 0, "memberUomCode": null}, {"memberId": 2, "parentMemberId": null, "memberNameEn": "Balance of payments", "memberNameFr": "Balance des paiements", "classificationCode": null, "classificationTypeCode": null, "geoLevel": null, "vintage": null, "terminated": 0, "memberUomCode": null}]}, {"dimensionPositionId": 4, "dimensionNameEn": "Seasonal adjustment", "dimensionNameFr": "D\u00e9saisonnalisation", "hasUom": false, "member": [{"memberId": 1, "parentMemberId": null, "memberNameEn": "Unadjusted", "memberNameFr": "Non d\u00e9saisonnalis\u00e9es", "classificationCode": null, "classificationTypeCode": null, "geoLevel": null, "vintage": null, "terminated": 0, "memberUomCode": null}, {"memberId": 2, "parentMemberId": null, "memberNameEn": "Seasonally adjusted", "memberNameFr": "D\u00e9saisonnalis\u00e9es", "classificationCode": null, "classificationTypeCode": null, "geoLevel": null, "vintage": null, "terminated": 0, "memberUomCode": null}]}, {"dimensionPositionId": 5, "dimensionNameEn": "North American Product Classification System (NAPCS)", "dimensionNameFr": "Syst\u00e8me de classification des produits de l'Am\u00e9rique du Nord (SCPAN)", "hasUom": false, "member": [{"memberId": 1, "parentMemberId": null, "memberNameEn": "Total of all merchandise", "memberNameFr": "Total de toutes les marchandises", "classificationCode": null, "classificationTypeCode": null, "geoLevel": null, "vintage": null, "terminated": 0, "memberUomCode": null}, {"memberId": 2, "parentMemberId": 1, "memberNameEn": "Farm, fishing and intermediate food products", "memberNameFr": "Produits agricoles et de la p\u00eache et produits interm\u00e9diaires des aliments", "classificationCode": "C11", "classificationTypeCode": "20", "geoLevel": null, "vintage": null, "terminated": 0, "memberUomCode": null}, {"memberId": 3, "parentMemberId": 2, "memberNameEn": "Farm and fishing products", "memberNameFr": "Produits agricoles et de la p\u00eache", "classificationCode": "C111", "classificationTypeCode": "20", "geoLevel": null, "vintage": null, "terminated": 0, "memberUomCode": null}, {"memberId": 4, "parentMemberId": 3, "memberNameEn": "Live animals", "memberNameFr": "Animaux vivants", "classificationCode": "111", "classificationTypeCode": "20", "geoLevel": null, "vintage": null, "terminated": 0, "memberUomCode": null}, {"memberId": 5, "parentMemberId": 3, "memberNameEn": "Wheat", "memberNameFr": "Bl\u00e9", "classificationCode": "112", "classificationTypeCode": "20", "geoLevel": null, "vintage": null, "terminated": 0, "memberUomCode": null}, {"memberId": 6, "parentMemberId": 3, "memberNameEn": "Canola", "memberNameFr": "Canola", "classificationCode": "113", "classificationTypeCode": "20", "geoLevel": null, "vintage": null, "terminated": 0, "memberUomCode": null}, {"memberId": 7, "parentMemberId": 3, "memberNameEn": "Fruits, nuts and vegetables", "memberNameFr": "Fruits, noix et l\u00e9gumes", "classificationCode": "114", "classificationTypeCode": "20", "geoLevel": null, "vintage": null, "terminated": 0, "memberUomCode": null}, {"memberId": 8, "parentMemberId": 3, "memberNameEn": "Other crop products", "memberNameFr": "Autres produits v\u00e9g\u00e9taux", "classificationCode": "115", "classificationTypeCode": "20", "geoLevel": null, "vintage": null, "terminated": 0, "memberUomCode": null}, {"memberId": 9, "parentMemberId": 3, "memberNameEn": "Other animal products", "memberNameFr": "Autres produits d'origine animale", "classificationCode": "116", "classificationTypeCode": "20", "geoLevel": null, "vintage": null, "terminated": 0, "memberUomCode": null}, {"memberId": 10, "parentMemberId": 3, "memberNameEn": "Fish, shellfish and other fishery products", "memberNameFr": "Poissons, fruits de mer et autres produits de la p\u00eache", "classificationCode": "121", "classificationTypeCode": "20", "geoLevel": null, "vintage": null, "terminated": 0, "memberUomCode": null}, {"memberId": 11, "parentMemberId": 2, "memberNameEn": "Food and tobacco intermediate products", "memberNameFr": "Produits interm\u00e9diaires des aliments et du tabac", "classificationCode": "C112", "classificationTypeCode": "20", "geoLevel": null, "vintage": null, "terminated": 0, "memberUomCode": null}, {"memberId": 12, "parentMemberId": 11, "memberNameEn": "Food and tobacco intermediate products", "memberNameFr": "Produits interm\u00e9diaires des aliments et du tabac", "classificationCode": "182", "classificationTypeCode": "20", "geoLevel": null, "vintage": null, "terminated": 0, "memberUomCode": null}, {"memberId": 13, "parentMemberId": 1, "memberNameEn": "Energy products", "memberNameFr": "Produits \u00e9nerg\u00e9tiques", "classificationCode": "C12", "classificationTypeCode": "20", "geoLevel": null, "vintage": null, "terminated": 0, "memberUomCode": null}, {"memberId": 14, "parentMemberId": 13, "memberNameEn": "Crude oil and crude bitumen", "memberNameFr": "P\u00e9trole brut et p\u00e9trole brut bitumineux", "classificationCode": "C121", "classificationTypeCode": "20", "geoLevel": null, "vintage": null, "terminated": 0, "memberUomCode": null}, {"memberId": 15, "parentMemberId": 14, "memberNameEn": "Crude oil and crude bitumen", "memberNameFr": "P\u00e9trole brut et p\u00e9trole brut bitumineux", "classificationCode": "141", "classificationTypeCode": "20", "geoLevel": null, "vintage": null, "terminated": 0, "memberUomCode": null}, {"memberId": 16, "parentMemberId": 13, "memberNameEn": "Natural gas, natural gas liquids and related products", "memberNameFr": "Gaz naturel, liquides de gaz naturel et produits connexes", "classificationCode": "C122", "classificationTypeCode": "20", "geoLevel": null, "vintage": null, "terminated": 0, "memberUomCode": null}, {"memberId": 17, "parentMemberId": 16, "memberNameEn": "Natural gas", "memberNameFr": "Gaz naturel", "classificationCode": "142", "classificationTypeCode": "20", "geoLevel": null, "vintage": null, "terminated": 0, "memberUomCode": null}, {"memberId": 18, "parentMemberId": 16, "memberNameEn": "Natural gas liquids and related products", "memberNameFr": "Liquides de gaz naturel et produits connexes", "classificationCode": "143", "classificationTypeCode": "20", "geoLevel": null, "vintage": null, "terminated": 0, "memberUomCode": null}, {"memberId": 19, "parentMemberId": 13, "memberNameEn": "Refined petroleum energy products", "memberNameFr": "Produits p\u00e9troliers raffin\u00e9s pour combustibles", "classificationCode": "C123", "classificationTypeCode": "20", "geoLevel": null, "vintage": null, "terminated": 0, "memberUomCode": null}, {"memberId": 20, "parentMemberId": 19, "memberNameEn": "Refined petroleum energy products", "memberNameFr": "Produits p\u00e9troliers raffin\u00e9s pour combustibles", "classificationCode": "261", "classificationTypeCode": "20", "geoLevel": null, "vintage": null, "terminated": 0, "memberUomCode": null}, {"memberId": 21, "parentMemberId": 13, "memberNameEn": "Electricity", "memberNameFr": "\u00c9lectricit\u00e9", "classificationCode": "C124", "classificationTypeCode": "20", "geoLevel": null, "vintage": null, "terminated": 0, "memberUomCode": null}, {"memberId": 22, "parentMemberId": 21, "memberNameEn": "Electricity", "memberNameFr": "\u00c9lectricit\u00e9", "classificationCode": "145", "classificationTypeCode": "20", "geoLevel": null, "vintage": null, "terminated": 0, "memberUomCode": null}, {"memberId": 23, "parentMemberId": 13, "memberNameEn": "Other energy products", "memberNameFr": "Autres produits \u00e9nerg\u00e9tiques", "classificationCode": "C125", "classificationTypeCode": "20", "geoLevel": null, "vintage": null, "terminated": 0, "memberUomCode": null}, {"memberId": 24, "parentMemberId": 23, "memberNameEn": "Other energy products", "memberNameFr": "Autres produits \u00e9nerg\u00e9tiques", "classificationCode": "144", "classificationTypeCode": "20", "geoLevel": null, "vintage": null, "terminated": 0, "memberUomCode": null}, {"memberId": 25, "parentMemberId": 1, "memberNameEn": "Metal ores and non-metallic minerals", "memberNameFr": "Minerais et min\u00e9raux non m\u00e9talliques", "classificationCode": "C13", "classificationTypeCode": "20", "geoLevel": null, "vintage": null, "terminated": 0, "memberUomCode": null}, {"memberId": 26, "parentMemberId": 25, "memberNameEn": "Metal ores and concentrates", "memberNameFr": "Minerais et concentr\u00e9s de m\u00e9taux", "classificationCode": "C131", "classificationTypeCode": "20", "geoLevel": null, "vintage": null, "terminated": 0, "memberUomCode": null}, {"memberId": 27, "parentMemberId": 26, "memberNameEn": "Iron ores and concentrates", "memberNameFr": "Minerais et concentr\u00e9s de fer", "classificationCode": "151", "classificationTypeCode": "20", "geoLevel": null, "vintage": null, "terminated": 0, "memberUomCode": null}, {"memberId": 28, "parentMemberId": 26, "memberNameEn": "Copper ores and concentrates", "memberNameFr": "Minerais et concentr\u00e9s de cuivre", "classificationCode": "152", "classificationTypeCode": "20", "geoLevel": null, "vintage": null, "terminated": 0, "memberUomCode": null}, {"memberId": 29, "parentMemberId": 26, "memberNameEn": "Nickel ores and concentrates", "memberNameFr": "Minerais et concentr\u00e9s de nickel", "classificationCode": "153", "classificationTypeCode": "20", "geoLevel": null, "vintage": null, "terminated": 0, "memberUomCode": null}, {"memberId": 30, "parentMemberId": 26, "memberNameEn": "Radioactive ores and concentrates", "memberNameFr": "Minerais et concentr\u00e9s radioactifs", "classificationCode": "154", "classificationTypeCode": "20", "geoLevel": null, "vintage": null, "terminated": 0, "memberUomCode": null}, {"memberId": 31, "parentMemberId": 26, "memberNameEn": "Other metal ores and concentrates", "memberNameFr": "Autres minerais et concentr\u00e9s de m\u00e9taux", "classificationCode": "155", "classificationTypeCode": "20", "geoLevel": null, "vintage": null, "terminated": 0, "memberUomCode": null}, {"memberId": 32, "parentMemberId": 25, "memberNameEn": "Non-metallic minerals", "memberNameFr": "Min\u00e9raux non m\u00e9talliques", "classificationCode": "C132", "classificationTypeCode": "20", "geoLevel": null, "vintage": null, "terminated": 0, "memberUomCode": null}, {"memberId": 33, "parentMemberId": 32, "memberNameEn": "Potash", "memberNameFr": "Potasse", "classificationCode": "161", "classificationTypeCode": "20", "geoLevel": null, "vintage": null, "terminated": 0, "memberUomCode": null}, {"memberId": 34, "parentMemberId": 32, "memberNameEn": "Stone, sand, gravel, clay, and refractory minerals", "memberNameFr": "Pierre, sable, gravier, argile et min\u00e9raux r\u00e9fractaires", "classificationCode": "162", "classificationTypeCode": "20", "geoLevel": null, "vintage": null, "terminated": 0, "memberUomCode": null}, {"memberId": 35, "parentMemberId": 32, "memberNameEn": "Diamonds and other non-metallic minerals", "memberNameFr": "Diamants et autres min\u00e9raux non m\u00e9talliques", "classificationCode": "163", "classificationTypeCode": "20", "geoLevel": null, "vintage": null, "terminated": 0, "memberUomCode": null}, {"memberId": 36, "parentMemberId": 1, "memberNameEn": "Metal and non-metallic mineral products", "memberNameFr": "Produits en m\u00e9tal et produits min\u00e9raux non m\u00e9talliques", "classificationCode": "C14", "classificationTypeCode": "20", "geoLevel": null, "vintage": null, "terminated": 0, "memberUomCode": null}, {"memberId": 37, "parentMemberId": 36, "memberNameEn": "Intermediate metal products", "memberNameFr": "Produits interm\u00e9diaires en m\u00e9tal", "classificationCode": "C141", "classificationTypeCode": "20", "geoLevel": null, "vintage": null, "terminated": 0, "memberUomCode": null}, {"memberId": 38, "parentMemberId": 37, "memberNameEn": "Unwrought iron, steel and ferro-alloys, and basic and semi-finished ferrous metal products", "memberNameFr": "Fer, acier et ferroalliages sous forme brute, primaire et semi-ouvr\u00e9e", "classificationCode": "311", "classificationTypeCode": "20", "geoLevel": null, "vintage": null, "terminated": 0, "memberUomCode": null}, {"memberId": 39, "parentMemberId": 37, "memberNameEn": "Unwrought, basic and semi-finished aluminum and aluminum-alloy products", "memberNameFr": "Aluminium et alliages d'aluminium sous forme brute, primaire et semi-ouvr\u00e9e", "classificationCode": "321", "classificationTypeCode": "20", "geoLevel": null, "vintage": null, "terminated": 0, "memberUomCode": null}, {"memberId": 40, "parentMemberId": 37, "memberNameEn": "Unwrought copper and copper alloys", "memberNameFr": "Cuivre et alliages de cuivre sous forme brute", "classificationCode": "322", "classificationTypeCode": "20", "geoLevel": null, "vintage": null, "terminated": 0, "memberUomCode": null}, {"memberId": 41, "parentMemberId": 37, "memberNameEn": "Unwrought nickel and nickel alloys", "memberNameFr": "Nickel et alliages en nickel sous forme brute", "classificationCode": "323", "classificationTypeCode": "20", "geoLevel": null, "vintage": null, "terminated": 0, "memberUomCode": null}, {"memberId": 42, "parentMemberId": 37, "memberNameEn": "Unwrought precious metals and precious metal alloys", "memberNameFr": "M\u00e9taux pr\u00e9cieux et alliages en m\u00e9taux pr\u00e9cieux sous forme brute", "classificationCode": "324", "classificationTypeCode": "20", "geoLevel": null, "vintage": null, "terminated": 0, "memberUomCode": null}, {"memberId": 43, "parentMemberId": 37, "memberNameEn": "Other unwrought non-ferrous metals", "memberNameFr": "Autres m\u00e9taux non ferreux sous forme brute", "classificationCode": "325", "classificationTypeCode": "20", "geoLevel": null, "vintage": null, "terminated": 0, "memberUomCode": null}, {"memberId": 44, "parentMemberId": 37, "memberNameEn": "Basic and semi-finished non-ferrous metal products (except aluminum)", "memberNameFr": "Formes primaires et produits semi-ouvr\u00e9s de m\u00e9taux non ferreux (sauf aluminium)", "classificationCode": "326", "classificationTypeCode": "20", "geoLevel": null, "vintage": null, "terminated": 0, "memberUomCode": null}, {"memberId": 45, "parentMemberId": 36, "memberNameEn": "Fabricated metal products", "memberNameFr": "Produits m\u00e9talliques usin\u00e9s", "classificationCode": "C142", "classificationTypeCode": "20", "geoLevel": null, "vintage": null, "terminated": 0, "memberUomCode": null}, {"memberId": 46, "parentMemberId": 45, "memberNameEn": "Fabricated metal products", "memberNameFr": "Produits m\u00e9talliques usin\u00e9s", "classificationCode": "472", "classificationTypeCode": "20", "geoLevel": null, "vintage": null, "terminated": 0, "memberUomCode": null}, {"memberId": 47, "parentMemberId": 36, "memberNameEn": "Non-metallic mineral products", "memberNameFr": "Produits min\u00e9raux non m\u00e9talliques", "classificationCode": "C143", "classificationTypeCode": "20", "geoLevel": null, "vintage": null, "terminated": 0, "memberUomCode": null}, {"memberId": 48, "parentMemberId": 47, "memberNameEn": "Non-metallic mineral products", "memberNameFr": "Produits min\u00e9raux non m\u00e9talliques", "classificationCode": "291", "classificationTypeCode": "20", "geoLevel": null, "vintage": null, "terminated": 0, "memberUomCode": null}, {"memberId": 49, "parentMemberId": 36, "memberNameEn": "Recyclable waste and scrap", "memberNameFr": "D\u00e9chets et rebuts recyclables", "classificationCode": "C144", "classificationTypeCode": "20", "geoLevel": null, "vintage": null, "terminated": 0, "memberUomCode": null}, {"memberId": 50, "parentMemberId": 49, "memberNameEn": "Recyclable waste and scrap", "memberNameFr": "D\u00e9chets et rebuts recyclables", "classificationCode": "156", "classificationTypeCode": "20", "geoLevel": null, "vintage": null, "terminated": 0, "memberUomCode": null}, {"memberId": 51, "parentMemberId": 1, "memberNameEn": "Basic and industrial chemical, plastic and rubber products", "memberNameFr": "Produits chimiques de base et industriels, produits en plastique et en caoutchouc", "classificationCode": "C15", "classificationTypeCode": "20", "geoLevel": null, "vintage": null, "terminated": 0, "memberUomCode": null}, {"memberId": 52, "parentMemberId": 51, "memberNameEn": "Basic chemicals and industrial chemical products", "memberNameFr": "Produits chimiques de base et produits chimiques industriels", "classificationCode": "C151", "classificationTypeCode": "20", "geoLevel": null, "vintage": null, "terminated": 0, "memberUomCode": null}, {"memberId": 53, "parentMemberId": 52, "memberNameEn": "Basic chemicals", "memberNameFr": "Produits chimiques de base", "classificationCode": "271", "classificationTypeCode": "20", "geoLevel": null, "vintage": null, "terminated": 0, "memberUomCode": null}, {"memberId": 54, "parentMemberId": 52, "memberNameEn": "Dyes and pigments, petrochemicals", "memberNameFr": "Teintures et pigments, produits p\u00e9trochimiques", "classificationCode": "263", "classificationTypeCode": "20", "geoLevel": null, "vintage": null, "terminated": 0, "memberUomCode": null}, {"memberId": 55, "parentMemberId": 52, "memberNameEn": "Lubricants and other petroleum refinery products", "memberNameFr": "Lubrifiants et autres produits p\u00e9troliers raffin\u00e9s", "classificationCode": "264", "classificationTypeCode": "20", "geoLevel": null, "vintage": null, "terminated": 0, "memberUomCode": null}, {"memberId": 56, "parentMemberId": 52, "memberNameEn": "Fertilizer, pesticide and other chemical products", "memberNameFr": "Engrais, pesticides et autres produits chimiques", "classificationCode": "272", "classificationTypeCode": "20", "geoLevel": null, "vintage": null, "terminated": 0, "memberUomCode": null}, {"memberId": 57, "parentMemberId": 51, "memberNameEn": "Plastic and rubber products", "memberNameFr": "Produits en plastique et en caoutchouc", "classificationCode": "C152", "classificationTypeCode": "20", "geoLevel": null, "vintage": null, "terminated": 0, "memberUomCode": null}, {"memberId": 58, "parentMemberId": 57, "memberNameEn": "Plastic resins", "memberNameFr": "R\u00e9sines plastiques", "classificationCode": "281", "classificationTypeCode": "20", "geoLevel": null, "vintage": null, "terminated": 0, "memberUomCode": null}, {"memberId": 59, "parentMemberId": 57, "memberNameEn": "Plastic and rubber basic products (except plastic resins)", "memberNameFr": "Produits primaires en plastique et en caoutchouc (sauf r\u00e9sines plastiques)", "classificationCode": "282", "classificationTypeCode": "20", "geoLevel": null, "vintage": null, "terminated": 0, "memberUomCode": null}, {"memberId": 60, "parentMemberId": 57, "memberNameEn": "Plastic and rubber finished products", "memberNameFr": "Produits finis en caoutchouc et en plastique", "classificationCode": "284", "classificationTypeCode": "20", "geoLevel": null, "vintage": null, "terminated": 0, "memberUomCode": null}, {"memberId": 61, "parentMemberId": 1, "memberNameEn": "Forestry products and building and packaging materials", "memberNameFr": "Produits forestiers et mat\u00e9riaux de construction et d'emballage", "classificationCode": "C16", "classificationTypeCode": "20", "geoLevel": null, "vintage": null, "terminated": 0, "memberUomCode": null}, {"memberId": 62, "parentMemberId": 61, "memberNameEn": "Logs, pulpwood, and other forestry products", "memberNameFr": "Billes, bois \u00e0 p\u00e2te et autres produits forestiers", "classificationCode": "C161", "classificationTypeCode": "20", "geoLevel": null, "vintage": null, "terminated": 0, "memberUomCode": null}, {"memberId": 63, "parentMemberId": 62, "memberNameEn": "Logs, pulpwood and other forestry products", "memberNameFr": "Billes, bois \u00e0 p\u00e2te et autres produits forestiers", "classificationCode": "131", "classificationTypeCode": "20", "geoLevel": null, "vintage": null, "terminated": 0, "memberUomCode": null}, {"memberId": 64, "parentMemberId": 61, "memberNameEn": "Pulp and paper stock", "memberNameFr": "P\u00e2tes et papiers", "classificationCode": "C162", "classificationTypeCode": "20", "geoLevel": null, "vintage": null, "terminated": 0, "memberUomCode": null}, {"memberId": 65, "parentMemberId": 64, "memberNameEn": "Pulp and paper stock", "memberNameFr": "P\u00e2tes et papiers", "classificationCode": "251", "classificationTypeCode": "20", "geoLevel": null, "vintage": null, "terminated": 0, "memberUomCode": null}, {"memberId": 66, "parentMemberId": 61, "memberNameEn": "Building and packaging materials", "memberNameFr": "Mat\u00e9riaux de construction et d'emballage", "classificationCode": "C163", "classificationTypeCode": "20", "geoLevel": null, "vintage": null, "terminated": 0, "memberUomCode": null}, {"memberId": 67, "parentMemberId": 66, "memberNameEn": "Lumber and other sawmill and millwork products", "memberNameFr": "Bois d'oeuvre, autres produits de scierie, et menuiseries pr\u00e9fabriqu\u00e9es", "classificationCode": "241", "classificationTypeCode": "20", "geoLevel": null, "vintage": null, "terminated": 0, "memberUomCode": null}, {"memberId": 68, "parentMemberId": 66, "memberNameEn": "Asphalt and asphalt products", "memberNameFr": "Asphalte et produits d'asphalte", "classificationCode": "262", "classificationTypeCode": "20", "geoLevel": null, "vintage": null, "terminated": 0, "memberUomCode": null}, {"memberId": 69, "parentMemberId": 66, "memberNameEn": "Other building materials and supplies", "memberNameFr": "Autres mat\u00e9riaux et fournitures de construction", "classificationCode": "473", "classificationTypeCode": "20", "geoLevel": null, "vintage": null, "terminated": 0, "memberUomCode": null}, {"memberId": 70, "parentMemberId": 66, "memberNameEn": "Prefabricated buildings and components", "memberNameFr": "B\u00e2timents pr\u00e9fabriqu\u00e9s et leurs composants", "classificationCode": "471", "classificationTypeCode": "20", "geoLevel": null, "vintage": null, "terminated": 0, "memberUomCode": null}, {"memberId": 71, "parentMemberId": 66, "memberNameEn": "Packaging materials and containers", "memberNameFr": "Mat\u00e9riaux et contenants d'emballage", "classificationCode": "474", "classificationTypeCode": "20", "geoLevel": null, "vintage": null, "terminated": 0, "memberUomCode": null}, {"memberId": 72, "parentMemberId": 1, "memberNameEn": "Industrial machinery, equipment and parts", "memberNameFr": "Machines, mat\u00e9riel et pi\u00e8ces industriels", "classificationCode": "C17", "classificationTypeCode": "20", "geoLevel": null, "vintage": null, "terminated": 0, "memberUomCode": null}, {"memberId": 73, "parentMemberId": 72, "memberNameEn": "Industrial machinery, equipment and parts", "memberNameFr": "Machines, mat\u00e9riel et pi\u00e8ces industriels", "classificationCode": "C171", "classificationTypeCode": "20", "geoLevel": null, "vintage": null, "terminated": 0, "memberUomCode": null}, {"memberId": 74, "parentMemberId": 73, "memberNameEn": "Agricultural, lawn and garden machinery and equipment", "memberNameFr": "Machines et mat\u00e9riel pour l'agriculture, l'entretien de pelouse et le jardinage", "classificationCode": "331", "classificationTypeCode": "20", "geoLevel": null, "vintage": null, "terminated": 0, "memberUomCode": null}, {"memberId": 75, "parentMemberId": 73, "memberNameEn": "Logging, mining and construction machinery and equipment", "memberNameFr": "Machines et mat\u00e9riel pour l'exploitation foresti\u00e8re, mini\u00e8re et de construction", "classificationCode": "332", "classificationTypeCode": "20", "geoLevel": null, "vintage": null, "terminated": 0, "memberUomCode": null}, {"memberId": 76, "parentMemberId": 73, "memberNameEn": "Metalworking machinery", "memberNameFr": "Machines-outils pour le travail des m\u00e9taux", "classificationCode": "341", "classificationTypeCode": "20", "geoLevel": null, "vintage": null, "terminated": 0, "memberUomCode": null}, {"memberId": 77, "parentMemberId": 73, "memberNameEn": "Commercial and service industry machinery", "memberNameFr": "Machines pour le commerce et les industries de services", "classificationCode": "342", "classificationTypeCode": "20", "geoLevel": null, "vintage": null, "terminated": 0, "memberUomCode": null}, {"memberId": 78, "parentMemberId": 73, "memberNameEn": "Other industry-specific machinery, not elsewhere classified", "memberNameFr": "Autres machines propres \u00e0 une industrie, non class\u00e9es ailleurs", "classificationCode": "343", "classificationTypeCode": "20", "geoLevel": null, "vintage": null, "terminated": 0, "memberUomCode": null}, {"memberId": 79, "parentMemberId": 73, "memberNameEn": "Heating, cooling and air purification equipment", "memberNameFr": "Appareils de chauffage, de refroidissement et de purification de l'air", "classificationCode": "344", "classificationTypeCode": "20", "geoLevel": null, "vintage": null, "terminated": 0, "memberUomCode": null}, {"memberId": 80, "parentMemberId": 73, "memberNameEn": "Other general-purpose machinery and equipment, not elsewhere classified", "memberNameFr": "Autres machines et mat\u00e9riel d'usage g\u00e9n\u00e9ral, non class\u00e9s ailleurs", "classificationCode": "345", "classificationTypeCode": "20", "geoLevel": null, "vintage": null, "terminated": 0, "memberUomCode": null}, {"memberId": 81, "parentMemberId": 73, "memberNameEn": "Miscellaneous parts of machinery and equipment", "memberNameFr": "Pi\u00e8ces diverses de machines et de mat\u00e9riel", "classificationCode": "351", "classificationTypeCode": "20", "geoLevel": null, "vintage": null, "terminated": 0, "memberUomCode": null}, {"memberId": 82, "parentMemberId": 1, "memberNameEn": "Electronic and electrical equipment and parts", "memberNameFr": "Mat\u00e9riel et pi\u00e8ces \u00e9lectroniques et \u00e9lectriques", "classificationCode": "C18", "classificationTypeCode": "20", "geoLevel": null, "vintage": null, "terminated": 0, "memberUomCode": null}, {"memberId": 83, "parentMemberId": 82, "memberNameEn": "Computers and computer peripheral equipment", "memberNameFr": "Ordinateurs et appareils p\u00e9riph\u00e9riques", "classificationCode": "C181", "classificationTypeCode": "20", "geoLevel": null, "vintage": null, "terminated": 0, "memberUomCode": null}, {"memberId": 84, "parentMemberId": 83, "memberNameEn": "Computers and computer peripheral equipment", "memberNameFr": "Ordinateurs et appareils p\u00e9riph\u00e9riques", "classificationCode": "361", "classificationTypeCode": "20", "geoLevel": null, "vintage": null, "terminated": 0, "memberUomCode": null}, {"memberId": 85, "parentMemberId": 82, "memberNameEn": "Communications and audio and video equipment", "memberNameFr": "Appareils de communication et d'audio-visuel", "classificationCode": "C182", "classificationTypeCode": "20", "geoLevel": null, "vintage": null, "terminated": 0, "memberUomCode": null}, {"memberId": 86, "parentMemberId": 85, "memberNameEn": "Communications and audio and video equipment", "memberNameFr": "Appareils de communication et d'audio-visuel", "classificationCode": "362", "classificationTypeCode": "20", "geoLevel": null, "vintage": null, "terminated": 0, "memberUomCode": null}, {"memberId": 87, "parentMemberId": 82, "memberNameEn": "Other electronic and electrical machinery, equipment and parts", "memberNameFr": "Autres appareils, mat\u00e9riel et pi\u00e8ces \u00e9lectroniques et \u00e9lectriques", "classificationCode": "C183", "classificationTypeCode": "20", "geoLevel": null, "vintage": null, "terminated": 0, "memberUomCode": null}, {"memberId": 88, "parentMemberId": 87, "memberNameEn": "Other electronic and electrical machinery and equipment", "memberNameFr": "Autres appareils et mat\u00e9riel \u00e9lectroniques et \u00e9lectriques", "classificationCode": "363", "classificationTypeCode": "20", "geoLevel": null, "vintage": null, "terminated": 0, "memberUomCode": null}, {"memberId": 89, "parentMemberId": 87, "memberNameEn": "Electrical components", "memberNameFr": "Composants \u00e9lectriques", "classificationCode": "381", "classificationTypeCode": "20", "geoLevel": null, "vintage": null, "terminated": 0, "memberUomCode": null}, {"memberId": 90, "parentMemberId": 87, "memberNameEn": "Electronic and electrical parts", "memberNameFr": "Pi\u00e8ces \u00e9lectroniques et \u00e9lectriques", "classificationCode": "371", "classificationTypeCode": "20", "geoLevel": null, "vintage": null, "terminated": 0, "memberUomCode": null}, {"memberId": 91, "parentMemberId": 1, "memberNameEn": "Motor vehicles and parts", "memberNameFr": "V\u00e9hicules automobiles et pi\u00e8ces pour v\u00e9hicule automobile", "classificationCode": "C19", "classificationTypeCode": "20", "geoLevel": null, "vintage": null, "terminated": 0, "memberUomCode": null}, {"memberId": 92, "parentMemberId": 91, "memberNameEn": "Passenger cars and light trucks", "memberNameFr": "Automobiles et camions l\u00e9gers", "classificationCode": "C191", "classificationTypeCode": "20", "geoLevel": null, "vintage": null, "terminated": 0, "memberUomCode": null}, {"memberId": 93, "parentMemberId": 92, "memberNameEn": "Passenger cars and light trucks", "memberNameFr": "Automobiles et camions l\u00e9gers", "classificationCode": "411", "classificationTypeCode": "20", "geoLevel": null, "vintage": null, "terminated": 0, "memberUomCode": null}, {"memberId": 94, "parentMemberId": 91, "memberNameEn": "Medium and heavy trucks, buses and other motor vehicles", "memberNameFr": "Camions lourds et de poids moyen, autobus et autres v\u00e9hicules automobiles", "classificationCode": "C192", "classificationTypeCode": "20", "geoLevel": null, "vintage": null, "terminated": 0, "memberUomCode": null}, {"memberId": 95, "parentMemberId": 94, "memberNameEn": "Medium and heavy trucks, buses and other motor vehicles", "memberNameFr": "Camions lourds et de poids moyen, autobus et autres v\u00e9hicules automobiles", "classificationCode": "412", "classificationTypeCode": "20", "geoLevel": null, "vintage": null, "terminated": 0, "memberUomCode": null}, {"memberId": 96, "parentMemberId": 91, "memberNameEn": "Tires, motor vehicle engines and motor vehicle parts", "memberNameFr": "Pneus, moteurs et pi\u00e8ces d'automobiles", "classificationCode": "C193", "classificationTypeCode": "20", "geoLevel": null, "vintage": null, "terminated": 0, "memberUomCode": null}, {"memberId": 97, "parentMemberId": 96, "memberNameEn": "Tires", "memberNameFr": "Pneus", "classificationCode": "283", "classificationTypeCode": "20", "geoLevel": null, "vintage": null, "terminated": 0, "memberUomCode": null}, {"memberId": 98, "parentMemberId": 96, "memberNameEn": "Motor vehicle engines and motor vehicle parts", "memberNameFr": "Moteurs et pi\u00e8ces d'automobiles", "classificationCode": "413", "classificationTypeCode": "20", "geoLevel": null, "vintage": null, "terminated": 0, "memberUomCode": null}, {"memberId": 99, "parentMemberId": 1, "memberNameEn": "Aircraft and other transportation equipment and parts", "memberNameFr": "A\u00e9ronefs et autres mat\u00e9riel et pi\u00e8ces de transport", "classificationCode": "C21", "classificationTypeCode": "20", "geoLevel": null, "vintage": null, "terminated": 0, "memberUomCode": null}, {"memberId": 100, "parentMemberId": 99, "memberNameEn": "Aircraft, aircraft engines and aircraft parts", "memberNameFr": "A\u00e9ronefs, moteurs et pi\u00e8ces d'a\u00e9ronefs", "classificationCode": "C211", "classificationTypeCode": "20", "geoLevel": null, "vintage": null, "terminated": 0, "memberUomCode": null}, {"memberId": 101, "parentMemberId": 100, "memberNameEn": "Aircraft", "memberNameFr": "A\u00e9ronefs", "classificationCode": "421", "classificationTypeCode": "20", "geoLevel": null, "vintage": null, "terminated": 0, "memberUomCode": null}, {"memberId": 102, "parentMemberId": 100, "memberNameEn": "Aircraft engines and aircraft parts", "memberNameFr": "Moteurs et pi\u00e8ces d'a\u00e9ronefs", "classificationCode": "431", "classificationTypeCode": "20", "geoLevel": null, "vintage": null, "terminated": 0, "memberUomCode": null}, {"memberId": 103, "parentMemberId": 99, "memberNameEn": "Other transportation equipment and parts", "memberNameFr": "Autres mat\u00e9riel de transport et pi\u00e8ces", "classificationCode": "C212", "classificationTypeCode": "20", "geoLevel": null, "vintage": null, "terminated": 0, "memberUomCode": null}, {"memberId": 104, "parentMemberId": 103, "memberNameEn": "Ships, locomotives, railway rolling stock, and rapid transit equipment", "memberNameFr": "Navires, locomotives, mat\u00e9riel roulant de chemin de fer et de transport rapide", "classificationCode": "441", "classificationTypeCode": "20", "geoLevel": null, "vintage": null, "terminated": 0, "memberUomCode": null}, {"memberId": 105, "parentMemberId": 103, "memberNameEn": "Boats and other personal transportation equipment", "memberNameFr": "Bateaux de plaisance et autres moyens de transport personnel", "classificationCode": "442", "classificationTypeCode": "20", "geoLevel": null, "vintage": null, "terminated": 0, "memberUomCode": null}, {"memberId": 106, "parentMemberId": 103, "memberNameEn": "Parts of railway rolling stock and of other transportation equipment", "memberNameFr": "Pi\u00e8ces pour mat\u00e9riel roulant de chemin de fer et pour autre mat\u00e9riel de transport", "classificationCode": "451", "classificationTypeCode": "20", "geoLevel": null, "vintage": null, "terminated": 0, "memberUomCode": null}, {"memberId": 107, "parentMemberId": 1, "memberNameEn": "Consumer goods", "memberNameFr": "Biens de consommation", "classificationCode": "C22", "classificationTypeCode": "20", "geoLevel": null, "vintage": null, "terminated": 0, "memberUomCode": null}, {"memberId": 108, "parentMemberId": 107, "memberNameEn": "Food,  beverage and tobacco products", "memberNameFr": "Aliments, boissons et produits du tabac", "classificationCode": "C221", "classificationTypeCode": "20", "geoLevel": null, "vintage": null, "terminated": 0, "memberUomCode": null}, {"memberId": 109, "parentMemberId": 108, "memberNameEn": "Meat products", "memberNameFr": "Produits de viande", "classificationCode": "172", "classificationTypeCode": "20", "geoLevel": null, "vintage": null, "terminated": 0, "memberUomCode": null}, {"memberId": 110, "parentMemberId": 108, "memberNameEn": "Prepared and packaged seafood products", "memberNameFr": "Produits de la mer pr\u00e9par\u00e9s et emball\u00e9s", "classificationCode": "171", "classificationTypeCode": "20", "geoLevel": null, "vintage": null, "terminated": 0, "memberUomCode": null}, {"memberId": 111, "parentMemberId": 108, "memberNameEn": "Dairy products", "memberNameFr": "Produits laitiers", "classificationCode": "173", "classificationTypeCode": "20", "geoLevel": null, "vintage": null, "terminated": 0, "memberUomCode": null}, {"memberId": 112, "parentMemberId": 108, "memberNameEn": "Bottled water, carbonated soft drinks, and other beverages, ice", "memberNameFr": "Eau, boissons gazeuses et autres boissons embouteill\u00e9es, glace", "classificationCode": "193", "classificationTypeCode": "20", "geoLevel": null, "vintage": null, "terminated": 0, "memberUomCode": null}, {"memberId": 113, "parentMemberId": 108, "memberNameEn": "Fresh, frozen and canned fruit and vegetable juices, frozen fruit", "memberNameFr": "Jus de fruits et de l\u00e9gumes, frais, congel\u00e9s et en conserve, fruits congel\u00e9s", "classificationCode": "192", "classificationTypeCode": "20", "geoLevel": null, "vintage": null, "terminated": 0, "memberUomCode": null}, {"memberId": 114, "parentMemberId": 108, "memberNameEn": "Coffee and tea", "memberNameFr": "Caf\u00e9 et th\u00e9", "classificationCode": "191", "classificationTypeCode": "20", "geoLevel": null, "vintage": null, "terminated": 0, "memberUomCode": null}, {"memberId": 115, "parentMemberId": 108, "memberNameEn": "Other food products", "memberNameFr": "Autres produits alimentaires", "classificationCode": "183", "classificationTypeCode": "20", "geoLevel": null, "vintage": null, "terminated": 0, "memberUomCode": null}, {"memberId": 116, "parentMemberId": 108, "memberNameEn": "Alcoholic beverages", "memberNameFr": "Boissons alcoolis\u00e9es", "classificationCode": "211", "classificationTypeCode": "20", "geoLevel": null, "vintage": null, "terminated": 0, "memberUomCode": null}, {"memberId": 117, "parentMemberId": 108, "memberNameEn": "Tobacco products", "memberNameFr": "Produits du tabac", "classificationCode": "212", "classificationTypeCode": "20", "geoLevel": null, "vintage": null, "terminated": 0, "memberUomCode": null}, {"memberId": 118, "parentMemberId": 108, "memberNameEn": "Animal feed", "memberNameFr": "Aliments pour animaux", "classificationCode": "181", "classificationTypeCode": "20", "geoLevel": null, "vintage": null, "terminated": 0, "memberUomCode": null}, {"memberId": 119, "parentMemberId": 107, "memberNameEn": "Clothing, footwear and textile products", "memberNameFr": "V\u00eatements, chaussures et produits textiles", "classificationCode": "C222", "classificationTypeCode": "20", "geoLevel": null, "vintage": null, "terminated": 0, "memberUomCode": null}, {"memberId": 120, "parentMemberId": 119, "memberNameEn": "Clothing, footwear and accessories", "memberNameFr": "V\u00eatements, chaussures et accessoires", "classificationCode": "231", "classificationTypeCode": "20", "geoLevel": null, "vintage": null, "terminated": 0, "memberUomCode": null}, {"memberId": 121, "parentMemberId": 119, "memberNameEn": "Fabric, fibre and yarn, leather and dressed furs", "memberNameFr": "Tissu, fibres et fil\u00e9s, cuir et fourrures appr\u00eat\u00e9es", "classificationCode": "221", "classificationTypeCode": "20", "geoLevel": null, "vintage": null, "terminated": 0, "memberUomCode": null}, {"memberId": 122, "parentMemberId": 119, "memberNameEn": "Carpets, textile furnishings and other textile products", "memberNameFr": "Tapis, textiles domestiques et autres produits textiles", "classificationCode": "232", "classificationTypeCode": "20", "geoLevel": null, "vintage": null, "terminated": 0, "memberUomCode": null}, {"memberId": 123, "parentMemberId": 107, "memberNameEn": "Paper and published products", "memberNameFr": "Produits du papier et produits publi\u00e9s", "classificationCode": "C223", "classificationTypeCode": "20", "geoLevel": null, "vintage": null, "terminated": 0, "memberUomCode": null}, {"memberId": 124, "parentMemberId": 123, "memberNameEn": "Converted paper and paper products", "memberNameFr": "Papier et produits en papier transform\u00e9s", "classificationCode": "252", "classificationTypeCode": "20", "geoLevel": null, "vintage": null, "terminated": 0, "memberUomCode": null}, {"memberId": 125, "parentMemberId": 123, "memberNameEn": "Published products and recorded and unrecorded media", "memberNameFr": "Produits publi\u00e9s et supports enregistr\u00e9s et non enregistr\u00e9s", "classificationCode": "461", "classificationTypeCode": "20", "geoLevel": null, "vintage": null, "terminated": 0, "memberUomCode": null}, {"memberId": 126, "parentMemberId": 107, "memberNameEn": "Pharmaceutical and medicinal products", "memberNameFr": "Produits pharmaceutiques et m\u00e9dicinaux", "classificationCode": "C224", "classificationTypeCode": "20", "geoLevel": null, "vintage": null, "terminated": 0, "memberUomCode": null}, {"memberId": 127, "parentMemberId": 126, "memberNameEn": "Pharmaceutical and medicinal products", "memberNameFr": "Produits pharmaceutiques et m\u00e9dicinaux", "classificationCode": "273", "classificationTypeCode": "20", "geoLevel": null, "vintage": null, "terminated": 0, "memberUomCode": null}, {"memberId": 128, "parentMemberId": 107, "memberNameEn": "Furniture and fixtures", "memberNameFr": "Meubles et articles d'ameublement", "classificationCode": "C225", "classificationTypeCode": "20", "geoLevel": null, "vintage": null, "terminated": 0, "memberUomCode": null}, {"memberId": 129, "parentMemberId": 128, "memberNameEn": "Furniture and fixtures", "memberNameFr": "Meubles et articles d'ameublement", "classificationCode": "391", "classificationTypeCode": "20", "geoLevel": null, "vintage": null, "terminated": 0, "memberUomCode": null}, {"memberId": 130, "parentMemberId": 107, "memberNameEn": "Cleaning products, appliances, and miscellaneous goods and supplies", "memberNameFr": "Produits nettoyants, appareils \u00e9lectrom\u00e9nagers, et biens et fournitures divers", "classificationCode": "C226", "classificationTypeCode": "20", "geoLevel": null, "vintage": null, "terminated": 0, "memberUomCode": null}, {"memberId": 131, "parentMemberId": 130, "memberNameEn": "Appliances", "memberNameFr": "Appareils \u00e9lectrom\u00e9nagers", "classificationCode": "382", "classificationTypeCode": "20", "geoLevel": null, "vintage": null, "terminated": 0, "memberUomCode": null}, {"memberId": 132, "parentMemberId": 130, "memberNameEn": "Cleaning products and toiletries", "memberNameFr": "Produits nettoyants et produits de toilette", "classificationCode": "274", "classificationTypeCode": "20", "geoLevel": null, "vintage": null, "terminated": 0, "memberUomCode": null}, {"memberId": 133, "parentMemberId": 130, "memberNameEn": "Miscellaneous goods and supplies", "memberNameFr": "Biens et fournitures divers", "classificationCode": "475", "classificationTypeCode": "20", "geoLevel": null, "vintage": null, "terminated": 0, "memberUomCode": null}, {"memberId": 134, "parentMemberId": 1, "memberNameEn": "Special transactions trade", "memberNameFr": "Transactions sp\u00e9ciales commerciales", "classificationCode": "C23", "classificationTypeCode": "20", "geoLevel": null, "vintage": null, "terminated": 0, "memberUomCode": null}, {"memberId": 135, "parentMemberId": 134, "memberNameEn": "Special transactions trade", "memberNameFr": "Transactions sp\u00e9ciales commerciales", "classificationCode": "C231", "classificationTypeCode": "20", "geoLevel": null, "vintage": null, "terminated": 0, "memberUomCode": null}, {"memberId": 136, "parentMemberId": 135, "memberNameEn": "Special transactions trade", "memberNameFr": "Transactions commerciales sp\u00e9ciales", "classificationCode": "811", "classificationTypeCode": "20", "geoLevel": null, "vintage": null, "terminated": 0, "memberUomCode": null}, {"memberId": 137, "parentMemberId": 1, "memberNameEn": "Other balance of payments adjustments", "memberNameFr": "Autres ajustements de la balance des paiements", "classificationCode": "C24", "classificationTypeCode": "20", "geoLevel": null, "vintage": null, "terminated": 0, "memberUomCode": null}, {"memberId": 138, "parentMemberId": 137, "memberNameEn": "Other balance of payments adjustments", "memberNameFr": "Autres ajustements de la balance des paiements", "classificationCode": "C241", "classificationTypeCode": "20", "geoLevel": null, "vintage": null, "terminated": 0, "memberUomCode": null}, {"memberId": 139, "parentMemberId": 138, "memberNameEn": "Other balance of payments adjustments", "memberNameFr": "Autres ajustements de la balance des paiements", "classificationCode": "911", "classificationTypeCode": "20", "geoLevel": null, "vintage": null, "terminated": 0, "memberUomCode": null}]}, {"dimensionPositionId": 6, "dimensionNameEn": "Release", "dimensionNameFr": "Diffusion", "hasUom": true, "member": [{"memberId": 45, "parentMemberId": null, "memberNameEn": "November 02, 2018", "memberNameFr": "02 novembre 2018", "classificationCode": null, "classificationTypeCode": null, "geoLevel": null, "vintage": null, "terminated": 0, "memberUomCode": 81}, {"memberId": 44, "parentMemberId": null, "memberNameEn": "October 05, 2018", "memberNameFr": "05 octobre 2018", "classificationCode": null, "classificationTypeCode": null, "geoLevel": null, "vintage": null, "terminated": 0, "memberUomCode": 81}, {"memberId": 43, "parentMemberId": null, "memberNameEn": "September 05, 2018", "memberNameFr": "05 septembre 2018", "classificationCode": null, "classificationTypeCode": null, "geoLevel": null, "vintage": null, "terminated": 0, "memberUomCode": 81}, {"memberId": 42, "parentMemberId": null, "memberNameEn": "August 03, 2018", "memberNameFr": "03 ao\u00fbt 2018", "classificationCode": null, "classificationTypeCode": null, "geoLevel": null, "vintage": null, "terminated": 0, "memberUomCode": 81}, {"memberId": 41, "parentMemberId": null, "memberNameEn": "July 06, 2018", "memberNameFr": "06 juillet 2018", "classificationCode": null, "classificationTypeCode": null, "geoLevel": null, "vintage": null, "terminated": 0, "memberUomCode": 81}, {"memberId": 40, "parentMemberId": null, "memberNameEn": "June 06, 2018", "memberNameFr": "06 juin 2018", "classificationCode": null, "classificationTypeCode": null, "geoLevel": null, "vintage": null, "terminated": 0, "memberUomCode": 81}, {"memberId": 39, "parentMemberId": null, "memberNameEn": "May 03, 2018", "memberNameFr": "03 mai 2018", "classificationCode": null, "classificationTypeCode": null, "geoLevel": null, "vintage": null, "terminated": 0, "memberUomCode": 81}, {"memberId": 38, "parentMemberId": null, "memberNameEn": "April 5, 2018", "memberNameFr": "5 avril 2018", "classificationCode": null, "classificationTypeCode": null, "geoLevel": null, "vintage": null, "terminated": 0, "memberUomCode": 81}, {"memberId": 37, "parentMemberId": null, "memberNameEn": "March 7, 2018", "memberNameFr": "7 mars 2018", "classificationCode": null, "classificationTypeCode": null, "geoLevel": null, "vintage": null, "terminated": 0, "memberUomCode": 81}, {"memberId": 36, "parentMemberId": null, "memberNameEn": "February 6, 2018", "memberNameFr": "6 f\u00e9vrier 2018", "classificationCode": null, "classificationTypeCode": null, "geoLevel": null, "vintage": null, "terminated": 0, "memberUomCode": 81}, {"memberId": 35, "parentMemberId": null, "memberNameEn": "January 5, 2018", "memberNameFr": "5 janvier 2018", "classificationCode": null, "classificationTypeCode": null, "geoLevel": null, "vintage": null, "terminated": 0, "memberUomCode": 81}, {"memberId": 34, "parentMemberId": null, "memberNameEn": "December 5, 2017", "memberNameFr": "5 d\u00e9cembre 2017", "classificationCode": null, "classificationTypeCode": null, "geoLevel": null, "vintage": null, "terminated": 0, "memberUomCode": 81}, {"memberId": 33, "parentMemberId": null, "memberNameEn": "November 3, 2017", "memberNameFr": "3 novembre 2017", "classificationCode": null, "classificationTypeCode": null, "geoLevel": null, "vintage": null, "terminated": 0, "memberUomCode": 81}, {"memberId": 32, "parentMemberId": null, "memberNameEn": "October 5, 2017", "memberNameFr": "5 octobre 2017", "classificationCode": null, "classificationTypeCode": null, "geoLevel": null, "vintage": null, "terminated": 0, "memberUomCode": 81}, {"memberId": 31, "parentMemberId": null, "memberNameEn": "September 6, 2017", "memberNameFr": "6 septembre 2017", "classificationCode": null, "classificationTypeCode": null, "geoLevel": null, "vintage": null, "terminated": 0, "memberUomCode": 81}, {"memberId": 30, "parentMemberId": null, "memberNameEn": "August 4, 2017", "memberNameFr": "4 ao\u00fbt 2017", "classificationCode": null, "classificationTypeCode": null, "geoLevel": null, "vintage": null, "terminated": 0, "memberUomCode": 81}, {"memberId": 29, "parentMemberId": null, "memberNameEn": "July 6, 2017", "memberNameFr": "6 juillet 2017", "classificationCode": null, "classificationTypeCode": null, "geoLevel": null, "vintage": null, "terminated": 0, "memberUomCode": 81}, {"memberId": 28, "parentMemberId": null, "memberNameEn": "June 2, 2017", "memberNameFr": "2 juin 2017", "classificationCode": null, "classificationTypeCode": null, "geoLevel": null, "vintage": null, "terminated": 0, "memberUomCode": 81}, {"memberId": 27, "parentMemberId": null, "memberNameEn": "May 4, 2017", "memberNameFr": "4 mai 2017", "classificationCode": null, "classificationTypeCode": null, "geoLevel": null, "vintage": null, "terminated": 0, "memberUomCode": 81}, {"memberId": 26, "parentMemberId": null, "memberNameEn": "April 4, 2017", "memberNameFr": "4 avril 2017", "classificationCode": null, "classificationTypeCode": null, "geoLevel": null, "vintage": null, "terminated": 0, "memberUomCode": 81}, {"memberId": 25, "parentMemberId": null, "memberNameEn": "March 7, 2017", "memberNameFr": "7 mars 2017", "classificationCode": null, "classificationTypeCode": null, "geoLevel": null, "vintage": null, "terminated": 0, "memberUomCode": 81}, {"memberId": 24, "parentMemberId": null, "memberNameEn": "February 7, 2017", "memberNameFr": "7 f\u00e9vrier 2017", "classificationCode": null, "classificationTypeCode": null, "geoLevel": null, "vintage": null, "terminated": 0, "memberUomCode": 81}, {"memberId": 23, "parentMemberId": null, "memberNameEn": "January 6, 2017", "memberNameFr": "6 janvier 2017", "classificationCode": null, "classificationTypeCode": null, "geoLevel": null, "vintage": null, "terminated": 0, "memberUomCode": 81}, {"memberId": 22, "parentMemberId": null, "memberNameEn": "December 6, 2016", "memberNameFr": "6 d\u00e9cembre 2016", "classificationCode": null, "classificationTypeCode": null, "geoLevel": null, "vintage": null, "terminated": 0, "memberUomCode": 81}, {"memberId": 21, "parentMemberId": null, "memberNameEn": "November 4, 2016", "memberNameFr": "4 novembre 2016", "classificationCode": null, "classificationTypeCode": null, "geoLevel": null, "vintage": null, "terminated": 0, "memberUomCode": 81}, {"memberId": 20, "parentMemberId": null, "memberNameEn": "October 5, 2016", "memberNameFr": "5 octobre 2016", "classificationCode": null, "classificationTypeCode": null, "geoLevel": null, "vintage": null, "terminated": 0, "memberUomCode": 81}, {"memberId": 19, "parentMemberId": null, "memberNameEn": "September 2, 2016", "memberNameFr": "2 septembre 2016", "classificationCode": null, "classificationTypeCode": null, "geoLevel": null, "vintage": null, "terminated": 0, "memberUomCode": 81}, {"memberId": 18, "parentMemberId": null, "memberNameEn": "August 5, 2016", "memberNameFr": "5 ao\u00fbt 2016", "classificationCode": null, "classificationTypeCode": null, "geoLevel": null, "vintage": null, "terminated": 0, "memberUomCode": 81}, {"memberId": 17, "parentMemberId": null, "memberNameEn": "July 6, 2016", "memberNameFr": "6 juillet 2016", "classificationCode": null, "classificationTypeCode": null, "geoLevel": null, "vintage": null, "terminated": 0, "memberUomCode": 81}, {"memberId": 16, "parentMemberId": null, "memberNameEn": "June 3, 2016", "memberNameFr": "3 juin 2016", "classificationCode": null, "classificationTypeCode": null, "geoLevel": null, "vintage": null, "terminated": 0, "memberUomCode": 81}, {"memberId": 15, "parentMemberId": null, "memberNameEn": "May 4, 2016", "memberNameFr": "4 mai 2016", "classificationCode": null, "classificationTypeCode": null, "geoLevel": null, "vintage": null, "terminated": 0, "memberUomCode": 81}, {"memberId": 14, "parentMemberId": null, "memberNameEn": "April 5, 2016", "memberNameFr": "5 avril 2016", "classificationCode": null, "classificationTypeCode": null, "geoLevel": null, "vintage": null, "terminated": 0, "memberUomCode": 81}, {"memberId": 13, "parentMemberId": null, "memberNameEn": "March 4, 2016", "memberNameFr": "4 mars 2016", "classificationCode": null, "classificationTypeCode": null, "geoLevel": null, "vintage": null, "terminated": 0, "memberUomCode": 81}, {"memberId": 12, "parentMemberId": null, "memberNameEn": "February 5, 2016", "memberNameFr": "5 f\u00e9vrier 2016", "classificationCode": null, "classificationTypeCode": null, "geoLevel": null, "vintage": null, "terminated": 0, "memberUomCode": 81}, {"memberId": 11, "parentMemberId": null, "memberNameEn": "January 6, 2016", "memberNameFr": "6 janvier 2016", "classificationCode": null, "classificationTypeCode": null, "geoLevel": null, "vintage": null, "terminated": 0, "memberUomCode": 81}, {"memberId": 10, "parentMemberId": null, "memberNameEn": "December 4, 2015", "memberNameFr": "4 d\u00e9cembre 2015", "classificationCode": null, "classificationTypeCode": null, "geoLevel": null, "vintage": null, "terminated": 0, "memberUomCode": 81}, {"memberId": 9, "parentMemberId": null, "memberNameEn": "November 4, 2015", "memberNameFr": "4 novembre 2015", "classificationCode": null, "classificationTypeCode": null, "geoLevel": null, "vintage": null, "terminated": 0, "memberUomCode": 81}, {"memberId": 8, "parentMemberId": null, "memberNameEn": "October 6, 2015", "memberNameFr": "6 octobre 2015", "classificationCode": null, "classificationTypeCode": null, "geoLevel": null, "vintage": null, "terminated": 0, "memberUomCode": 81}, {"memberId": 7, "parentMemberId": null, "memberNameEn": "September 3, 2015", "memberNameFr": "3 septembre 2015", "classificationCode": null, "classificationTypeCode": null, "geoLevel": null, "vintage": null, "terminated": 0, "memberUomCode": 81}, {"memberId": 6, "parentMemberId": null, "memberNameEn": "August 5, 2015", "memberNameFr": "5 ao\u00fbt 2015", "classificationCode": null, "classificationTypeCode": null, "geoLevel": null, "vintage": null, "terminated": 0, "memberUomCode": 81}, {"memberId": 5, "parentMemberId": null, "memberNameEn": "July 7, 2015", "memberNameFr": "7 juillet 2015", "classificationCode": null, "classificationTypeCode": null, "geoLevel": null, "vintage": null, "terminated": 0, "memberUomCode": 81}, {"memberId": 4, "parentMemberId": null, "memberNameEn": "June 3, 2015", "memberNameFr": "3 juin 2015", "classificationCode": null, "classificationTypeCode": null, "geoLevel": null, "vintage": null, "terminated": 0, "memberUomCode": 81}, {"memberId": 3, "parentMemberId": null, "memberNameEn": "May 5, 2015", "memberNameFr": "5 mai 2015", "classificationCode": null, "classificationTypeCode": null, "geoLevel": null, "vintage": null, "terminated": 0, "memberUomCode": 81}, {"memberId": 2, "parentMemberId": null, "memberNameEn": "April 2, 2015", "memberNameFr": "2 avril 2015", "classificationCode": null, "classificationTypeCode": null, "geoLevel": null, "vintage": null, "terminated": 0, "memberUomCode": 81}, {"memberId": 1, "parentMemberId": null, "memberNameEn": "March 6, 2015", "memberNameFr": "6 mars 2015", "classificationCode": null, "classificationTypeCode": null, "geoLevel": null, "vintage": null, "terminated": 0, "memberUomCode": 81}]}]