[{"dimensionPositionId": 1, "dimensionNameEn": "Geography", "dimensionNameFr": "G\u00e9ographie", "hasUom": false, "member": [{"memberId": 1, "parentMemberId": null, "memberNameEn": "Canada", "memberNameFr": "Canada", "classificationCode": "11124", "classificationTypeCode": "1", "geoLevel": 0, "vintage": 2016, "terminated": 0, "memberUomCode": null}]}, {"dimensionPositionId": 2, "dimensionNameEn": "Trade", "dimensionNameFr": "Commerce", "hasUom": true, "member": [{"memberId": 1, "parentMemberId": null, "memberNameEn": "Exports (receipts)", "memberNameFr": "Exportations (recettes)", "classificationCode": null, "classificationTypeCode": null, "geoLevel": null, "vintage": null, "terminated": 0, "memberUomCode": 81}, {"memberId": 2, "parentMemberId": null, "memberNameEn": "Imports (payments)", "memberNameFr": "Importations (paiements)", "classificationCode": null, "classificationTypeCode": null, "geoLevel": null, "vintage": null, "terminated": 0, "memberUomCode": 81}, {"memberId": 3, "parentMemberId": null, "memberNameEn": "Balances", "memberNameFr": "Soldes", "classificationCode": null, "classificationTypeCode": null, "geoLevel": null, "vintage": null, "terminated": 0, "memberUomCode": 81}]}, {"dimensionPositionId": 3, "dimensionNameEn": "Trade partners", "dimensionNameFr": "Partenaires commerciaux", "hasUom": false, "member": [{"memberId": 1, "parentMemberId": null, "memberNameEn": "All countries", "memberNameFr": "Tous les pays", "classificationCode": null, "classificationTypeCode": null, "geoLevel": null, "vintage": null, "terminated": 0, "memberUomCode": null}, {"memberId": 2, "parentMemberId": 1, "memberNameEn": "United States", "memberNameFr": "\u00c9tats-Unis", "classificationCode": null, "classificationTypeCode": null, "geoLevel": null, "vintage": null, "terminated": 0, "memberUomCode": null}, {"memberId": 3, "parentMemberId": 1, "memberNameEn": "European Union countries", "memberNameFr": "Pays de l'Union europ\u00e9enne", "classificationCode": null, "classificationTypeCode": null, "geoLevel": null, "vintage": null, "terminated": 0, "memberUomCode": null}, {"memberId": 4, "parentMemberId": 1, "memberNameEn": "All other countries", "memberNameFr": "Tous les autres pays", "classificationCode": null, "classificationTypeCode": null, "geoLevel": null, "vintage": null, "terminated": 0, "memberUomCode": null}]}, {"dimensionPositionId": 4, "dimensionNameEn": "Affiliation", "dimensionNameFr": "Affiliation", "hasUom": false, "member": [{"memberId": 1, "parentMemberId": null, "memberNameEn": "All transactions", "memberNameFr": "Toutes les transactions", "classificationCode": null, "classificationTypeCode": null, "geoLevel": null, "vintage": null, "terminated": 0, "memberUomCode": null}, {"memberId": 2, "parentMemberId": null, "memberNameEn": "Transactions with affiliated parties", "memberNameFr": "Transactions avec les parties affili\u00e9es", "classificationCode": null, "classificationTypeCode": null, "geoLevel": null, "vintage": null, "terminated": 0, "memberUomCode": null}, {"memberId": 3, "parentMemberId": null, "memberNameEn": "Transactions with non-affiliated parties", "memberNameFr": "Transactions avec les parties non-affili\u00e9es", "classificationCode": null, "classificationTypeCode": null, "geoLevel": null, "vintage": null, "terminated": 0, "memberUomCode": null}]}, {"dimensionPositionId": 5, "dimensionNameEn": "Category of information and communication technology (ICT) services", "dimensionNameFr": "Cat\u00e9gories de services des technologies et des communications (TIC)", "hasUom": false, "member": [{"memberId": 1, "parentMemberId": null, "memberNameEn": "Potentially information and communication technology (ICT)-enabled services", "memberNameFr": "Services potentiellement fond\u00e9s sur les services des technologies de l'information et des communications (TIC)", "classificationCode": null, "classificationTypeCode": null, "geoLevel": null, "vintage": null, "terminated": 0, "memberUomCode": null}, {"memberId": 2, "parentMemberId": 1, "memberNameEn": "Information and communication technology (ICT) services", "memberNameFr": "Services des technologies de l'information et des communications (TIC)", "classificationCode": null, "classificationTypeCode": null, "geoLevel": null, "vintage": null, "terminated": 0, "memberUomCode": null}, {"memberId": 3, "parentMemberId": 1, "memberNameEn": "Other potentially information and communication technology (ICT)-enabled services", "memberNameFr": "Autres services potentiellement fond\u00e9s sur les technologies de l'information et des communications (TIC)", "classificationCode": null, "classificationTypeCode": null, "geoLevel": null, "vintage": null, "terminated": 0, "memberUomCode": null}, {"memberId": 4, "parentMemberId": null, "memberNameEn": "Not potentially information and communication technology (ICT)-enabled services", "memberNameFr": "Services non potentiellement fond\u00e9s sur les technologies de l'information et des communications (TIC)", "classificationCode": null, "classificationTypeCode": null, "geoLevel": null, "vintage": null, "terminated": 0, "memberUomCode": null}]}]