[{"dimensionPositionId": 1, "dimensionNameEn": "Geography", "dimensionNameFr": "G\u00e9ographie", "hasUom": false, "member": [{"memberId": 1, "parentMemberId": null, "memberNameEn": "Canada", "memberNameFr": "Canada", "classificationCode": "11124", "classificationTypeCode": "1", "geoLevel": 0, "vintage": 2016, "terminated": 0, "memberUomCode": null}]}, {"dimensionPositionId": 2, "dimensionNameEn": "Type of commodity", "dimensionNameFr": "Type de marchandise", "hasUom": true, "member": [{"memberId": 1, "parentMemberId": null, "memberNameEn": "Total, volume index", "memberNameFr": "Total, indice de volume", "classificationCode": null, "classificationTypeCode": null, "geoLevel": null, "vintage": null, "terminated": 0, "memberUomCode": 165}, {"memberId": 2, "parentMemberId": 1, "memberNameEn": "Live animals", "memberNameFr": "Animaux vivants", "classificationCode": null, "classificationTypeCode": null, "geoLevel": null, "vintage": null, "terminated": 0, "memberUomCode": 165}, {"memberId": 3, "parentMemberId": 1, "memberNameEn": "Food, feed, beverages and tobacco", "memberNameFr": "Aliments, provendes, boissons et tabacs", "classificationCode": null, "classificationTypeCode": null, "geoLevel": null, "vintage": null, "terminated": 0, "memberUomCode": 165}, {"memberId": 4, "parentMemberId": 1, "memberNameEn": "Crude materials, inedible", "memberNameFr": "Mati\u00e8res brutes, non comestibles", "classificationCode": null, "classificationTypeCode": null, "geoLevel": null, "vintage": null, "terminated": 0, "memberUomCode": 165}, {"memberId": 5, "parentMemberId": 1, "memberNameEn": "Fabricated materials, inedible", "memberNameFr": "Mati\u00e8res travaill\u00e9es, non comestibles", "classificationCode": null, "classificationTypeCode": null, "geoLevel": null, "vintage": null, "terminated": 0, "memberUomCode": 165}, {"memberId": 6, "parentMemberId": 1, "memberNameEn": "End products, inedible", "memberNameFr": "Produits finis, non comestibles", "classificationCode": null, "classificationTypeCode": null, "geoLevel": null, "vintage": null, "terminated": 0, "memberUomCode": 165}]}, {"dimensionPositionId": 3, "dimensionNameEn": "Imports and exports", "dimensionNameFr": "Importations et exportations", "hasUom": false, "member": [{"memberId": 1, "parentMemberId": null, "memberNameEn": "Imports", "memberNameFr": "Importations", "classificationCode": null, "classificationTypeCode": null, "geoLevel": null, "vintage": null, "terminated": 0, "memberUomCode": null}, {"memberId": 2, "parentMemberId": null, "memberNameEn": "Exports", "memberNameFr": "Exportations", "classificationCode": null, "classificationTypeCode": null, "geoLevel": null, "vintage": null, "terminated": 0, "memberUomCode": null}]}, {"dimensionPositionId": 4, "dimensionNameEn": "Seasonal adjustment", "dimensionNameFr": "D\u00e9saisonnalisation", "hasUom": false, "member": [{"memberId": 1, "parentMemberId": null, "memberNameEn": "Unadjusted", "memberNameFr": "Non d\u00e9saisonnalis\u00e9es", "classificationCode": null, "classificationTypeCode": null, "geoLevel": null, "vintage": null, "terminated": 0, "memberUomCode": null}, {"memberId": 2, "parentMemberId": null, "memberNameEn": "Seasonally adjusted", "memberNameFr": "D\u00e9saisonnalis\u00e9es", "classificationCode": null, "classificationTypeCode": null, "geoLevel": null, "vintage": null, "terminated": 0, "memberUomCode": null}]}]