[{"dimensionPositionId": 1, "dimensionNameEn": "Geography", "dimensionNameFr": "G\u00e9ographie", "hasUom": false, "member": [{"memberId": 1, "parentMemberId": null, "memberNameEn": "Canada", "memberNameFr": "Canada", "classificationCode": "11124", "classificationTypeCode": "1", "geoLevel": 0, "vintage": 2016, "terminated": 0, "memberUomCode": null}]}, {"dimensionPositionId": 2, "dimensionNameEn": "Trading area", "dimensionNameFr": "March\u00e9", "hasUom": false, "member": [{"memberId": 1, "parentMemberId": null, "memberNameEn": "All countries", "memberNameFr": "Ensemble des pays", "classificationCode": null, "classificationTypeCode": null, "geoLevel": null, "vintage": null, "terminated": 0, "memberUomCode": null}, {"memberId": 2, "parentMemberId": null, "memberNameEn": "United States", "memberNameFr": "\u00c9tats-Unis", "classificationCode": null, "classificationTypeCode": null, "geoLevel": null, "vintage": null, "terminated": 0, "memberUomCode": null}]}, {"dimensionPositionId": 3, "dimensionNameEn": "Weighting", "dimensionNameFr": "Pond\u00e9ration", "hasUom": false, "member": [{"memberId": 1, "parentMemberId": null, "memberNameEn": "Paasche current weighted", "memberNameFr": "Pond\u00e9ration courante Paasche", "classificationCode": null, "classificationTypeCode": null, "geoLevel": null, "vintage": null, "terminated": 0, "memberUomCode": null}, {"memberId": 2, "parentMemberId": null, "memberNameEn": "Laspeyres fixed weighted", "memberNameFr": "Pond\u00e9ration fixe Laspeyres", "classificationCode": null, "classificationTypeCode": null, "geoLevel": null, "vintage": null, "terminated": 0, "memberUomCode": null}]}, {"dimensionPositionId": 4, "dimensionNameEn": "Import and export major groups and Standard International Trade Classification (SITC revision 3)", "dimensionNameFr": "Importation et exportation, groupes principaux de marchandise et selon la Classification type pour le commerce international (CTCI r\u00e9vision 3)", "hasUom": true, "member": [{"memberId": 1, "parentMemberId": null, "memberNameEn": "Imports, total of all merchandise", "memberNameFr": "Importations, total de toutes les marchandises", "classificationCode": null, "classificationTypeCode": null, "geoLevel": null, "vintage": null, "terminated": 0, "memberUomCode": 178}, {"memberId": 2, "parentMemberId": 1, "memberNameEn": "Imports, Section 1 Live animals", "memberNameFr": "Importations, section 1 Animaux vivants", "classificationCode": null, "classificationTypeCode": null, "geoLevel": null, "vintage": null, "terminated": 0, "memberUomCode": 178}, {"memberId": 3, "parentMemberId": 1, "memberNameEn": "Imports, Section 2 Food, feed, beverages and tobacco", "memberNameFr": "Importations, section 2 Aliments, provendes, boissons et tabacs", "classificationCode": null, "classificationTypeCode": null, "geoLevel": null, "vintage": null, "terminated": 0, "memberUomCode": 178}, {"memberId": 4, "parentMemberId": 3, "memberNameEn": "Imports, Major group 2.1 Meat and meat preparations", "memberNameFr": "Importations, groupe principal 2.1 Viandes et pr\u00e9parations de viandes", "classificationCode": null, "classificationTypeCode": null, "geoLevel": null, "vintage": null, "terminated": 0, "memberUomCode": 178}, {"memberId": 5, "parentMemberId": 3, "memberNameEn": "Imports, Major group 2.2 Fish and marine animals", "memberNameFr": "Importations, groupe principal 2.2 Poisson et animaux marins", "classificationCode": null, "classificationTypeCode": null, "geoLevel": null, "vintage": null, "terminated": 0, "memberUomCode": 178}, {"memberId": 6, "parentMemberId": 3, "memberNameEn": "Imports, Major group 2.3 Fresh fruits and berries", "memberNameFr": "Importations, groupe principal 2.3 Fruits frais et baies", "classificationCode": null, "classificationTypeCode": null, "geoLevel": null, "vintage": null, "terminated": 0, "memberUomCode": 178}, {"memberId": 7, "parentMemberId": 3, "memberNameEn": "Imports, Major group 2.4 Dried fruits, fruits and fruit preparations", "memberNameFr": "Importations, groupe principal 2.4 Fruits s\u00e9ch\u00e9s, fruits et pr\u00e9parations \u00e0 base de fruits", "classificationCode": null, "classificationTypeCode": null, "geoLevel": null, "vintage": null, "terminated": 0, "memberUomCode": 178}, {"memberId": 8, "parentMemberId": 3, "memberNameEn": "Imports, Major group 2.5 Fresh vegetables", "memberNameFr": "Importations, groupe principal 2.5 L\u00e9gumes frais", "classificationCode": null, "classificationTypeCode": null, "geoLevel": null, "vintage": null, "terminated": 0, "memberUomCode": 178}, {"memberId": 9, "parentMemberId": 3, "memberNameEn": "Imports, Major group 2.6 Other vegetables and vegetable preparations", "memberNameFr": "Importations, groupe principal 2.6 Autres l\u00e9gumes et pr\u00e9parations \u00e0 base de l\u00e9gumes", "classificationCode": null, "classificationTypeCode": null, "geoLevel": null, "vintage": null, "terminated": 0, "memberUomCode": 178}, {"memberId": 10, "parentMemberId": 3, "memberNameEn": "Imports, Major group 2.7 Cocoa, coffee, tea and other food preparations", "memberNameFr": "Importations, groupe principal 2.7 Cacao, caf\u00e9, th\u00e9 et autres mati\u00e8res alimentaires", "classificationCode": null, "classificationTypeCode": null, "geoLevel": null, "vintage": null, "terminated": 0, "memberUomCode": 178}, {"memberId": 11, "parentMemberId": 3, "memberNameEn": "Imports, Major group 2.8 Dairy produce, eggs and honey", "memberNameFr": "Importations, groupe principal 2.8 Produits laitiers, oeufs et miel", "classificationCode": null, "classificationTypeCode": null, "geoLevel": null, "vintage": null, "terminated": 0, "memberUomCode": 178}, {"memberId": 12, "parentMemberId": 3, "memberNameEn": "Imports, Major group 2.9 Corn (maize) shelled", "memberNameFr": "Importations, groupe principal 2.9 Bl\u00e9 d'Inde (ma\u00efs) \u00e9gren\u00e9", "classificationCode": null, "classificationTypeCode": null, "geoLevel": null, "vintage": null, "terminated": 0, "memberUomCode": 178}, {"memberId": 13, "parentMemberId": 3, "memberNameEn": "Imports, Major group 2.10 Other cereals and cereal preparations", "memberNameFr": "Importations, groupe principal 2.10 Autres c\u00e9r\u00e9ales et pr\u00e9parations c\u00e9r\u00e9ali\u00e8res", "classificationCode": null, "classificationTypeCode": null, "geoLevel": null, "vintage": null, "terminated": 0, "memberUomCode": 178}, {"memberId": 14, "parentMemberId": 3, "memberNameEn": "Imports, Major group 2.11 Sugar and sugar preparations", "memberNameFr": "Importations, groupe principal 2.11 Sucre et pr\u00e9parations \u00e0 base de sucre", "classificationCode": null, "classificationTypeCode": null, "geoLevel": null, "vintage": null, "terminated": 0, "memberUomCode": 178}, {"memberId": 15, "parentMemberId": 3, "memberNameEn": "Imports, Major group 2.12 Fodder and feed, except unmilled cereals", "memberNameFr": "Importations, groupe principal 2.12 Fourrages et provendes sauf c\u00e9r\u00e9ales non moulues", "classificationCode": null, "classificationTypeCode": null, "geoLevel": null, "vintage": null, "terminated": 0, "memberUomCode": 178}, {"memberId": 16, "parentMemberId": 3, "memberNameEn": "Imports, Major group 2.13 Beverages", "memberNameFr": "Importations, groupe principal 2.13 Boissons", "classificationCode": null, "classificationTypeCode": null, "geoLevel": null, "vintage": null, "terminated": 0, "memberUomCode": 178}, {"memberId": 17, "parentMemberId": 3, "memberNameEn": "Imports, Major group 2.14 Tobacco", "memberNameFr": "Importations, groupe principal 2.14 Tabac", "classificationCode": null, "classificationTypeCode": null, "geoLevel": null, "vintage": null, "terminated": 0, "memberUomCode": 178}, {"memberId": 18, "parentMemberId": 1, "memberNameEn": "Imports, Section 3 Crude materials, inedible", "memberNameFr": "Importations, section 3 Mati\u00e8res brutes, non comestibles", "classificationCode": null, "classificationTypeCode": null, "geoLevel": null, "vintage": null, "terminated": 0, "memberUomCode": 178}, {"memberId": 19, "parentMemberId": 18, "memberNameEn": "Imports, Major group 3.1 Metals in ores, concentrates and scrap", "memberNameFr": "Importations, groupe principal 3.1 Minerais, concentr\u00e9s et d\u00e9chets m\u00e9tallif\u00e8res", "classificationCode": null, "classificationTypeCode": null, "geoLevel": null, "vintage": null, "terminated": 0, "memberUomCode": 178}, {"memberId": 20, "parentMemberId": 18, "memberNameEn": "Imports, Major group 3.2 Coal and other related products", "memberNameFr": "Importations, groupe principal 3.2 Houille et autres produits connexes", "classificationCode": null, "classificationTypeCode": null, "geoLevel": null, "vintage": null, "terminated": 0, "memberUomCode": 178}, {"memberId": 21, "parentMemberId": 18, "memberNameEn": "Imports, Major group 3.3 Crude petroleum", "memberNameFr": "Importations, groupe principal 3.3 P\u00e9trole brut", "classificationCode": null, "classificationTypeCode": null, "geoLevel": null, "vintage": null, "terminated": 0, "memberUomCode": 178}, {"memberId": 22, "parentMemberId": 18, "memberNameEn": "Imports, Major group 3.4 Crude animal products", "memberNameFr": "Importations, groupe principal 3.4 Produits bruts d'origine animale", "classificationCode": null, "classificationTypeCode": null, "geoLevel": null, "vintage": null, "terminated": 0, "memberUomCode": 178}, {"memberId": 23, "parentMemberId": 18, "memberNameEn": "Imports, Major group 3.5 Crude vegetable products", "memberNameFr": "Importations, groupe principal 3.5 Produits v\u00e9g\u00e9taux bruts", "classificationCode": null, "classificationTypeCode": null, "geoLevel": null, "vintage": null, "terminated": 0, "memberUomCode": 178}, {"memberId": 24, "parentMemberId": 18, "memberNameEn": "Imports, Major group 3.6 Crude wood products", "memberNameFr": "Importations, groupe principal 3.6 Mati\u00e8res en bois brut", "classificationCode": null, "classificationTypeCode": null, "geoLevel": null, "vintage": null, "terminated": 0, "memberUomCode": 178}, {"memberId": 25, "parentMemberId": 18, "memberNameEn": "Imports, Major group 3.7 Cotton", "memberNameFr": "Importations, groupe principal 3.7 Coton", "classificationCode": null, "classificationTypeCode": null, "geoLevel": null, "vintage": null, "terminated": 0, "memberUomCode": 178}, {"memberId": 26, "parentMemberId": 18, "memberNameEn": "Imports, Major group 3.8 Wool and man-made fibres", "memberNameFr": "Importations, groupe principal 3.8 Laine et fibres artificielles", "classificationCode": null, "classificationTypeCode": null, "geoLevel": null, "vintage": null, "terminated": 0, "memberUomCode": 178}, {"memberId": 27, "parentMemberId": 18, "memberNameEn": "Imports, Major group 3.9 Crude non-metallic minerals", "memberNameFr": "Importations, groupe principal 3.9 Min\u00e9raux non m\u00e9talliques bruts", "classificationCode": null, "classificationTypeCode": null, "geoLevel": null, "vintage": null, "terminated": 0, "memberUomCode": 178}, {"memberId": 28, "parentMemberId": 1, "memberNameEn": "Imports, Section 4 Fabricated materials, inedible", "memberNameFr": "Importations, section 4 Mati\u00e8res travaill\u00e9es, non comestibles", "classificationCode": null, "classificationTypeCode": null, "geoLevel": null, "vintage": null, "terminated": 0, "memberUomCode": 178}, {"memberId": 29, "parentMemberId": 28, "memberNameEn": "Imports, Major group 4.1 Wood fabricated materials", "memberNameFr": "Importations, groupe principal 4.1 Demi-produits en bois", "classificationCode": null, "classificationTypeCode": null, "geoLevel": null, "vintage": null, "terminated": 0, "memberUomCode": 178}, {"memberId": 30, "parentMemberId": 28, "memberNameEn": "Imports, Major group 4.2 Textile fabricated materials", "memberNameFr": "Importations, groupe principal 4.2 Demi-produits en mati\u00e8res textiles", "classificationCode": null, "classificationTypeCode": null, "geoLevel": null, "vintage": null, "terminated": 0, "memberUomCode": 178}, {"memberId": 31, "parentMemberId": 28, "memberNameEn": "Imports, Major group 4.3 Organic chemicals", "memberNameFr": "Importations, groupe principal 4.3 Produits chimiques organiques", "classificationCode": null, "classificationTypeCode": null, "geoLevel": null, "vintage": null, "terminated": 0, "memberUomCode": 178}, {"memberId": 32, "parentMemberId": 28, "memberNameEn": "Imports, Major group 4.4 Plastic materials", "memberNameFr": "Importations, groupe principal 4.4 Mati\u00e8res plastiques", "classificationCode": null, "classificationTypeCode": null, "geoLevel": null, "vintage": null, "terminated": 0, "memberUomCode": 178}, {"memberId": 33, "parentMemberId": 28, "memberNameEn": "Imports, Major group 4.5 Other chemicals and related products", "memberNameFr": "Importations, groupe principal 4.5 Autres produits chimiques et produits connexes", "classificationCode": null, "classificationTypeCode": null, "geoLevel": null, "vintage": null, "terminated": 0, "memberUomCode": 178}, {"memberId": 34, "parentMemberId": 28, "memberNameEn": "Imports, Major group 4.6 Petroleum and coal products", "memberNameFr": "Importations, groupe principal 4.6 D\u00e9riv\u00e9s du p\u00e9trole et du charbon", "classificationCode": null, "classificationTypeCode": null, "geoLevel": null, "vintage": null, "terminated": 0, "memberUomCode": 178}, {"memberId": 35, "parentMemberId": 28, "memberNameEn": "Imports, Major group 4.7 Steel bars, rods, plates and sheets", "memberNameFr": "Importations, groupe principal 4.7 Barres, tiges, t\u00f4les et feuilles d'acier", "classificationCode": null, "classificationTypeCode": null, "geoLevel": null, "vintage": null, "terminated": 0, "memberUomCode": 178}, {"memberId": 36, "parentMemberId": 28, "memberNameEn": "Imports, Major group 4.8 Other iron and steel products", "memberNameFr": "Importations, groupe principal 4.8 Autres produits de fer et d'acier", "classificationCode": null, "classificationTypeCode": null, "geoLevel": null, "vintage": null, "terminated": 0, "memberUomCode": 178}, {"memberId": 37, "parentMemberId": 28, "memberNameEn": "Imports, Major group 4.9 Precious metals, including alloys", "memberNameFr": "Importations, groupe principal 4.9 M\u00e9taux pr\u00e9cieux, y compris alliages", "classificationCode": null, "classificationTypeCode": null, "geoLevel": null, "vintage": null, "terminated": 0, "memberUomCode": 178}, {"memberId": 38, "parentMemberId": 28, "memberNameEn": "Imports, Major group 4.10 Other non-ferrous metals and alloys", "memberNameFr": "Importations, groupe principal 4.10 Autres m\u00e9taux non ferreux et alliages", "classificationCode": null, "classificationTypeCode": null, "geoLevel": null, "vintage": null, "terminated": 0, "memberUomCode": 178}, {"memberId": 39, "parentMemberId": 28, "memberNameEn": "Imports, Major group 4.11 Metal fabricated basic products", "memberNameFr": "Importations, groupe principal 4.11 Demi-produits de base en m\u00e9tal", "classificationCode": null, "classificationTypeCode": null, "geoLevel": null, "vintage": null, "terminated": 0, "memberUomCode": 178}, {"memberId": 40, "parentMemberId": 28, "memberNameEn": "Imports, Major group 4.12 Rubber fabricated materials", "memberNameFr": "Importations, groupe principal 4.12 Demi-produits en caoutchouc", "classificationCode": null, "classificationTypeCode": null, "geoLevel": null, "vintage": null, "terminated": 0, "memberUomCode": 178}, {"memberId": 41, "parentMemberId": 28, "memberNameEn": "Imports, Major group 4.13 Oils and fats, animal and vegetable", "memberNameFr": "Importations, groupe principal 4.13 Huiles et mati\u00e8res grasses d'origine animale et v\u00e9g\u00e9tale", "classificationCode": null, "classificationTypeCode": null, "geoLevel": null, "vintage": null, "terminated": 0, "memberUomCode": 178}, {"memberId": 42, "parentMemberId": 28, "memberNameEn": "Imports, Major group 4.14 Non-metallic minerals", "memberNameFr": "Importations, groupe principal 4.14 Min\u00e9raux non m\u00e9talliques", "classificationCode": null, "classificationTypeCode": null, "geoLevel": null, "vintage": null, "terminated": 0, "memberUomCode": 178}, {"memberId": 43, "parentMemberId": 28, "memberNameEn": "Imports, Major group 4.15 Other fabricated materials", "memberNameFr": "Importations, groupe principal 4.15 Autres mati\u00e8res travaill\u00e9es, non comestibles", "classificationCode": null, "classificationTypeCode": null, "geoLevel": null, "vintage": null, "terminated": 0, "memberUomCode": 178}, {"memberId": 44, "parentMemberId": 1, "memberNameEn": "Imports, Section 5 End products, inedible", "memberNameFr": "Importations, section 5 Produits finis, non comestibles", "classificationCode": null, "classificationTypeCode": null, "geoLevel": null, "vintage": null, "terminated": 0, "memberUomCode": 178}, {"memberId": 45, "parentMemberId": 44, "memberNameEn": "Imports, Major group 5.1 Engines, turbines, electric generators and motors", "memberNameFr": "Importations, groupe principal 5.1 Moteurs, turbines, g\u00e9n\u00e9ratrices et moteurs \u00e9lectriques", "classificationCode": null, "classificationTypeCode": null, "geoLevel": null, "vintage": null, "terminated": 0, "memberUomCode": 178}, {"memberId": 46, "parentMemberId": 44, "memberNameEn": "Imports, Major group 5.2 Drilling and mining machinery", "memberNameFr": "Importations, groupe principal 5.2 Machines de forage et pour mines", "classificationCode": null, "classificationTypeCode": null, "geoLevel": null, "vintage": null, "terminated": 0, "memberUomCode": 178}, {"memberId": 47, "parentMemberId": 44, "memberNameEn": "Imports, Major group 5.3 Excavating machinery", "memberNameFr": "Importations, groupe principal 5.3 Machines \u00e0 creuser", "classificationCode": null, "classificationTypeCode": null, "geoLevel": null, "vintage": null, "terminated": 0, "memberUomCode": 178}, {"memberId": 48, "parentMemberId": 44, "memberNameEn": "Imports, Major group 5.4 Metal working machinery", "memberNameFr": "Importations, groupe principal 5.4 Machines pour le travail des m\u00e9taux", "classificationCode": null, "classificationTypeCode": null, "geoLevel": null, "vintage": null, "terminated": 0, "memberUomCode": 178}, {"memberId": 49, "parentMemberId": 44, "memberNameEn": "Imports, Major group 5.5 Other industrial machinery", "memberNameFr": "Importations, groupe principal 5.5 Autres machineries industrielles", "classificationCode": null, "classificationTypeCode": null, "geoLevel": null, "vintage": null, "terminated": 0, "memberUomCode": 178}, {"memberId": 50, "parentMemberId": 44, "memberNameEn": "Imports, Major group 5.6 Agricultural machinery including tractors", "memberNameFr": "Importations, groupe principal 5.6 Machines agricoles y compris tracteurs", "classificationCode": null, "classificationTypeCode": null, "geoLevel": null, "vintage": null, "terminated": 0, "memberUomCode": 178}, {"memberId": 51, "parentMemberId": 44, "memberNameEn": "Imports, Major group 5.7 Passenger automobiles and chassis", "memberNameFr": "Importations, groupe principal 5.7 Voitures particuli\u00e8res et ch\u00e2ssis", "classificationCode": null, "classificationTypeCode": null, "geoLevel": null, "vintage": null, "terminated": 0, "memberUomCode": 178}, {"memberId": 52, "parentMemberId": 44, "memberNameEn": "Imports, Major group 5.8 Trucks and other motor vehicles", "memberNameFr": "Importations, groupe principal 5.8 Camions et autres v\u00e9hicules moteurs", "classificationCode": null, "classificationTypeCode": null, "geoLevel": null, "vintage": null, "terminated": 0, "memberUomCode": 178}, {"memberId": 53, "parentMemberId": 44, "memberNameEn": "Imports, Major group 5.9 Motor vehicle parts including motor vehicle engines and engine parts", "memberNameFr": "Importations, groupe principal 5.9 Pi\u00e8ces de v\u00e9hicules auto y compris moteurs et pi\u00e8ces", "classificationCode": null, "classificationTypeCode": null, "geoLevel": null, "vintage": null, "terminated": 0, "memberUomCode": 178}, {"memberId": 54, "parentMemberId": 44, "memberNameEn": "Imports, Major group 5.10 Television and radio sets and phonographs", "memberNameFr": "Importations, groupe principal 5.10 T\u00e9l\u00e9viseurs, radios et phonographes", "classificationCode": null, "classificationTypeCode": null, "geoLevel": null, "vintage": null, "terminated": 0, "memberUomCode": 178}, {"memberId": 55, "parentMemberId": 44, "memberNameEn": "Imports, Major group 5.11 Other communication and related equipment", "memberNameFr": "Importations, groupe principal 5.11 Autre \u00e9quipement et mat\u00e9riel de t\u00e9l\u00e9communication", "classificationCode": null, "classificationTypeCode": null, "geoLevel": null, "vintage": null, "terminated": 0, "memberUomCode": 178}, {"memberId": 56, "parentMemberId": 44, "memberNameEn": "Imports, Major group 5.12 Office machines and equipment", "memberNameFr": "Importations, groupe principal 5.12 Machines et mat\u00e9riel de bureaux", "classificationCode": null, "classificationTypeCode": null, "geoLevel": null, "vintage": null, "terminated": 0, "memberUomCode": 178}, {"memberId": 57, "parentMemberId": 44, "memberNameEn": "Imports, Major group 5.13 Other equipment and tools", "memberNameFr": "Importations, groupe principal 5.13 Autres \u00e9quipements et outils", "classificationCode": null, "classificationTypeCode": null, "geoLevel": null, "vintage": null, "terminated": 0, "memberUomCode": 178}, {"memberId": 58, "parentMemberId": 44, "memberNameEn": "Imports, Major group 5.14 Aircraft, engines assemblies and parts", "memberNameFr": "Importations, groupe principal 5.14 A\u00e9ronefs, moteurs d'a\u00e9ronefs et pi\u00e8ces", "classificationCode": null, "classificationTypeCode": null, "geoLevel": null, "vintage": null, "terminated": 0, "memberUomCode": 178}, {"memberId": 59, "parentMemberId": 44, "memberNameEn": "Imports, Major group 5.15 Other transportation equipment and parts", "memberNameFr": "Importations, groupe principal 5.15 Autre mat\u00e9riel de transport et pi\u00e8ces", "classificationCode": null, "classificationTypeCode": null, "geoLevel": null, "vintage": null, "terminated": 0, "memberUomCode": 178}, {"memberId": 60, "parentMemberId": 44, "memberNameEn": "Imports, Major group 5.16 Apparel and apparel accessories", "memberNameFr": "Importations, groupe principal 5.16 V\u00eatements et accessoires vestimentaires", "classificationCode": null, "classificationTypeCode": null, "geoLevel": null, "vintage": null, "terminated": 0, "memberUomCode": 178}, {"memberId": 61, "parentMemberId": 44, "memberNameEn": "Imports, Major group 5.17 Footwear", "memberNameFr": "Importations, groupe principal 5.17 Chaussures", "classificationCode": null, "classificationTypeCode": null, "geoLevel": null, "vintage": null, "terminated": 0, "memberUomCode": 178}, {"memberId": 62, "parentMemberId": 44, "memberNameEn": "Imports, Major group 5.18 Printed matter", "memberNameFr": "Importations, groupe principal 5.18 Imprimeries", "classificationCode": null, "classificationTypeCode": null, "geoLevel": null, "vintage": null, "terminated": 0, "memberUomCode": 178}, {"memberId": 63, "parentMemberId": 44, "memberNameEn": "Imports, Major group 5.19 Watches, sporting goods and toys", "memberNameFr": "Importations, groupe principal 5.19 Montres, articles pour sports et jeux", "classificationCode": null, "classificationTypeCode": null, "geoLevel": null, "vintage": null, "terminated": 0, "memberUomCode": 178}, {"memberId": 64, "parentMemberId": 44, "memberNameEn": "Imports, Major group 5.20 House furnishings, utensils and other household goods", "memberNameFr": "Importations, groupe principal 5.20 Fournitures de maison, ustensiles et autres articles m\u00e9nagers", "classificationCode": null, "classificationTypeCode": null, "geoLevel": null, "vintage": null, "terminated": 0, "memberUomCode": 178}, {"memberId": 65, "parentMemberId": 44, "memberNameEn": "Imports, Major group 5.21 Photographic goods", "memberNameFr": "Importations, groupe principal 5.21 Articles photographiques", "classificationCode": null, "classificationTypeCode": null, "geoLevel": null, "vintage": null, "terminated": 0, "memberUomCode": 178}, {"memberId": 66, "parentMemberId": 44, "memberNameEn": "Imports, Major group 5.22 Miscellaneous end products, inedible", "memberNameFr": "Importations, groupe principal 5.22 Divers produits finis, non comestibles", "classificationCode": null, "classificationTypeCode": null, "geoLevel": null, "vintage": null, "terminated": 0, "memberUomCode": 178}, {"memberId": 67, "parentMemberId": null, "memberNameEn": "Imports, total, Standard International Trade Classification, Revision 3 (SITC)", "memberNameFr": "Importations, totales, Classification type pour le commerce international, Revision 3 (CTCI)", "classificationCode": null, "classificationTypeCode": null, "geoLevel": null, "vintage": null, "terminated": 0, "memberUomCode": 178}, {"memberId": 68, "parentMemberId": 67, "memberNameEn": "Imports, SITC 0 Food and live animals", "memberNameFr": "Importations, CTCI 0 Aliments et animaux vivants", "classificationCode": null, "classificationTypeCode": null, "geoLevel": null, "vintage": null, "terminated": 0, "memberUomCode": 178}, {"memberId": 69, "parentMemberId": 67, "memberNameEn": "Imports, SITC 1 Beverages and tobacco", "memberNameFr": "Importations, CTCI 1 Boissons et tabacs", "classificationCode": null, "classificationTypeCode": null, "geoLevel": null, "vintage": null, "terminated": 0, "memberUomCode": 178}, {"memberId": 70, "parentMemberId": 67, "memberNameEn": "Imports, SITC 2 Crude materials, except fuels, inedible", "memberNameFr": "Importations, CTCI 2 Mati\u00e8res brutes non comestibles sauf carburants", "classificationCode": null, "classificationTypeCode": null, "geoLevel": null, "vintage": null, "terminated": 0, "memberUomCode": 178}, {"memberId": 71, "parentMemberId": 67, "memberNameEn": "Imports, SITC 3 Mineral fuels, lubricants and related materials", "memberNameFr": "Importations, CTCI 3 Combustibles min\u00e9raux, lubrifiants et produits connexes", "classificationCode": null, "classificationTypeCode": null, "geoLevel": null, "vintage": null, "terminated": 0, "memberUomCode": 178}, {"memberId": 72, "parentMemberId": 67, "memberNameEn": "Imports, SITC 4 Animal and vegetable oils and fats", "memberNameFr": "Importations, CTCI 4 Huiles et graisses d'origine animale et v\u00e9g\u00e9tale", "classificationCode": null, "classificationTypeCode": null, "geoLevel": null, "vintage": null, "terminated": 0, "memberUomCode": 178}, {"memberId": 73, "parentMemberId": 67, "memberNameEn": "Imports, SITC 5 Chemicals", "memberNameFr": "Importations, CTCI 5 Produits chimiques", "classificationCode": null, "classificationTypeCode": null, "geoLevel": null, "vintage": null, "terminated": 0, "memberUomCode": 178}, {"memberId": 74, "parentMemberId": 67, "memberNameEn": "Imports, SITC 6 Manufactured goods, classified chiefly by material", "memberNameFr": "Importations, CTCI 6 Articles manufactur\u00e9s, class\u00e9s par mati\u00e8re premi\u00e8re", "classificationCode": null, "classificationTypeCode": null, "geoLevel": null, "vintage": null, "terminated": 0, "memberUomCode": 178}, {"memberId": 75, "parentMemberId": 67, "memberNameEn": "Imports, SITC 7 Machinery and transport equipment", "memberNameFr": "Importations, CTCI 7 Machines et mat\u00e9riel de transport", "classificationCode": null, "classificationTypeCode": null, "geoLevel": null, "vintage": null, "terminated": 0, "memberUomCode": 178}, {"memberId": 76, "parentMemberId": 67, "memberNameEn": "Imports, SITC 8 Miscellaneous manufactured articles", "memberNameFr": "Importations, CTCI 8 Articles manufactur\u00e9s, divers", "classificationCode": null, "classificationTypeCode": null, "geoLevel": null, "vintage": null, "terminated": 0, "memberUomCode": 178}, {"memberId": 77, "parentMemberId": 67, "memberNameEn": "Imports, SITC 9 Commodities and transactions not elsewhere classified", "memberNameFr": "Importations, CTCI 9 Commodit\u00e9s et transactions non class\u00e9es ailleurs, importations", "classificationCode": null, "classificationTypeCode": null, "geoLevel": null, "vintage": null, "terminated": 0, "memberUomCode": 178}, {"memberId": 78, "parentMemberId": null, "memberNameEn": "Exports, total of all merchandise", "memberNameFr": "Exportations, total de toutes les marchandises", "classificationCode": null, "classificationTypeCode": null, "geoLevel": null, "vintage": null, "terminated": 0, "memberUomCode": 178}, {"memberId": 79, "parentMemberId": 78, "memberNameEn": "Exports, Section 1 Live animals", "memberNameFr": "Exportations, section 1 Animaux vivants", "classificationCode": null, "classificationTypeCode": null, "geoLevel": null, "vintage": null, "terminated": 0, "memberUomCode": 178}, {"memberId": 80, "parentMemberId": 78, "memberNameEn": "Exports, Section 2 Food, feed, beverages and tobacco", "memberNameFr": "Exportations, section 2 Aliments, provendes, boissons et tabacs", "classificationCode": null, "classificationTypeCode": null, "geoLevel": null, "vintage": null, "terminated": 0, "memberUomCode": 178}, {"memberId": 81, "parentMemberId": 80, "memberNameEn": "Exports, Major group 2.1 Fish, fresh, frozen, preserved and canned", "memberNameFr": "Exportations, groupe principal 2.1 Poissons et pr\u00e9parations de poissons", "classificationCode": null, "classificationTypeCode": null, "geoLevel": null, "vintage": null, "terminated": 0, "memberUomCode": 178}, {"memberId": 82, "parentMemberId": 80, "memberNameEn": "Exports, Major group 2.2 Barley", "memberNameFr": "Exportations, groupe principal 2.2 Orge", "classificationCode": null, "classificationTypeCode": null, "geoLevel": null, "vintage": null, "terminated": 0, "memberUomCode": 178}, {"memberId": 83, "parentMemberId": 80, "memberNameEn": "Exports, Major group 2.3 Wheat", "memberNameFr": "Exportations, groupe principal 2.3 Bl\u00e9", "classificationCode": null, "classificationTypeCode": null, "geoLevel": null, "vintage": null, "terminated": 0, "memberUomCode": 178}, {"memberId": 84, "parentMemberId": 80, "memberNameEn": "Exports, Major group 2.4 Wheat flour", "memberNameFr": "Exportations, groupe principal 2.4 Farine de bl\u00e9", "classificationCode": null, "classificationTypeCode": null, "geoLevel": null, "vintage": null, "terminated": 0, "memberUomCode": 178}, {"memberId": 85, "parentMemberId": 80, "memberNameEn": "Exports, Major group 2.5 Other cereals unmilled", "memberNameFr": "Exportations, groupe principal 2.5 Autres c\u00e9r\u00e9ales non moulues", "classificationCode": null, "classificationTypeCode": null, "geoLevel": null, "vintage": null, "terminated": 0, "memberUomCode": 178}, {"memberId": 86, "parentMemberId": 80, "memberNameEn": "Exports, Major group 2.6 Other cereal preparations", "memberNameFr": "Exportations, groupe principal 2.6 Autres pr\u00e9parations c\u00e9r\u00e9ali\u00e8res", "classificationCode": null, "classificationTypeCode": null, "geoLevel": null, "vintage": null, "terminated": 0, "memberUomCode": 178}, {"memberId": 87, "parentMemberId": 80, "memberNameEn": "Exports, Major group 2.7 Meat and meat preparations", "memberNameFr": "Exportations, groupe principal 2.7 Viandes et pr\u00e9parations de viandes", "classificationCode": null, "classificationTypeCode": null, "geoLevel": null, "vintage": null, "terminated": 0, "memberUomCode": 178}, {"memberId": 88, "parentMemberId": 80, "memberNameEn": "Exports, Major group 2.8 Alcoholic beverages", "memberNameFr": "Exportations, groupe principal 2.8 Boissons alcooliques", "classificationCode": null, "classificationTypeCode": null, "geoLevel": null, "vintage": null, "terminated": 0, "memberUomCode": 178}, {"memberId": 89, "parentMemberId": 80, "memberNameEn": "Exports, Major group 2.9 Other food, feed, beverages and tobacco", "memberNameFr": "Exportations, groupe principal 2.9 Autres aliments, provendes, boissons et tabacs", "classificationCode": null, "classificationTypeCode": null, "geoLevel": null, "vintage": null, "terminated": 0, "memberUomCode": 178}, {"memberId": 90, "parentMemberId": 78, "memberNameEn": "Exports, Section 3 Crude materials, inedible", "memberNameFr": "Exportations, section 3 Mati\u00e8res brutes, non comestibles", "classificationCode": null, "classificationTypeCode": null, "geoLevel": null, "vintage": null, "terminated": 0, "memberUomCode": 178}, {"memberId": 91, "parentMemberId": 90, "memberNameEn": "Exports, Major group 3.1 Rapeseed", "memberNameFr": "Exportations, groupe principal 3.1 Graine de colza", "classificationCode": null, "classificationTypeCode": null, "geoLevel": null, "vintage": null, "terminated": 0, "memberUomCode": 178}, {"memberId": 92, "parentMemberId": 90, "memberNameEn": "Exports, Major group 3.2 Other crude vegetable products", "memberNameFr": "Exportations, groupe principal 3.2 Autres produits v\u00e9g\u00e9taux bruts", "classificationCode": null, "classificationTypeCode": null, "geoLevel": null, "vintage": null, "terminated": 0, "memberUomCode": 178}, {"memberId": 93, "parentMemberId": 90, "memberNameEn": "Exports, Major group 3.3 Iron ores, concentrates and scrap", "memberNameFr": "Exportations, groupe principal 3.3 Minerais, concentr\u00e9s et d\u00e9chets de fer", "classificationCode": null, "classificationTypeCode": null, "geoLevel": null, "vintage": null, "terminated": 0, "memberUomCode": 178}, {"memberId": 94, "parentMemberId": 90, "memberNameEn": "Exports, Major group 3.4 Copper in ores, concentrates and scrap", "memberNameFr": "Exportations, groupe principal 3.4 Minerais, concentr\u00e9s et d\u00e9chets de cuivre", "classificationCode": null, "classificationTypeCode": null, "geoLevel": null, "vintage": null, "terminated": 0, "memberUomCode": 178}, {"memberId": 95, "parentMemberId": 90, "memberNameEn": "Exports, Major group 3.5 Nickel in ores, concentrates and scrap", "memberNameFr": "Exportations, groupe principal 3.5 Minerais, concentr\u00e9s et d\u00e9chets de nickel", "classificationCode": null, "classificationTypeCode": null, "geoLevel": null, "vintage": null, "terminated": 0, "memberUomCode": 178}, {"memberId": 96, "parentMemberId": 90, "memberNameEn": "Exports, Major group 3.6 Zinc in ores, concentrates and scrap", "memberNameFr": "Exportations, groupe principal 3.6 Minerais, concentr\u00e9s et d\u00e9chets de zinc", "classificationCode": null, "classificationTypeCode": null, "geoLevel": null, "vintage": null, "terminated": 0, "memberUomCode": 178}, {"memberId": 97, "parentMemberId": 90, "memberNameEn": "Exports, Major group 3.7 Other ores, concentrates and scrap", "memberNameFr": "Exportations, groupe principal 3.7 Autres minerais, concentr\u00e9s, d\u00e9chets m\u00e9tallif\u00e8res", "classificationCode": null, "classificationTypeCode": null, "geoLevel": null, "vintage": null, "terminated": 0, "memberUomCode": 178}, {"memberId": 98, "parentMemberId": 90, "memberNameEn": "Exports, Major group 3.8 Crude petroleum", "memberNameFr": "Exportations, groupe principal 3.8 P\u00e9trole brut", "classificationCode": null, "classificationTypeCode": null, "geoLevel": null, "vintage": null, "terminated": 0, "memberUomCode": 178}, {"memberId": 99, "parentMemberId": 90, "memberNameEn": "Exports, Major group 3.9 Natural gas", "memberNameFr": "Exportations, groupe principal 3.9 Gaz naturel", "classificationCode": null, "classificationTypeCode": null, "geoLevel": null, "vintage": null, "terminated": 0, "memberUomCode": 178}, {"memberId": 100, "parentMemberId": 90, "memberNameEn": "Exports, Major group 3.10 Coal and other crude bituminous substances", "memberNameFr": "Exportations, groupe principal 3.10 Charbon et substances bitumineuses brutes", "classificationCode": null, "classificationTypeCode": null, "geoLevel": null, "vintage": null, "terminated": 0, "memberUomCode": 178}, {"memberId": 101, "parentMemberId": 90, "memberNameEn": "Exports, Major group 3.11 Asbestos unmanufactured", "memberNameFr": "Exportations, groupe principal 3.11 Amiante, non ouvr\u00e9", "classificationCode": null, "classificationTypeCode": null, "geoLevel": null, "vintage": null, "terminated": 0, "memberUomCode": 178}, {"memberId": 102, "parentMemberId": 90, "memberNameEn": "Exports, Major group 3.12 Other crude animal products", "memberNameFr": "Exportations, groupe principal 3.12 Autres produits bruts, d'origine animale", "classificationCode": null, "classificationTypeCode": null, "geoLevel": null, "vintage": null, "terminated": 0, "memberUomCode": 178}, {"memberId": 103, "parentMemberId": 90, "memberNameEn": "Exports, Major group 3.13 Other crude wood products", "memberNameFr": "Exportations, groupe principal 3.13 Autres mati\u00e8res en bois brut", "classificationCode": null, "classificationTypeCode": null, "geoLevel": null, "vintage": null, "terminated": 0, "memberUomCode": 178}, {"memberId": 104, "parentMemberId": 90, "memberNameEn": "Exports, Major group 3.14 Other crude non-metallic minerals", "memberNameFr": "Exportations, groupe principal 3.14 Autres min\u00e9raux non m\u00e9talliques bruts", "classificationCode": null, "classificationTypeCode": null, "geoLevel": null, "vintage": null, "terminated": 0, "memberUomCode": 178}, {"memberId": 105, "parentMemberId": 90, "memberNameEn": "Exports, Major group 3.15 Other crude materials inedible", "memberNameFr": "Exportations, groupe principal 3.15 Autres mati\u00e8res brutes, non comestibles", "classificationCode": null, "classificationTypeCode": null, "geoLevel": null, "vintage": null, "terminated": 0, "memberUomCode": 178}, {"memberId": 106, "parentMemberId": 78, "memberNameEn": "Exports, Section 4 Fabricated materials, inedible", "memberNameFr": "Exportations, section 4 Mati\u00e8res travaill\u00e9es, non comestibles", "classificationCode": null, "classificationTypeCode": null, "geoLevel": null, "vintage": null, "terminated": 0, "memberUomCode": 178}, {"memberId": 107, "parentMemberId": 106, "memberNameEn": "Exports, Major group 4.1 Lumber", "memberNameFr": "Exportations, groupe principal 4.1 Bois d'oeuvre", "classificationCode": null, "classificationTypeCode": null, "geoLevel": null, "vintage": null, "terminated": 0, "memberUomCode": 178}, {"memberId": 108, "parentMemberId": 106, "memberNameEn": "Exports, Major group 4.2 Other wood fabricated materials", "memberNameFr": "Exportations, groupe principal 4.2 Autres demi-produits en bois", "classificationCode": null, "classificationTypeCode": null, "geoLevel": null, "vintage": null, "terminated": 0, "memberUomCode": 178}, {"memberId": 109, "parentMemberId": 106, "memberNameEn": "Exports, Major group 4.3 Wood pulp and similar pulp", "memberNameFr": "Exportations, groupe principal 4.3 P\u00e2te de bois et p\u00e2te similaire", "classificationCode": null, "classificationTypeCode": null, "geoLevel": null, "vintage": null, "terminated": 0, "memberUomCode": 178}, {"memberId": 110, "parentMemberId": 106, "memberNameEn": "Exports, Major group 4.4 Newsprint paper", "memberNameFr": "Exportations, groupe principal 4.4 Papier journal", "classificationCode": null, "classificationTypeCode": null, "geoLevel": null, "vintage": null, "terminated": 0, "memberUomCode": 178}, {"memberId": 111, "parentMemberId": 106, "memberNameEn": "Exports, Major group 4.5 Other paper and paperboard", "memberNameFr": "Exportations, groupe principal 4.5 Autre papier et carton", "classificationCode": null, "classificationTypeCode": null, "geoLevel": null, "vintage": null, "terminated": 0, "memberUomCode": 178}, {"memberId": 112, "parentMemberId": 106, "memberNameEn": "Exports, Major group 4.6 Inorganic chemicals", "memberNameFr": "Exportations, groupe principal 4.6 Produits chimiques inorganiques", "classificationCode": null, "classificationTypeCode": null, "geoLevel": null, "vintage": null, "terminated": 0, "memberUomCode": 178}, {"memberId": 113, "parentMemberId": 106, "memberNameEn": "Exports, Major group 4.7 Organic chemicals", "memberNameFr": "Exportations, groupe principal 4.7 Produits chimiques organiques", "classificationCode": null, "classificationTypeCode": null, "geoLevel": null, "vintage": null, "terminated": 0, "memberUomCode": 178}, {"memberId": 114, "parentMemberId": 106, "memberNameEn": "Exports, Major group 4.8 Fertilizers and fertilizer materials", "memberNameFr": "Exportations, groupe principal 4.8 Engrais et mati\u00e8res fertilisantes", "classificationCode": null, "classificationTypeCode": null, "geoLevel": null, "vintage": null, "terminated": 0, "memberUomCode": 178}, {"memberId": 115, "parentMemberId": 106, "memberNameEn": "Exports, Major group 4.9 Synthetic rubber and plastics", "memberNameFr": "Exportations, groupe principal 4.9 Caoutchouc synth\u00e9tique et mati\u00e8res plastiques", "classificationCode": null, "classificationTypeCode": null, "geoLevel": null, "vintage": null, "terminated": 0, "memberUomCode": 178}, {"memberId": 116, "parentMemberId": 106, "memberNameEn": "Exports, Major group 4.10 Other chemical products", "memberNameFr": "Exportations, groupe principal 4.10 Autres produits chimiques", "classificationCode": null, "classificationTypeCode": null, "geoLevel": null, "vintage": null, "terminated": 0, "memberUomCode": 178}, {"memberId": 117, "parentMemberId": 106, "memberNameEn": "Exports, Major group 4.11 Petroleum and coal products", "memberNameFr": "Exportations, groupe principal 4.11 D\u00e9riv\u00e9s du p\u00e9trole et du charbon", "classificationCode": null, "classificationTypeCode": null, "geoLevel": null, "vintage": null, "terminated": 0, "memberUomCode": 178}, {"memberId": 118, "parentMemberId": 106, "memberNameEn": "Exports, Major group 4.12 Primary iron and steel", "memberNameFr": "Exportations, groupe principal 4.12 Fer et acier primaires", "classificationCode": null, "classificationTypeCode": null, "geoLevel": null, "vintage": null, "terminated": 0, "memberUomCode": 178}, {"memberId": 119, "parentMemberId": 106, "memberNameEn": "Exports, Major group 4.13 Steel bars, rods, plates, sheets", "memberNameFr": "Exportations, groupe principal 4.13 Barres, tiges, t\u00f4les et feuilles d'acier", "classificationCode": null, "classificationTypeCode": null, "geoLevel": null, "vintage": null, "terminated": 0, "memberUomCode": 178}, {"memberId": 120, "parentMemberId": 106, "memberNameEn": "Exports, Major group 4.14 Other iron and steel and alloys", "memberNameFr": "Exportations, groupe principal 4.14 Autres fer, acier et alliages", "classificationCode": null, "classificationTypeCode": null, "geoLevel": null, "vintage": null, "terminated": 0, "memberUomCode": 178}, {"memberId": 121, "parentMemberId": 106, "memberNameEn": "Exports, Major group 4.15 Aluminum, including alloys", "memberNameFr": "Exportations, groupe principal 4.15 Aluminium, y compris alliages", "classificationCode": null, "classificationTypeCode": null, "geoLevel": null, "vintage": null, "terminated": 0, "memberUomCode": 178}, {"memberId": 122, "parentMemberId": 106, "memberNameEn": "Exports, Major group 4.16 Copper and alloys", "memberNameFr": "Exportations, groupe principal 4.16 Cuivre et alliages", "classificationCode": null, "classificationTypeCode": null, "geoLevel": null, "vintage": null, "terminated": 0, "memberUomCode": 178}, {"memberId": 123, "parentMemberId": 106, "memberNameEn": "Exports, Major group 4.17 Nickel and alloys", "memberNameFr": "Exportations, groupe principal 4.17 Nickel et alliages", "classificationCode": null, "classificationTypeCode": null, "geoLevel": null, "vintage": null, "terminated": 0, "memberUomCode": 178}, {"memberId": 124, "parentMemberId": 106, "memberNameEn": "Exports, Major group 4.18 Precious metals and alloys", "memberNameFr": "Exportations, groupe principal 4.18 M\u00e9taux pr\u00e9cieux et alliages", "classificationCode": null, "classificationTypeCode": null, "geoLevel": null, "vintage": null, "terminated": 0, "memberUomCode": 178}, {"memberId": 125, "parentMemberId": 106, "memberNameEn": "Exports, Major group 4.19 Zinc and alloys", "memberNameFr": "Exportations, groupe principal 4.19 Zinc et alliages", "classificationCode": null, "classificationTypeCode": null, "geoLevel": null, "vintage": null, "terminated": 0, "memberUomCode": 178}, {"memberId": 126, "parentMemberId": 106, "memberNameEn": "Exports, Major group 4.20 Other non ferrous metals and alloys", "memberNameFr": "Exportations, groupe principal 4.20 Autres m\u00e9taux non ferreux et alliages", "classificationCode": null, "classificationTypeCode": null, "geoLevel": null, "vintage": null, "terminated": 0, "memberUomCode": 178}, {"memberId": 127, "parentMemberId": 106, "memberNameEn": "Exports, Major group 4.21 Metal fabricated basic products", "memberNameFr": "Exportations, groupe principal 4.21 Ouvrages de base en m\u00e9tal", "classificationCode": null, "classificationTypeCode": null, "geoLevel": null, "vintage": null, "terminated": 0, "memberUomCode": 178}, {"memberId": 128, "parentMemberId": 106, "memberNameEn": "Exports, Major group 4.22 Electricity", "memberNameFr": "Exportations, groupe principal 4.22 \u00c9lectricit\u00e9", "classificationCode": null, "classificationTypeCode": null, "geoLevel": null, "vintage": null, "terminated": 0, "memberUomCode": 178}, {"memberId": 129, "parentMemberId": 106, "memberNameEn": "Exports, Major group 4.23 Textile fabricated materials", "memberNameFr": "Exportations, groupe principal 4.23 Demi-produits en mati\u00e8res textiles", "classificationCode": null, "classificationTypeCode": null, "geoLevel": null, "vintage": null, "terminated": 0, "memberUomCode": 178}, {"memberId": 130, "parentMemberId": 106, "memberNameEn": "Exports, Major group 4.24 Non metallic mineral basic products", "memberNameFr": "Exportations, groupe principal 4.24 Produits min\u00e9raux non m\u00e9talliques de base", "classificationCode": null, "classificationTypeCode": null, "geoLevel": null, "vintage": null, "terminated": 0, "memberUomCode": 178}, {"memberId": 131, "parentMemberId": 106, "memberNameEn": "Exports, Major group 4.25 Other fabricated materials", "memberNameFr": "Exportations, groupe principal 4.25 Autres mati\u00e8res travaill\u00e9es, non comestibles", "classificationCode": null, "classificationTypeCode": null, "geoLevel": null, "vintage": null, "terminated": 0, "memberUomCode": 178}, {"memberId": 132, "parentMemberId": 78, "memberNameEn": "Exports, Section 5 End products, inedible", "memberNameFr": "Exportations, section 5 Produits finis, non comestibles", "classificationCode": null, "classificationTypeCode": null, "geoLevel": null, "vintage": null, "terminated": 0, "memberUomCode": 178}, {"memberId": 133, "parentMemberId": 132, "memberNameEn": "Exports, Major group 5.1 Industrial machinery", "memberNameFr": "Exportations, groupe principal 5.1 Machinerie industrielle", "classificationCode": null, "classificationTypeCode": null, "geoLevel": null, "vintage": null, "terminated": 0, "memberUomCode": 178}, {"memberId": 134, "parentMemberId": 132, "memberNameEn": "Exports, Major group 5.2 Agricultural machinery, including tractors", "memberNameFr": "Exportations, groupe principal 5.2 Machinerie agricole y compris tracteurs", "classificationCode": null, "classificationTypeCode": null, "geoLevel": null, "vintage": null, "terminated": 0, "memberUomCode": 178}, {"memberId": 135, "parentMemberId": 132, "memberNameEn": "Exports, Major group 5.3 Passenger automobiles and chassis", "memberNameFr": "Exportations, groupe principal 5.3 Voitures particuli\u00e8res et ch\u00e2ssis", "classificationCode": null, "classificationTypeCode": null, "geoLevel": null, "vintage": null, "terminated": 0, "memberUomCode": 178}, {"memberId": 136, "parentMemberId": 132, "memberNameEn": "Exports, Major group 5.4 Trucks, truck tractors and chassis", "memberNameFr": "Exportations, groupe principal 5.4 Camions, tracteurs routiers et ch\u00e2ssis", "classificationCode": null, "classificationTypeCode": null, "geoLevel": null, "vintage": null, "terminated": 0, "memberUomCode": 178}, {"memberId": 137, "parentMemberId": 132, "memberNameEn": "Exports, Major group 5.5 Motor vehicle parts including motor vehicle engines and engine parts", "memberNameFr": "Exportations, groupe principal 5.5 Pi\u00e8ces de v\u00e9hicules auto et accessoires d'auto", "classificationCode": null, "classificationTypeCode": null, "geoLevel": null, "vintage": null, "terminated": 0, "memberUomCode": 178}, {"memberId": 138, "parentMemberId": 132, "memberNameEn": "Exports, Major group 5.6 Television, telecommunications and related equipment", "memberNameFr": "Exportations, groupe principal 5.6 T\u00e9l\u00e9viseurs, \u00e9quipement de t\u00e9l\u00e9communications et \u00e9quipement connexe", "classificationCode": null, "classificationTypeCode": null, "geoLevel": null, "vintage": null, "terminated": 0, "memberUomCode": 178}, {"memberId": 139, "parentMemberId": 132, "memberNameEn": "Exports, Major group 5.7 Aircraft, aircraft engines and parts", "memberNameFr": "Exportations, groupe principal 5.7 A\u00e9ronefs, moteurs d'a\u00e9ronefs et leurs pi\u00e8ces", "classificationCode": null, "classificationTypeCode": null, "geoLevel": null, "vintage": null, "terminated": 0, "memberUomCode": 178}, {"memberId": 140, "parentMemberId": 132, "memberNameEn": "Exports, Major group 5.8 Other transportation equipment", "memberNameFr": "Exportations, groupe principal 5.8 Autre mat\u00e9riel de transport", "classificationCode": null, "classificationTypeCode": null, "geoLevel": null, "vintage": null, "terminated": 0, "memberUomCode": 178}, {"memberId": 141, "parentMemberId": 132, "memberNameEn": "Exports, Major group 5.9 Office machines and equipment", "memberNameFr": "Exportations, groupe principal 5.9 Machines et mat\u00e9riel de bureau", "classificationCode": null, "classificationTypeCode": null, "geoLevel": null, "vintage": null, "terminated": 0, "memberUomCode": 178}, {"memberId": 142, "parentMemberId": 132, "memberNameEn": "Exports, Major group 5.10 Other equipment and tools", "memberNameFr": "Exportations, groupe principal 5.10 Autres mat\u00e9riel et outils", "classificationCode": null, "classificationTypeCode": null, "geoLevel": null, "vintage": null, "terminated": 0, "memberUomCode": 178}, {"memberId": 143, "parentMemberId": 132, "memberNameEn": "Exports, Major group 5.11 Other consumer goods", "memberNameFr": "Exportations, groupe principal 5.11 Autres biens de consommation", "classificationCode": null, "classificationTypeCode": null, "geoLevel": null, "vintage": null, "terminated": 0, "memberUomCode": 178}, {"memberId": 144, "parentMemberId": 132, "memberNameEn": "Exports, Major group 5.12 Other end products, inedible", "memberNameFr": "Exportations, groupe principal 5.12 Autres produits finis, non comestibles", "classificationCode": null, "classificationTypeCode": null, "geoLevel": null, "vintage": null, "terminated": 0, "memberUomCode": 178}, {"memberId": 145, "parentMemberId": null, "memberNameEn": "Exports, total, Standard International Trade Classification, Revision 3 (SITC)", "memberNameFr": "Exportations, totales, Classification type pour le commerce international, Revision 3 (CTCI)", "classificationCode": null, "classificationTypeCode": null, "geoLevel": null, "vintage": null, "terminated": 0, "memberUomCode": 178}, {"memberId": 146, "parentMemberId": 145, "memberNameEn": "Exports, SITC 0 Food and live animals", "memberNameFr": "Exportations, CTCI 0 Aliments et animaux vivants", "classificationCode": null, "classificationTypeCode": null, "geoLevel": null, "vintage": null, "terminated": 0, "memberUomCode": 178}, {"memberId": 147, "parentMemberId": 145, "memberNameEn": "Exports, SITC 1 Beverages and tobacco", "memberNameFr": "Exportations, CTCI 1 Boissons et tabacs", "classificationCode": null, "classificationTypeCode": null, "geoLevel": null, "vintage": null, "terminated": 0, "memberUomCode": 178}, {"memberId": 148, "parentMemberId": 145, "memberNameEn": "Exports, SITC 2 Crude materials, except fuels, inedible", "memberNameFr": "Exportations, CTCI 2 Mati\u00e8res brutes non comestibles sauf carburants", "classificationCode": null, "classificationTypeCode": null, "geoLevel": null, "vintage": null, "terminated": 0, "memberUomCode": 178}, {"memberId": 149, "parentMemberId": 145, "memberNameEn": "Exports, SITC 3 Mineral fuels, lubricants and related materials", "memberNameFr": "Exportations, CTCI 3 Combustibles min\u00e9raux, lubrifiants et produits connexes", "classificationCode": null, "classificationTypeCode": null, "geoLevel": null, "vintage": null, "terminated": 0, "memberUomCode": 178}, {"memberId": 150, "parentMemberId": 145, "memberNameEn": "Exports, SITC 4 Animal and vegetable oils and fats", "memberNameFr": "Exportations, CTCI 4 Huiles et graisses d'origine animale et v\u00e9g\u00e9tale", "classificationCode": null, "classificationTypeCode": null, "geoLevel": null, "vintage": null, "terminated": 0, "memberUomCode": 178}, {"memberId": 151, "parentMemberId": 145, "memberNameEn": "Exports, SITC 5 Chemicals", "memberNameFr": "Exportations, CTCI 5 Produits chimiques", "classificationCode": null, "classificationTypeCode": null, "geoLevel": null, "vintage": null, "terminated": 0, "memberUomCode": 178}, {"memberId": 152, "parentMemberId": 145, "memberNameEn": "Exports, SITC 6 Manufactured goods, classified chiefly by material", "memberNameFr": "Exportations, CTCI 6 Articles manufactur\u00e9s, class\u00e9s par mati\u00e8re premi\u00e8re", "classificationCode": null, "classificationTypeCode": null, "geoLevel": null, "vintage": null, "terminated": 0, "memberUomCode": 178}, {"memberId": 153, "parentMemberId": 145, "memberNameEn": "Exports, SITC 7 Machinery and transport equipment", "memberNameFr": "Exportations, CTCI 7 Machines et mat\u00e9riel de transport", "classificationCode": null, "classificationTypeCode": null, "geoLevel": null, "vintage": null, "terminated": 0, "memberUomCode": 178}, {"memberId": 154, "parentMemberId": 145, "memberNameEn": "Exports, SITC 8 Miscellaneous manufactured articles", "memberNameFr": "Exportations, CTCI 8 Articles manufactur\u00e9s, divers", "classificationCode": null, "classificationTypeCode": null, "geoLevel": null, "vintage": null, "terminated": 0, "memberUomCode": 178}, {"memberId": 155, "parentMemberId": 145, "memberNameEn": "Exports, SITC 9 Commodities and transactions not elsewhere classified", "memberNameFr": "Exportations, CTCI 9 Commodit\u00e9s et transactions non class\u00e9es ailleurs, Exportations", "classificationCode": null, "classificationTypeCode": null, "geoLevel": null, "vintage": null, "terminated": 0, "memberUomCode": 178}]}]