[{"dimensionPositionId": 1, "dimensionNameEn": "Geography", "dimensionNameFr": "G\u00e9ographie", "hasUom": false, "member": [{"memberId": 1, "parentMemberId": null, "memberNameEn": "Canada", "memberNameFr": "Canada", "classificationCode": "11124", "classificationTypeCode": "1", "geoLevel": 0, "vintage": 2016, "terminated": 0, "memberUomCode": null}, {"memberId": 2, "parentMemberId": 1, "memberNameEn": "Newfoundland and Labrador", "memberNameFr": "Terre-Neuve-et-Labrador", "classificationCode": "10", "classificationTypeCode": "1", "geoLevel": 2, "vintage": 2016, "terminated": 0, "memberUomCode": null}, {"memberId": 3, "parentMemberId": 1, "memberNameEn": "Prince Edward Island", "memberNameFr": "\u00cele-du-Prince-\u00c9douard", "classificationCode": "11", "classificationTypeCode": "1", "geoLevel": 2, "vintage": 2016, "terminated": 0, "memberUomCode": null}, {"memberId": 4, "parentMemberId": 1, "memberNameEn": "Nova Scotia", "memberNameFr": "Nouvelle-\u00c9cosse", "classificationCode": "12", "classificationTypeCode": "1", "geoLevel": 2, "vintage": 2016, "terminated": 0, "memberUomCode": null}, {"memberId": 5, "parentMemberId": 1, "memberNameEn": "New Brunswick", "memberNameFr": "Nouveau-Brunswick", "classificationCode": "13", "classificationTypeCode": "1", "geoLevel": 2, "vintage": 2016, "terminated": 0, "memberUomCode": null}, {"memberId": 6, "parentMemberId": 1, "memberNameEn": "Quebec", "memberNameFr": "Qu\u00e9bec", "classificationCode": "24", "classificationTypeCode": "1", "geoLevel": 2, "vintage": 2016, "terminated": 0, "memberUomCode": null}, {"memberId": 7, "parentMemberId": 1, "memberNameEn": "Ontario", "memberNameFr": "Ontario", "classificationCode": "35", "classificationTypeCode": "1", "geoLevel": 2, "vintage": 2016, "terminated": 0, "memberUomCode": null}, {"memberId": 8, "parentMemberId": 1, "memberNameEn": "Manitoba", "memberNameFr": "Manitoba", "classificationCode": "46", "classificationTypeCode": "1", "geoLevel": 2, "vintage": 2016, "terminated": 0, "memberUomCode": null}, {"memberId": 9, "parentMemberId": 1, "memberNameEn": "Saskatchewan", "memberNameFr": "Saskatchewan", "classificationCode": "47", "classificationTypeCode": "1", "geoLevel": 2, "vintage": 2016, "terminated": 0, "memberUomCode": null}, {"memberId": 10, "parentMemberId": 1, "memberNameEn": "Alberta", "memberNameFr": "Alberta", "classificationCode": "48", "classificationTypeCode": "1", "geoLevel": 2, "vintage": 2016, "terminated": 0, "memberUomCode": null}, {"memberId": 11, "parentMemberId": 1, "memberNameEn": "British Columbia", "memberNameFr": "Colombie-Britannique", "classificationCode": "59", "classificationTypeCode": "1", "geoLevel": 2, "vintage": 2016, "terminated": 0, "memberUomCode": null}, {"memberId": 12, "parentMemberId": 1, "memberNameEn": "Territories", "memberNameFr": "Territoires", "classificationCode": "6", "classificationTypeCode": "1", "geoLevel": 1, "vintage": 2016, "terminated": 0, "memberUomCode": null}]}, {"dimensionPositionId": 2, "dimensionNameEn": "Estimates", "dimensionNameFr": "Estimations", "hasUom": true, "member": [{"memberId": 1, "parentMemberId": null, "memberNameEn": "Value of imports", "memberNameFr": "Valeur des importations", "classificationCode": null, "classificationTypeCode": null, "geoLevel": null, "vintage": null, "terminated": 0, "memberUomCode": 81}, {"memberId": 2, "parentMemberId": null, "memberNameEn": "Number of importing establishments", "memberNameFr": "Nombre d'\u00e9tablissements importateurs", "classificationCode": null, "classificationTypeCode": null, "geoLevel": null, "vintage": null, "terminated": 0, "memberUomCode": 223}]}, {"dimensionPositionId": 3, "dimensionNameEn": "Country", "dimensionNameFr": "Pays", "hasUom": false, "member": [{"memberId": 1, "parentMemberId": null, "memberNameEn": "All countries", "memberNameFr": "Tous les pays", "classificationCode": null, "classificationTypeCode": null, "geoLevel": null, "vintage": null, "terminated": 0, "memberUomCode": null}, {"memberId": 2, "parentMemberId": 1, "memberNameEn": "Europe", "memberNameFr": "Europe", "classificationCode": null, "classificationTypeCode": null, "geoLevel": null, "vintage": null, "terminated": 0, "memberUomCode": null}, {"memberId": 3, "parentMemberId": 2, "memberNameEn": "Belgium", "memberNameFr": "Belgique", "classificationCode": null, "classificationTypeCode": null, "geoLevel": null, "vintage": null, "terminated": 0, "memberUomCode": null}, {"memberId": 4, "parentMemberId": 2, "memberNameEn": "Bulgaria", "memberNameFr": "Bulgarie", "classificationCode": null, "classificationTypeCode": null, "geoLevel": null, "vintage": null, "terminated": 0, "memberUomCode": null}, {"memberId": 5, "parentMemberId": 2, "memberNameEn": "Czech Republic", "memberNameFr": "R\u00e9publique Tch\u00e8que", "classificationCode": null, "classificationTypeCode": null, "geoLevel": null, "vintage": null, "terminated": 0, "memberUomCode": null}, {"memberId": 6, "parentMemberId": 2, "memberNameEn": "Denmark", "memberNameFr": "Danemark", "classificationCode": null, "classificationTypeCode": null, "geoLevel": null, "vintage": null, "terminated": 0, "memberUomCode": null}, {"memberId": 7, "parentMemberId": 2, "memberNameEn": "Germany", "memberNameFr": "Allemagne", "classificationCode": null, "classificationTypeCode": null, "geoLevel": null, "vintage": null, "terminated": 0, "memberUomCode": null}, {"memberId": 8, "parentMemberId": 2, "memberNameEn": "Estonia", "memberNameFr": "Estonie", "classificationCode": null, "classificationTypeCode": null, "geoLevel": null, "vintage": null, "terminated": 0, "memberUomCode": null}, {"memberId": 9, "parentMemberId": 2, "memberNameEn": "Ireland", "memberNameFr": "Irlande", "classificationCode": null, "classificationTypeCode": null, "geoLevel": null, "vintage": null, "terminated": 0, "memberUomCode": null}, {"memberId": 10, "parentMemberId": 2, "memberNameEn": "Greece", "memberNameFr": "Gr\u00e8ce", "classificationCode": null, "classificationTypeCode": null, "geoLevel": null, "vintage": null, "terminated": 0, "memberUomCode": null}, {"memberId": 11, "parentMemberId": 2, "memberNameEn": "Spain", "memberNameFr": "Espagne", "classificationCode": null, "classificationTypeCode": null, "geoLevel": null, "vintage": null, "terminated": 0, "memberUomCode": null}, {"memberId": 12, "parentMemberId": 2, "memberNameEn": "France", "memberNameFr": "France", "classificationCode": null, "classificationTypeCode": null, "geoLevel": null, "vintage": null, "terminated": 0, "memberUomCode": null}, {"memberId": 13, "parentMemberId": 2, "memberNameEn": "Italy", "memberNameFr": "Italie", "classificationCode": null, "classificationTypeCode": null, "geoLevel": null, "vintage": null, "terminated": 0, "memberUomCode": null}, {"memberId": 14, "parentMemberId": 2, "memberNameEn": "Cyprus", "memberNameFr": "Chypre", "classificationCode": null, "classificationTypeCode": null, "geoLevel": null, "vintage": null, "terminated": 0, "memberUomCode": null}, {"memberId": 15, "parentMemberId": 2, "memberNameEn": "Latvia", "memberNameFr": "Lettonie", "classificationCode": null, "classificationTypeCode": null, "geoLevel": null, "vintage": null, "terminated": 0, "memberUomCode": null}, {"memberId": 16, "parentMemberId": 2, "memberNameEn": "Lithuania", "memberNameFr": "Lituanie", "classificationCode": null, "classificationTypeCode": null, "geoLevel": null, "vintage": null, "terminated": 0, "memberUomCode": null}, {"memberId": 17, "parentMemberId": 2, "memberNameEn": "Luxembourg", "memberNameFr": "Luxembourg", "classificationCode": null, "classificationTypeCode": null, "geoLevel": null, "vintage": null, "terminated": 0, "memberUomCode": null}, {"memberId": 18, "parentMemberId": 2, "memberNameEn": "Hungary", "memberNameFr": "Hongrie", "classificationCode": null, "classificationTypeCode": null, "geoLevel": null, "vintage": null, "terminated": 0, "memberUomCode": null}, {"memberId": 19, "parentMemberId": 2, "memberNameEn": "Malta", "memberNameFr": "Malte", "classificationCode": null, "classificationTypeCode": null, "geoLevel": null, "vintage": null, "terminated": 0, "memberUomCode": null}, {"memberId": 20, "parentMemberId": 2, "memberNameEn": "Netherlands", "memberNameFr": "Pays-Bas", "classificationCode": null, "classificationTypeCode": null, "geoLevel": null, "vintage": null, "terminated": 0, "memberUomCode": null}, {"memberId": 21, "parentMemberId": 2, "memberNameEn": "Austria", "memberNameFr": "Autriche", "classificationCode": null, "classificationTypeCode": null, "geoLevel": null, "vintage": null, "terminated": 0, "memberUomCode": null}, {"memberId": 22, "parentMemberId": 2, "memberNameEn": "Poland", "memberNameFr": "Pologne", "classificationCode": null, "classificationTypeCode": null, "geoLevel": null, "vintage": null, "terminated": 0, "memberUomCode": null}, {"memberId": 23, "parentMemberId": 2, "memberNameEn": "Portugal", "memberNameFr": "Portugal", "classificationCode": null, "classificationTypeCode": null, "geoLevel": null, "vintage": null, "terminated": 0, "memberUomCode": null}, {"memberId": 24, "parentMemberId": 2, "memberNameEn": "Romania", "memberNameFr": "Roumanie", "classificationCode": null, "classificationTypeCode": null, "geoLevel": null, "vintage": null, "terminated": 0, "memberUomCode": null}, {"memberId": 25, "parentMemberId": 2, "memberNameEn": "Slovenia", "memberNameFr": "Slov\u00e9nie", "classificationCode": null, "classificationTypeCode": null, "geoLevel": null, "vintage": null, "terminated": 0, "memberUomCode": null}, {"memberId": 26, "parentMemberId": 2, "memberNameEn": "Slovakia", "memberNameFr": "Slovaquie", "classificationCode": null, "classificationTypeCode": null, "geoLevel": null, "vintage": null, "terminated": 0, "memberUomCode": null}, {"memberId": 27, "parentMemberId": 2, "memberNameEn": "Finland", "memberNameFr": "Finlande", "classificationCode": null, "classificationTypeCode": null, "geoLevel": null, "vintage": null, "terminated": 0, "memberUomCode": null}, {"memberId": 28, "parentMemberId": 2, "memberNameEn": "Sweden", "memberNameFr": "Su\u00e8de", "classificationCode": null, "classificationTypeCode": null, "geoLevel": null, "vintage": null, "terminated": 0, "memberUomCode": null}, {"memberId": 29, "parentMemberId": 2, "memberNameEn": "United Kingdom", "memberNameFr": "Royaume-Uni", "classificationCode": null, "classificationTypeCode": null, "geoLevel": null, "vintage": null, "terminated": 0, "memberUomCode": null}, {"memberId": 30, "parentMemberId": 2, "memberNameEn": "Iceland", "memberNameFr": "Islande", "classificationCode": null, "classificationTypeCode": null, "geoLevel": null, "vintage": null, "terminated": 0, "memberUomCode": null}, {"memberId": 31, "parentMemberId": 2, "memberNameEn": "Norway", "memberNameFr": "Norv\u00e8ge", "classificationCode": null, "classificationTypeCode": null, "geoLevel": null, "vintage": null, "terminated": 0, "memberUomCode": null}, {"memberId": 32, "parentMemberId": 2, "memberNameEn": "Russia", "memberNameFr": "Russie", "classificationCode": null, "classificationTypeCode": null, "geoLevel": null, "vintage": null, "terminated": 0, "memberUomCode": null}, {"memberId": 33, "parentMemberId": 2, "memberNameEn": "Switzerland", "memberNameFr": "Suisse", "classificationCode": null, "classificationTypeCode": null, "geoLevel": null, "vintage": null, "terminated": 0, "memberUomCode": null}, {"memberId": 34, "parentMemberId": 2, "memberNameEn": "Turkey", "memberNameFr": "Turquie", "classificationCode": null, "classificationTypeCode": null, "geoLevel": null, "vintage": null, "terminated": 0, "memberUomCode": null}, {"memberId": 35, "parentMemberId": 2, "memberNameEn": "Albania", "memberNameFr": "Albanie", "classificationCode": null, "classificationTypeCode": null, "geoLevel": null, "vintage": null, "terminated": 0, "memberUomCode": null}, {"memberId": 36, "parentMemberId": 2, "memberNameEn": "Armenia", "memberNameFr": "Arm\u00e9nie", "classificationCode": null, "classificationTypeCode": null, "geoLevel": null, "vintage": null, "terminated": 0, "memberUomCode": null}, {"memberId": 37, "parentMemberId": 2, "memberNameEn": "Azerbaijan", "memberNameFr": "Azerba\u00efdjan", "classificationCode": null, "classificationTypeCode": null, "geoLevel": null, "vintage": null, "terminated": 0, "memberUomCode": null}, {"memberId": 38, "parentMemberId": 2, "memberNameEn": "Bosnia Herzegovina", "memberNameFr": "Bosnie-Herz\u00e9govine", "classificationCode": null, "classificationTypeCode": null, "geoLevel": null, "vintage": null, "terminated": 0, "memberUomCode": null}, {"memberId": 39, "parentMemberId": 2, "memberNameEn": "Belarus", "memberNameFr": "Bi\u00e9lorussie", "classificationCode": null, "classificationTypeCode": null, "geoLevel": null, "vintage": null, "terminated": 0, "memberUomCode": null}, {"memberId": 40, "parentMemberId": 2, "memberNameEn": "Georgia", "memberNameFr": "G\u00e9orgie", "classificationCode": null, "classificationTypeCode": null, "geoLevel": null, "vintage": null, "terminated": 0, "memberUomCode": null}, {"memberId": 41, "parentMemberId": 2, "memberNameEn": "Kyrgyzstan", "memberNameFr": "Kirghizistan", "classificationCode": null, "classificationTypeCode": null, "geoLevel": null, "vintage": null, "terminated": 0, "memberUomCode": null}, {"memberId": 42, "parentMemberId": 2, "memberNameEn": "Kazakhstan", "memberNameFr": "Kazakhstan", "classificationCode": null, "classificationTypeCode": null, "geoLevel": null, "vintage": null, "terminated": 0, "memberUomCode": null}, {"memberId": 43, "parentMemberId": 2, "memberNameEn": "Republic of Moldova", "memberNameFr": "R\u00e9publique de Moldavie", "classificationCode": null, "classificationTypeCode": null, "geoLevel": null, "vintage": null, "terminated": 0, "memberUomCode": null}, {"memberId": 44, "parentMemberId": 2, "memberNameEn": "Montenegro", "memberNameFr": "Mont\u00e9n\u00e9gro", "classificationCode": null, "classificationTypeCode": null, "geoLevel": null, "vintage": null, "terminated": 0, "memberUomCode": null}, {"memberId": 45, "parentMemberId": 2, "memberNameEn": "Macedonia", "memberNameFr": "Macedoine", "classificationCode": null, "classificationTypeCode": null, "geoLevel": null, "vintage": null, "terminated": 0, "memberUomCode": null}, {"memberId": 46, "parentMemberId": 2, "memberNameEn": "Serbia", "memberNameFr": "Serbie", "classificationCode": null, "classificationTypeCode": null, "geoLevel": null, "vintage": null, "terminated": 0, "memberUomCode": null}, {"memberId": 47, "parentMemberId": 2, "memberNameEn": "Tajikistan", "memberNameFr": "Tadjikistan", "classificationCode": null, "classificationTypeCode": null, "geoLevel": null, "vintage": null, "terminated": 0, "memberUomCode": null}, {"memberId": 48, "parentMemberId": 2, "memberNameEn": "Turkmenistan", "memberNameFr": "Turkmenistan", "classificationCode": null, "classificationTypeCode": null, "geoLevel": null, "vintage": null, "terminated": 0, "memberUomCode": null}, {"memberId": 49, "parentMemberId": 2, "memberNameEn": "Ukraine", "memberNameFr": "Ukraine", "classificationCode": null, "classificationTypeCode": null, "geoLevel": null, "vintage": null, "terminated": 0, "memberUomCode": null}, {"memberId": 50, "parentMemberId": 2, "memberNameEn": "Uzbekistan", "memberNameFr": "Ouzb\u00e9kistan", "classificationCode": null, "classificationTypeCode": null, "geoLevel": null, "vintage": null, "terminated": 0, "memberUomCode": null}, {"memberId": 51, "parentMemberId": 2, "memberNameEn": "Andorra", "memberNameFr": "Andorre", "classificationCode": null, "classificationTypeCode": null, "geoLevel": null, "vintage": null, "terminated": 0, "memberUomCode": null}, {"memberId": 52, "parentMemberId": 2, "memberNameEn": "Faeroe Islands", "memberNameFr": "\u00celes F\u00e9ro\u00e9", "classificationCode": null, "classificationTypeCode": null, "geoLevel": null, "vintage": null, "terminated": 0, "memberUomCode": null}, {"memberId": 53, "parentMemberId": 2, "memberNameEn": "Gibraltar", "memberNameFr": "Gibraltar", "classificationCode": null, "classificationTypeCode": null, "geoLevel": null, "vintage": null, "terminated": 0, "memberUomCode": null}, {"memberId": 54, "parentMemberId": 2, "memberNameEn": "Croatia", "memberNameFr": "Croatie", "classificationCode": null, "classificationTypeCode": null, "geoLevel": null, "vintage": null, "terminated": 0, "memberUomCode": null}, {"memberId": 55, "parentMemberId": 1, "memberNameEn": "Africa", "memberNameFr": "Afrique", "classificationCode": null, "classificationTypeCode": null, "geoLevel": null, "vintage": null, "terminated": 0, "memberUomCode": null}, {"memberId": 56, "parentMemberId": 55, "memberNameEn": "South Africa", "memberNameFr": "Afrique du Sud", "classificationCode": null, "classificationTypeCode": null, "geoLevel": null, "vintage": null, "terminated": 0, "memberUomCode": null}, {"memberId": 57, "parentMemberId": 55, "memberNameEn": "Angola", "memberNameFr": "Angola", "classificationCode": null, "classificationTypeCode": null, "geoLevel": null, "vintage": null, "terminated": 0, "memberUomCode": null}, {"memberId": 58, "parentMemberId": 55, "memberNameEn": "Burkina Faso", "memberNameFr": "Burkina Faso", "classificationCode": null, "classificationTypeCode": null, "geoLevel": null, "vintage": null, "terminated": 0, "memberUomCode": null}, {"memberId": 59, "parentMemberId": 55, "memberNameEn": "Burundi", "memberNameFr": "Burundi", "classificationCode": null, "classificationTypeCode": null, "geoLevel": null, "vintage": null, "terminated": 0, "memberUomCode": null}, {"memberId": 60, "parentMemberId": 55, "memberNameEn": "Benin", "memberNameFr": "B\u00e9nin", "classificationCode": null, "classificationTypeCode": null, "geoLevel": null, "vintage": null, "terminated": 0, "memberUomCode": null}, {"memberId": 61, "parentMemberId": 55, "memberNameEn": "Bouvet Island", "memberNameFr": "\u00cele Bouvet", "classificationCode": null, "classificationTypeCode": null, "geoLevel": null, "vintage": null, "terminated": 0, "memberUomCode": null}, {"memberId": 62, "parentMemberId": 55, "memberNameEn": "Botswana", "memberNameFr": "Botswana", "classificationCode": null, "classificationTypeCode": null, "geoLevel": null, "vintage": null, "terminated": 0, "memberUomCode": null}, {"memberId": 63, "parentMemberId": 55, "memberNameEn": "Democratic Republic of the Congo", "memberNameFr": "R\u00e9publique d\u00e9mocratique du Congo", "classificationCode": null, "classificationTypeCode": null, "geoLevel": null, "vintage": null, "terminated": 0, "memberUomCode": null}, {"memberId": 64, "parentMemberId": 55, "memberNameEn": "Central African Republic", "memberNameFr": "R\u00e9publique centrafricaine", "classificationCode": null, "classificationTypeCode": null, "geoLevel": null, "vintage": null, "terminated": 0, "memberUomCode": null}, {"memberId": 65, "parentMemberId": 55, "memberNameEn": "Congo", "memberNameFr": "Congo", "classificationCode": null, "classificationTypeCode": null, "geoLevel": null, "vintage": null, "terminated": 0, "memberUomCode": null}, {"memberId": 66, "parentMemberId": 55, "memberNameEn": "C\u00f4te d'Ivoire", "memberNameFr": "C\u00f4te d'Ivoire", "classificationCode": null, "classificationTypeCode": null, "geoLevel": null, "vintage": null, "terminated": 0, "memberUomCode": null}, {"memberId": 67, "parentMemberId": 55, "memberNameEn": "Cameroon", "memberNameFr": "Cameroun", "classificationCode": null, "classificationTypeCode": null, "geoLevel": null, "vintage": null, "terminated": 0, "memberUomCode": null}, {"memberId": 68, "parentMemberId": 55, "memberNameEn": "Cabo Verde", "memberNameFr": "Cap-Vert", "classificationCode": null, "classificationTypeCode": null, "geoLevel": null, "vintage": null, "terminated": 0, "memberUomCode": null}, {"memberId": 69, "parentMemberId": 55, "memberNameEn": "Djibouti", "memberNameFr": "Djibouti", "classificationCode": null, "classificationTypeCode": null, "geoLevel": null, "vintage": null, "terminated": 0, "memberUomCode": null}, {"memberId": 70, "parentMemberId": 55, "memberNameEn": "Algeria", "memberNameFr": "Alg\u00e9rie", "classificationCode": null, "classificationTypeCode": null, "geoLevel": null, "vintage": null, "terminated": 0, "memberUomCode": null}, {"memberId": 71, "parentMemberId": 55, "memberNameEn": "Western Sahara", "memberNameFr": "Sahara occidental", "classificationCode": null, "classificationTypeCode": null, "geoLevel": null, "vintage": null, "terminated": 0, "memberUomCode": null}, {"memberId": 72, "parentMemberId": 55, "memberNameEn": "Gabon", "memberNameFr": "Gabon", "classificationCode": null, "classificationTypeCode": null, "geoLevel": null, "vintage": null, "terminated": 0, "memberUomCode": null}, {"memberId": 73, "parentMemberId": 55, "memberNameEn": "Ghana", "memberNameFr": "Ghana", "classificationCode": null, "classificationTypeCode": null, "geoLevel": null, "vintage": null, "terminated": 0, "memberUomCode": null}, {"memberId": 74, "parentMemberId": 55, "memberNameEn": "Gambia", "memberNameFr": "Gambie", "classificationCode": null, "classificationTypeCode": null, "geoLevel": null, "vintage": null, "terminated": 0, "memberUomCode": null}, {"memberId": 75, "parentMemberId": 55, "memberNameEn": "Guinea", "memberNameFr": "Guin\u00e9e", "classificationCode": null, "classificationTypeCode": null, "geoLevel": null, "vintage": null, "terminated": 0, "memberUomCode": null}, {"memberId": 76, "parentMemberId": 55, "memberNameEn": "Equatorial Guinea", "memberNameFr": "Guin\u00e9e \u00c9quatoriale", "classificationCode": null, "classificationTypeCode": null, "geoLevel": null, "vintage": null, "terminated": 0, "memberUomCode": null}, {"memberId": 77, "parentMemberId": 55, "memberNameEn": "Guinea Bissau", "memberNameFr": "Guin\u00e9e-Bissau", "classificationCode": null, "classificationTypeCode": null, "geoLevel": null, "vintage": null, "terminated": 0, "memberUomCode": null}, {"memberId": 78, "parentMemberId": 55, "memberNameEn": "Kenya", "memberNameFr": "K\u00e9nya", "classificationCode": null, "classificationTypeCode": null, "geoLevel": null, "vintage": null, "terminated": 0, "memberUomCode": null}, {"memberId": 79, "parentMemberId": 55, "memberNameEn": "Comoros", "memberNameFr": "Comores", "classificationCode": null, "classificationTypeCode": null, "geoLevel": null, "vintage": null, "terminated": 0, "memberUomCode": null}, {"memberId": 80, "parentMemberId": 55, "memberNameEn": "Liberia", "memberNameFr": "Lib\u00e9ria", "classificationCode": null, "classificationTypeCode": null, "geoLevel": null, "vintage": null, "terminated": 0, "memberUomCode": null}, {"memberId": 81, "parentMemberId": 55, "memberNameEn": "Lesotho", "memberNameFr": "Lesotho", "classificationCode": null, "classificationTypeCode": null, "geoLevel": null, "vintage": null, "terminated": 0, "memberUomCode": null}, {"memberId": 82, "parentMemberId": 55, "memberNameEn": "Morocco", "memberNameFr": "Maroc", "classificationCode": null, "classificationTypeCode": null, "geoLevel": null, "vintage": null, "terminated": 0, "memberUomCode": null}, {"memberId": 83, "parentMemberId": 55, "memberNameEn": "Madagascar", "memberNameFr": "Madagascar", "classificationCode": null, "classificationTypeCode": null, "geoLevel": null, "vintage": null, "terminated": 0, "memberUomCode": null}, {"memberId": 84, "parentMemberId": 55, "memberNameEn": "Mali", "memberNameFr": "Mali", "classificationCode": null, "classificationTypeCode": null, "geoLevel": null, "vintage": null, "terminated": 0, "memberUomCode": null}, {"memberId": 85, "parentMemberId": 55, "memberNameEn": "Mauritania", "memberNameFr": "Mauritanie", "classificationCode": null, "classificationTypeCode": null, "geoLevel": null, "vintage": null, "terminated": 0, "memberUomCode": null}, {"memberId": 86, "parentMemberId": 55, "memberNameEn": "Mauritius", "memberNameFr": "Maurice", "classificationCode": null, "classificationTypeCode": null, "geoLevel": null, "vintage": null, "terminated": 0, "memberUomCode": null}, {"memberId": 87, "parentMemberId": 55, "memberNameEn": "Malawi", "memberNameFr": "Malawi", "classificationCode": null, "classificationTypeCode": null, "geoLevel": null, "vintage": null, "terminated": 0, "memberUomCode": null}, {"memberId": 88, "parentMemberId": 55, "memberNameEn": "Mozambique", "memberNameFr": "Mozambique", "classificationCode": null, "classificationTypeCode": null, "geoLevel": null, "vintage": null, "terminated": 0, "memberUomCode": null}, {"memberId": 89, "parentMemberId": 55, "memberNameEn": "Namibia", "memberNameFr": "Namibie", "classificationCode": null, "classificationTypeCode": null, "geoLevel": null, "vintage": null, "terminated": 0, "memberUomCode": null}, {"memberId": 90, "parentMemberId": 55, "memberNameEn": "Niger", "memberNameFr": "Niger", "classificationCode": null, "classificationTypeCode": null, "geoLevel": null, "vintage": null, "terminated": 0, "memberUomCode": null}, {"memberId": 91, "parentMemberId": 55, "memberNameEn": "Nigeria", "memberNameFr": "Nig\u00e9ria", "classificationCode": null, "classificationTypeCode": null, "geoLevel": null, "vintage": null, "terminated": 0, "memberUomCode": null}, {"memberId": 92, "parentMemberId": 55, "memberNameEn": "Rwanda", "memberNameFr": "Rwanda", "classificationCode": null, "classificationTypeCode": null, "geoLevel": null, "vintage": null, "terminated": 0, "memberUomCode": null}, {"memberId": 93, "parentMemberId": 55, "memberNameEn": "Saint Helena", "memberNameFr": "Sainte-H\u00e9l\u00e8ne, Ascenison et Tristan da Cunha", "classificationCode": null, "classificationTypeCode": null, "geoLevel": null, "vintage": null, "terminated": 0, "memberUomCode": null}, {"memberId": 94, "parentMemberId": 55, "memberNameEn": "Sierra Leone", "memberNameFr": "Sierra Leone", "classificationCode": null, "classificationTypeCode": null, "geoLevel": null, "vintage": null, "terminated": 0, "memberUomCode": null}, {"memberId": 95, "parentMemberId": 55, "memberNameEn": "Senegal", "memberNameFr": "S\u00e9n\u00e9gal", "classificationCode": null, "classificationTypeCode": null, "geoLevel": null, "vintage": null, "terminated": 0, "memberUomCode": null}, {"memberId": 96, "parentMemberId": 55, "memberNameEn": "Sao Tome and Principe", "memberNameFr": "Sao Tom\u00e9-et-Principe", "classificationCode": null, "classificationTypeCode": null, "geoLevel": null, "vintage": null, "terminated": 0, "memberUomCode": null}, {"memberId": 97, "parentMemberId": 55, "memberNameEn": "Swaziland", "memberNameFr": "Swaziland", "classificationCode": null, "classificationTypeCode": null, "geoLevel": null, "vintage": null, "terminated": 0, "memberUomCode": null}, {"memberId": 98, "parentMemberId": 55, "memberNameEn": "Chad", "memberNameFr": "Chad", "classificationCode": null, "classificationTypeCode": null, "geoLevel": null, "vintage": null, "terminated": 0, "memberUomCode": null}, {"memberId": 99, "parentMemberId": 55, "memberNameEn": "French Southern Territories", "memberNameFr": "Territoires du Sud Fran\u00e7ais\u00a0", "classificationCode": null, "classificationTypeCode": null, "geoLevel": null, "vintage": null, "terminated": 0, "memberUomCode": null}, {"memberId": 100, "parentMemberId": 55, "memberNameEn": "Togo", "memberNameFr": "Togo", "classificationCode": null, "classificationTypeCode": null, "geoLevel": null, "vintage": null, "terminated": 0, "memberUomCode": null}, {"memberId": 101, "parentMemberId": 55, "memberNameEn": "Tunisia", "memberNameFr": "Tunisie", "classificationCode": null, "classificationTypeCode": null, "geoLevel": null, "vintage": null, "terminated": 0, "memberUomCode": null}, {"memberId": 102, "parentMemberId": 55, "memberNameEn": "United Republic of Tanzania", "memberNameFr": "R\u00e9publique-Unie de Tanzanie", "classificationCode": null, "classificationTypeCode": null, "geoLevel": null, "vintage": null, "terminated": 0, "memberUomCode": null}, {"memberId": 103, "parentMemberId": 55, "memberNameEn": "Uganda", "memberNameFr": "Ouganda", "classificationCode": null, "classificationTypeCode": null, "geoLevel": null, "vintage": null, "terminated": 0, "memberUomCode": null}, {"memberId": 104, "parentMemberId": 55, "memberNameEn": "Mayotte", "memberNameFr": "Mayotte", "classificationCode": null, "classificationTypeCode": null, "geoLevel": null, "vintage": null, "terminated": 0, "memberUomCode": null}, {"memberId": 105, "parentMemberId": 55, "memberNameEn": "Zambia", "memberNameFr": "Zambie", "classificationCode": null, "classificationTypeCode": null, "geoLevel": null, "vintage": null, "terminated": 0, "memberUomCode": null}, {"memberId": 106, "parentMemberId": 55, "memberNameEn": "Zimbabwe", "memberNameFr": "Zimbabwe", "classificationCode": null, "classificationTypeCode": null, "geoLevel": null, "vintage": null, "terminated": 0, "memberUomCode": null}, {"memberId": 107, "parentMemberId": 55, "memberNameEn": "Seychelles", "memberNameFr": "Seychelles", "classificationCode": null, "classificationTypeCode": null, "geoLevel": null, "vintage": null, "terminated": 0, "memberUomCode": null}, {"memberId": 108, "parentMemberId": 55, "memberNameEn": "South Sudan", "memberNameFr": "Soudan du Sud", "classificationCode": null, "classificationTypeCode": null, "geoLevel": null, "vintage": null, "terminated": 0, "memberUomCode": null}, {"memberId": 109, "parentMemberId": 1, "memberNameEn": "North America", "memberNameFr": "Am\u00e9rique du Nord", "classificationCode": null, "classificationTypeCode": null, "geoLevel": null, "vintage": null, "terminated": 0, "memberUomCode": null}, {"memberId": 110, "parentMemberId": 109, "memberNameEn": "Canada", "memberNameFr": "Canada", "classificationCode": null, "classificationTypeCode": null, "geoLevel": null, "vintage": null, "terminated": 0, "memberUomCode": null}, {"memberId": 111, "parentMemberId": 109, "memberNameEn": "United States", "memberNameFr": "\u00c9tats-Unis", "classificationCode": null, "classificationTypeCode": null, "geoLevel": null, "vintage": null, "terminated": 0, "memberUomCode": null}, {"memberId": 112, "parentMemberId": 109, "memberNameEn": "Mexico", "memberNameFr": "Mexique", "classificationCode": null, "classificationTypeCode": null, "geoLevel": null, "vintage": null, "terminated": 0, "memberUomCode": null}, {"memberId": 113, "parentMemberId": 1, "memberNameEn": "Central America, South America, and Caribbean", "memberNameFr": "Am\u00e9rique centrale, Am\u00e9rique du Sud et Cara\u00efbes", "classificationCode": null, "classificationTypeCode": null, "geoLevel": null, "vintage": null, "terminated": 0, "memberUomCode": null}, {"memberId": 114, "parentMemberId": 113, "memberNameEn": "Argentina", "memberNameFr": "Argentine", "classificationCode": null, "classificationTypeCode": null, "geoLevel": null, "vintage": null, "terminated": 0, "memberUomCode": null}, {"memberId": 115, "parentMemberId": 113, "memberNameEn": "Brazil", "memberNameFr": "Br\u00e9sil", "classificationCode": null, "classificationTypeCode": null, "geoLevel": null, "vintage": null, "terminated": 0, "memberUomCode": null}, {"memberId": 116, "parentMemberId": 113, "memberNameEn": "Chile", "memberNameFr": "Chili", "classificationCode": null, "classificationTypeCode": null, "geoLevel": null, "vintage": null, "terminated": 0, "memberUomCode": null}, {"memberId": 117, "parentMemberId": 113, "memberNameEn": "Venezuela", "memberNameFr": "Venezuela", "classificationCode": null, "classificationTypeCode": null, "geoLevel": null, "vintage": null, "terminated": 0, "memberUomCode": null}, {"memberId": 118, "parentMemberId": 113, "memberNameEn": "Antigua and Barbuda", "memberNameFr": "Antigua-et-Barbuda", "classificationCode": null, "classificationTypeCode": null, "geoLevel": null, "vintage": null, "terminated": 0, "memberUomCode": null}, {"memberId": 119, "parentMemberId": 113, "memberNameEn": "Anguilla", "memberNameFr": "Anguilla", "classificationCode": null, "classificationTypeCode": null, "geoLevel": null, "vintage": null, "terminated": 0, "memberUomCode": null}, {"memberId": 120, "parentMemberId": 113, "memberNameEn": "Netherlands Antilles", "memberNameFr": "Antilles N\u00e9erlandaises", "classificationCode": null, "classificationTypeCode": null, "geoLevel": null, "vintage": null, "terminated": 0, "memberUomCode": null}, {"memberId": 121, "parentMemberId": 113, "memberNameEn": "Aruba", "memberNameFr": "Aruba", "classificationCode": null, "classificationTypeCode": null, "geoLevel": null, "vintage": null, "terminated": 0, "memberUomCode": null}, {"memberId": 122, "parentMemberId": 113, "memberNameEn": "Barbados", "memberNameFr": "Barbade", "classificationCode": null, "classificationTypeCode": null, "geoLevel": null, "vintage": null, "terminated": 0, "memberUomCode": null}, {"memberId": 123, "parentMemberId": 113, "memberNameEn": "Bermuda", "memberNameFr": "Bermudes", "classificationCode": null, "classificationTypeCode": null, "geoLevel": null, "vintage": null, "terminated": 0, "memberUomCode": null}, {"memberId": 124, "parentMemberId": 113, "memberNameEn": "Bolivia", "memberNameFr": "Bolivie", "classificationCode": null, "classificationTypeCode": null, "geoLevel": null, "vintage": null, "terminated": 0, "memberUomCode": null}, {"memberId": 125, "parentMemberId": 113, "memberNameEn": "Bahamas", "memberNameFr": "Bahamas", "classificationCode": null, "classificationTypeCode": null, "geoLevel": null, "vintage": null, "terminated": 0, "memberUomCode": null}, {"memberId": 126, "parentMemberId": 113, "memberNameEn": "Belize", "memberNameFr": "Bekize", "classificationCode": null, "classificationTypeCode": null, "geoLevel": null, "vintage": null, "terminated": 0, "memberUomCode": null}, {"memberId": 127, "parentMemberId": 113, "memberNameEn": "Colombia", "memberNameFr": "Colombie", "classificationCode": null, "classificationTypeCode": null, "geoLevel": null, "vintage": null, "terminated": 0, "memberUomCode": null}, {"memberId": 128, "parentMemberId": 113, "memberNameEn": "Costa Rica", "memberNameFr": "Costa Rica", "classificationCode": null, "classificationTypeCode": null, "geoLevel": null, "vintage": null, "terminated": 0, "memberUomCode": null}, {"memberId": 129, "parentMemberId": 113, "memberNameEn": "Cuba", "memberNameFr": "Cuba", "classificationCode": null, "classificationTypeCode": null, "geoLevel": null, "vintage": null, "terminated": 0, "memberUomCode": null}, {"memberId": 130, "parentMemberId": 113, "memberNameEn": "Dominica", "memberNameFr": "Dominique", "classificationCode": null, "classificationTypeCode": null, "geoLevel": null, "vintage": null, "terminated": 0, "memberUomCode": null}, {"memberId": 131, "parentMemberId": 113, "memberNameEn": "Dominican Republic", "memberNameFr": "R\u00e9publique Dominicaine", "classificationCode": null, "classificationTypeCode": null, "geoLevel": null, "vintage": null, "terminated": 0, "memberUomCode": null}, {"memberId": 132, "parentMemberId": 113, "memberNameEn": "Ecuador", "memberNameFr": "\u00c9quateur", "classificationCode": null, "classificationTypeCode": null, "geoLevel": null, "vintage": null, "terminated": 0, "memberUomCode": null}, {"memberId": 133, "parentMemberId": 113, "memberNameEn": "Falkland Islands", "memberNameFr": "\u00celes Malouines", "classificationCode": null, "classificationTypeCode": null, "geoLevel": null, "vintage": null, "terminated": 0, "memberUomCode": null}, {"memberId": 134, "parentMemberId": 113, "memberNameEn": "Grenada", "memberNameFr": "Grenade", "classificationCode": null, "classificationTypeCode": null, "geoLevel": null, "vintage": null, "terminated": 0, "memberUomCode": null}, {"memberId": 135, "parentMemberId": 113, "memberNameEn": "Guatemala", "memberNameFr": "Guatemala", "classificationCode": null, "classificationTypeCode": null, "geoLevel": null, "vintage": null, "terminated": 0, "memberUomCode": null}, {"memberId": 136, "parentMemberId": 113, "memberNameEn": "Guyana", "memberNameFr": "Guyana", "classificationCode": null, "classificationTypeCode": null, "geoLevel": null, "vintage": null, "terminated": 0, "memberUomCode": null}, {"memberId": 137, "parentMemberId": 113, "memberNameEn": "Honduras", "memberNameFr": "Honduras", "classificationCode": null, "classificationTypeCode": null, "geoLevel": null, "vintage": null, "terminated": 0, "memberUomCode": null}, {"memberId": 138, "parentMemberId": 113, "memberNameEn": "Haiti", "memberNameFr": "Ha\u00efti", "classificationCode": null, "classificationTypeCode": null, "geoLevel": null, "vintage": null, "terminated": 0, "memberUomCode": null}, {"memberId": 139, "parentMemberId": 113, "memberNameEn": "Jamaica", "memberNameFr": "Jama\u00efque", "classificationCode": null, "classificationTypeCode": null, "geoLevel": null, "vintage": null, "terminated": 0, "memberUomCode": null}, {"memberId": 140, "parentMemberId": 113, "memberNameEn": "Saint Kitts and Nevis", "memberNameFr": "Saint-Kitts-et-Nevis", "classificationCode": null, "classificationTypeCode": null, "geoLevel": null, "vintage": null, "terminated": 0, "memberUomCode": null}, {"memberId": 141, "parentMemberId": 113, "memberNameEn": "Cayman Islands", "memberNameFr": "\u00celes Ca\u00efmanes", "classificationCode": null, "classificationTypeCode": null, "geoLevel": null, "vintage": null, "terminated": 0, "memberUomCode": null}, {"memberId": 142, "parentMemberId": 113, "memberNameEn": "Saint Lucia", "memberNameFr": "Sainte-Lucie", "classificationCode": null, "classificationTypeCode": null, "geoLevel": null, "vintage": null, "terminated": 0, "memberUomCode": null}, {"memberId": 143, "parentMemberId": 113, "memberNameEn": "Montserrat", "memberNameFr": "Montserrat", "classificationCode": null, "classificationTypeCode": null, "geoLevel": null, "vintage": null, "terminated": 0, "memberUomCode": null}, {"memberId": 144, "parentMemberId": 113, "memberNameEn": "Nicaragua", "memberNameFr": "Nicaragua", "classificationCode": null, "classificationTypeCode": null, "geoLevel": null, "vintage": null, "terminated": 0, "memberUomCode": null}, {"memberId": 145, "parentMemberId": 113, "memberNameEn": "Panama", "memberNameFr": "Panama", "classificationCode": null, "classificationTypeCode": null, "geoLevel": null, "vintage": null, "terminated": 0, "memberUomCode": null}, {"memberId": 146, "parentMemberId": 113, "memberNameEn": "Peru", "memberNameFr": "P\u00e9rou", "classificationCode": null, "classificationTypeCode": null, "geoLevel": null, "vintage": null, "terminated": 0, "memberUomCode": null}, {"memberId": 147, "parentMemberId": 113, "memberNameEn": "Paraguay", "memberNameFr": "Paraguay", "classificationCode": null, "classificationTypeCode": null, "geoLevel": null, "vintage": null, "terminated": 0, "memberUomCode": null}, {"memberId": 148, "parentMemberId": 113, "memberNameEn": "Suriname", "memberNameFr": "Suriname", "classificationCode": null, "classificationTypeCode": null, "geoLevel": null, "vintage": null, "terminated": 0, "memberUomCode": null}, {"memberId": 149, "parentMemberId": 113, "memberNameEn": "El Salvador", "memberNameFr": "Salvador", "classificationCode": null, "classificationTypeCode": null, "geoLevel": null, "vintage": null, "terminated": 0, "memberUomCode": null}, {"memberId": 150, "parentMemberId": 113, "memberNameEn": "Turks and Caicos Islands", "memberNameFr": "\u00celes Turks-et-Ca\u00efcos", "classificationCode": null, "classificationTypeCode": null, "geoLevel": null, "vintage": null, "terminated": 0, "memberUomCode": null}, {"memberId": 151, "parentMemberId": 113, "memberNameEn": "Trinidad and Tobago", "memberNameFr": "Trinit\u00e9-et-Tobago", "classificationCode": null, "classificationTypeCode": null, "geoLevel": null, "vintage": null, "terminated": 0, "memberUomCode": null}, {"memberId": 152, "parentMemberId": 113, "memberNameEn": "Saint Vincent and the Grenadines", "memberNameFr": "Saint-Vincent-et-Grenadines", "classificationCode": null, "classificationTypeCode": null, "geoLevel": null, "vintage": null, "terminated": 0, "memberUomCode": null}, {"memberId": 153, "parentMemberId": 113, "memberNameEn": "British Virgin Islands", "memberNameFr": "\u00celes Vierges Britanniques", "classificationCode": null, "classificationTypeCode": null, "geoLevel": null, "vintage": null, "terminated": 0, "memberUomCode": null}, {"memberId": 154, "parentMemberId": 113, "memberNameEn": "Uruguay", "memberNameFr": "Uruguay", "classificationCode": null, "classificationTypeCode": null, "geoLevel": null, "vintage": null, "terminated": 0, "memberUomCode": null}, {"memberId": 155, "parentMemberId": 113, "memberNameEn": "Bonaire Sint Eustatius and Saba", "memberNameFr": "Bonaire, Saint Eustache et Saba", "classificationCode": null, "classificationTypeCode": null, "geoLevel": null, "vintage": null, "terminated": 0, "memberUomCode": null}, {"memberId": 156, "parentMemberId": 113, "memberNameEn": "Curacao", "memberNameFr": "Cura\u00e7ao", "classificationCode": null, "classificationTypeCode": null, "geoLevel": null, "vintage": null, "terminated": 0, "memberUomCode": null}, {"memberId": 157, "parentMemberId": 113, "memberNameEn": "Sint Maarten (Dutch part)", "memberNameFr": "Saint-Martin (partie n\u00e9erlandaise)", "classificationCode": null, "classificationTypeCode": null, "geoLevel": null, "vintage": null, "terminated": 0, "memberUomCode": null}, {"memberId": 244, "parentMemberId": 113, "memberNameEn": "Saint Barth\u00e9lemy", "memberNameFr": "Saint Barth\u00e9lemy", "classificationCode": null, "classificationTypeCode": null, "geoLevel": null, "vintage": null, "terminated": 0, "memberUomCode": null}, {"memberId": 245, "parentMemberId": 113, "memberNameEn": "Saint Martin (French part)", "memberNameFr": "Saint Martin (partie fran\u00e7aise)", "classificationCode": null, "classificationTypeCode": null, "geoLevel": null, "vintage": null, "terminated": 0, "memberUomCode": null}, {"memberId": 158, "parentMemberId": 1, "memberNameEn": "Asia", "memberNameFr": "Asie", "classificationCode": null, "classificationTypeCode": null, "geoLevel": null, "vintage": null, "terminated": 0, "memberUomCode": null}, {"memberId": 159, "parentMemberId": 158, "memberNameEn": "Japan", "memberNameFr": "Japon", "classificationCode": null, "classificationTypeCode": null, "geoLevel": null, "vintage": null, "terminated": 0, "memberUomCode": null}, {"memberId": 160, "parentMemberId": 158, "memberNameEn": "China", "memberNameFr": "Chine", "classificationCode": null, "classificationTypeCode": null, "geoLevel": null, "vintage": null, "terminated": 0, "memberUomCode": null}, {"memberId": 161, "parentMemberId": 158, "memberNameEn": "India", "memberNameFr": "Inde", "classificationCode": null, "classificationTypeCode": null, "geoLevel": null, "vintage": null, "terminated": 0, "memberUomCode": null}, {"memberId": 162, "parentMemberId": 158, "memberNameEn": "Indonesia", "memberNameFr": "Indon\u00e9sie", "classificationCode": null, "classificationTypeCode": null, "geoLevel": null, "vintage": null, "terminated": 0, "memberUomCode": null}, {"memberId": 163, "parentMemberId": 158, "memberNameEn": "South Korea", "memberNameFr": "Cor\u00e9e du Sud", "classificationCode": null, "classificationTypeCode": null, "geoLevel": null, "vintage": null, "terminated": 0, "memberUomCode": null}, {"memberId": 164, "parentMemberId": 158, "memberNameEn": "Afghanistan", "memberNameFr": "Afghanistan", "classificationCode": null, "classificationTypeCode": null, "geoLevel": null, "vintage": null, "terminated": 0, "memberUomCode": null}, {"memberId": 165, "parentMemberId": 158, "memberNameEn": "Bangladesh", "memberNameFr": "Bangladesh", "classificationCode": null, "classificationTypeCode": null, "geoLevel": null, "vintage": null, "terminated": 0, "memberUomCode": null}, {"memberId": 166, "parentMemberId": 158, "memberNameEn": "Brunei Darussalam", "memberNameFr": "Brun\u00e9i Darussalam", "classificationCode": null, "classificationTypeCode": null, "geoLevel": null, "vintage": null, "terminated": 0, "memberUomCode": null}, {"memberId": 167, "parentMemberId": 158, "memberNameEn": "Bhutan", "memberNameFr": "Bhoutan", "classificationCode": null, "classificationTypeCode": null, "geoLevel": null, "vintage": null, "terminated": 0, "memberUomCode": null}, {"memberId": 168, "parentMemberId": 158, "memberNameEn": "Hong Kong", "memberNameFr": "Hong Kong", "classificationCode": null, "classificationTypeCode": null, "geoLevel": null, "vintage": null, "terminated": 0, "memberUomCode": null}, {"memberId": 169, "parentMemberId": 158, "memberNameEn": "British Indian Ocean Territory", "memberNameFr": "Territoire britannique de l'oc\u00e9an Indien", "classificationCode": null, "classificationTypeCode": null, "geoLevel": null, "vintage": null, "terminated": 0, "memberUomCode": null}, {"memberId": 170, "parentMemberId": 158, "memberNameEn": "Cambodia", "memberNameFr": "Cambodge", "classificationCode": null, "classificationTypeCode": null, "geoLevel": null, "vintage": null, "terminated": 0, "memberUomCode": null}, {"memberId": 171, "parentMemberId": 158, "memberNameEn": "North Korea", "memberNameFr": "Cor\u00e9e du Nord", "classificationCode": null, "classificationTypeCode": null, "geoLevel": null, "vintage": null, "terminated": 0, "memberUomCode": null}, {"memberId": 172, "parentMemberId": 158, "memberNameEn": "Laos", "memberNameFr": "Laos", "classificationCode": null, "classificationTypeCode": null, "geoLevel": null, "vintage": null, "terminated": 0, "memberUomCode": null}, {"memberId": 173, "parentMemberId": 158, "memberNameEn": "Sri Lanka", "memberNameFr": "Sri Lanka", "classificationCode": null, "classificationTypeCode": null, "geoLevel": null, "vintage": null, "terminated": 0, "memberUomCode": null}, {"memberId": 174, "parentMemberId": 158, "memberNameEn": "Myanmar", "memberNameFr": "Myanmar", "classificationCode": null, "classificationTypeCode": null, "geoLevel": null, "vintage": null, "terminated": 0, "memberUomCode": null}, {"memberId": 175, "parentMemberId": 158, "memberNameEn": "Mongolia", "memberNameFr": "Mongolie", "classificationCode": null, "classificationTypeCode": null, "geoLevel": null, "vintage": null, "terminated": 0, "memberUomCode": null}, {"memberId": 176, "parentMemberId": 158, "memberNameEn": "Macao", "memberNameFr": "Macao", "classificationCode": null, "classificationTypeCode": null, "geoLevel": null, "vintage": null, "terminated": 0, "memberUomCode": null}, {"memberId": 177, "parentMemberId": 158, "memberNameEn": "Maldives", "memberNameFr": "Maldives", "classificationCode": null, "classificationTypeCode": null, "geoLevel": null, "vintage": null, "terminated": 0, "memberUomCode": null}, {"memberId": 178, "parentMemberId": 158, "memberNameEn": "Malaysia", "memberNameFr": "Malaisie", "classificationCode": null, "classificationTypeCode": null, "geoLevel": null, "vintage": null, "terminated": 0, "memberUomCode": null}, {"memberId": 179, "parentMemberId": 158, "memberNameEn": "Nepal", "memberNameFr": "N\u00e9pal", "classificationCode": null, "classificationTypeCode": null, "geoLevel": null, "vintage": null, "terminated": 0, "memberUomCode": null}, {"memberId": 180, "parentMemberId": 158, "memberNameEn": "Philippines", "memberNameFr": "Philippines", "classificationCode": null, "classificationTypeCode": null, "geoLevel": null, "vintage": null, "terminated": 0, "memberUomCode": null}, {"memberId": 181, "parentMemberId": 158, "memberNameEn": "Pakistan", "memberNameFr": "Pakistan", "classificationCode": null, "classificationTypeCode": null, "geoLevel": null, "vintage": null, "terminated": 0, "memberUomCode": null}, {"memberId": 182, "parentMemberId": 158, "memberNameEn": "Singapore", "memberNameFr": "Singapour", "classificationCode": null, "classificationTypeCode": null, "geoLevel": null, "vintage": null, "terminated": 0, "memberUomCode": null}, {"memberId": 183, "parentMemberId": 158, "memberNameEn": "Thailand", "memberNameFr": "Tha\u00eflande", "classificationCode": null, "classificationTypeCode": null, "geoLevel": null, "vintage": null, "terminated": 0, "memberUomCode": null}, {"memberId": 184, "parentMemberId": 158, "memberNameEn": "Timor Leste", "memberNameFr": "Timor Leste", "classificationCode": null, "classificationTypeCode": null, "geoLevel": null, "vintage": null, "terminated": 0, "memberUomCode": null}, {"memberId": 185, "parentMemberId": 158, "memberNameEn": "Taiwan", "memberNameFr": "Ta\u00efwan", "classificationCode": null, "classificationTypeCode": null, "geoLevel": null, "vintage": null, "terminated": 0, "memberUomCode": null}, {"memberId": 186, "parentMemberId": 158, "memberNameEn": "Viet Nam", "memberNameFr": "Viet Nam", "classificationCode": null, "classificationTypeCode": null, "geoLevel": null, "vintage": null, "terminated": 0, "memberUomCode": null}, {"memberId": 187, "parentMemberId": 1, "memberNameEn": "Middle East", "memberNameFr": "Moyen-Orient", "classificationCode": null, "classificationTypeCode": null, "geoLevel": null, "vintage": null, "terminated": 0, "memberUomCode": null}, {"memberId": 188, "parentMemberId": 187, "memberNameEn": "Israel", "memberNameFr": "Isra\u00ebl", "classificationCode": null, "classificationTypeCode": null, "geoLevel": null, "vintage": null, "terminated": 0, "memberUomCode": null}, {"memberId": 189, "parentMemberId": 187, "memberNameEn": "Saudi Arabia", "memberNameFr": "Arabie saoudite", "classificationCode": null, "classificationTypeCode": null, "geoLevel": null, "vintage": null, "terminated": 0, "memberUomCode": null}, {"memberId": 190, "parentMemberId": 187, "memberNameEn": "United Arab Emirates", "memberNameFr": "\u00c9mirats arabes unis", "classificationCode": null, "classificationTypeCode": null, "geoLevel": null, "vintage": null, "terminated": 0, "memberUomCode": null}, {"memberId": 191, "parentMemberId": 187, "memberNameEn": "Bahrain", "memberNameFr": "Bahre\u00efn", "classificationCode": null, "classificationTypeCode": null, "geoLevel": null, "vintage": null, "terminated": 0, "memberUomCode": null}, {"memberId": 192, "parentMemberId": 187, "memberNameEn": "Egypt", "memberNameFr": "\u00c9gypte", "classificationCode": null, "classificationTypeCode": null, "geoLevel": null, "vintage": null, "terminated": 0, "memberUomCode": null}, {"memberId": 193, "parentMemberId": 187, "memberNameEn": "Eritrea", "memberNameFr": "\u00c9rythr\u00e9e", "classificationCode": null, "classificationTypeCode": null, "geoLevel": null, "vintage": null, "terminated": 0, "memberUomCode": null}, {"memberId": 194, "parentMemberId": 187, "memberNameEn": "Ethiopia", "memberNameFr": "\u00c9thiopie", "classificationCode": null, "classificationTypeCode": null, "geoLevel": null, "vintage": null, "terminated": 0, "memberUomCode": null}, {"memberId": 195, "parentMemberId": 187, "memberNameEn": "Iraq", "memberNameFr": "Irak", "classificationCode": null, "classificationTypeCode": null, "geoLevel": null, "vintage": null, "terminated": 0, "memberUomCode": null}, {"memberId": 196, "parentMemberId": 187, "memberNameEn": "Iran", "memberNameFr": "Iran", "classificationCode": null, "classificationTypeCode": null, "geoLevel": null, "vintage": null, "terminated": 0, "memberUomCode": null}, {"memberId": 197, "parentMemberId": 187, "memberNameEn": "Jordan", "memberNameFr": "Jordanie", "classificationCode": null, "classificationTypeCode": null, "geoLevel": null, "vintage": null, "terminated": 0, "memberUomCode": null}, {"memberId": 198, "parentMemberId": 187, "memberNameEn": "Kuwait", "memberNameFr": "Kowe\u00eft", "classificationCode": null, "classificationTypeCode": null, "geoLevel": null, "vintage": null, "terminated": 0, "memberUomCode": null}, {"memberId": 199, "parentMemberId": 187, "memberNameEn": "Lebanon", "memberNameFr": "Liban", "classificationCode": null, "classificationTypeCode": null, "geoLevel": null, "vintage": null, "terminated": 0, "memberUomCode": null}, {"memberId": 200, "parentMemberId": 187, "memberNameEn": "Libya", "memberNameFr": "Libye", "classificationCode": null, "classificationTypeCode": null, "geoLevel": null, "vintage": null, "terminated": 0, "memberUomCode": null}, {"memberId": 201, "parentMemberId": 187, "memberNameEn": "Oman", "memberNameFr": "Oman", "classificationCode": null, "classificationTypeCode": null, "geoLevel": null, "vintage": null, "terminated": 0, "memberUomCode": null}, {"memberId": 202, "parentMemberId": 187, "memberNameEn": "Qatar", "memberNameFr": "Qatar", "classificationCode": null, "classificationTypeCode": null, "geoLevel": null, "vintage": null, "terminated": 0, "memberUomCode": null}, {"memberId": 203, "parentMemberId": 187, "memberNameEn": "Occupied Palestinian Territory", "memberNameFr": "Territoire palestinien occup\u00e9", "classificationCode": null, "classificationTypeCode": null, "geoLevel": null, "vintage": null, "terminated": 0, "memberUomCode": null}, {"memberId": 204, "parentMemberId": 187, "memberNameEn": "Sudan", "memberNameFr": "Soudan", "classificationCode": null, "classificationTypeCode": null, "geoLevel": null, "vintage": null, "terminated": 0, "memberUomCode": null}, {"memberId": 205, "parentMemberId": 187, "memberNameEn": "Somalia", "memberNameFr": "Somalie", "classificationCode": null, "classificationTypeCode": null, "geoLevel": null, "vintage": null, "terminated": 0, "memberUomCode": null}, {"memberId": 206, "parentMemberId": 187, "memberNameEn": "Syria", "memberNameFr": "Syrie", "classificationCode": null, "classificationTypeCode": null, "geoLevel": null, "vintage": null, "terminated": 0, "memberUomCode": null}, {"memberId": 207, "parentMemberId": 187, "memberNameEn": "Yemen", "memberNameFr": "Y\u00e9men", "classificationCode": null, "classificationTypeCode": null, "geoLevel": null, "vintage": null, "terminated": 0, "memberUomCode": null}, {"memberId": 208, "parentMemberId": 1, "memberNameEn": "Oceania and Antarctica", "memberNameFr": "Oc\u00e9anie et Antarctique", "classificationCode": null, "classificationTypeCode": null, "geoLevel": null, "vintage": null, "terminated": 0, "memberUomCode": null}, {"memberId": 209, "parentMemberId": 208, "memberNameEn": "Australia", "memberNameFr": "Australie", "classificationCode": null, "classificationTypeCode": null, "geoLevel": null, "vintage": null, "terminated": 0, "memberUomCode": null}, {"memberId": 210, "parentMemberId": 208, "memberNameEn": "New Zealand", "memberNameFr": "Nouvelle-Z\u00e9lande", "classificationCode": null, "classificationTypeCode": null, "geoLevel": null, "vintage": null, "terminated": 0, "memberUomCode": null}, {"memberId": 211, "parentMemberId": 208, "memberNameEn": "Antarctica", "memberNameFr": "Antarctique", "classificationCode": null, "classificationTypeCode": null, "geoLevel": null, "vintage": null, "terminated": 0, "memberUomCode": null}, {"memberId": 212, "parentMemberId": 208, "memberNameEn": "American Samoa", "memberNameFr": "Samoa am\u00e9ricaines", "classificationCode": null, "classificationTypeCode": null, "geoLevel": null, "vintage": null, "terminated": 0, "memberUomCode": null}, {"memberId": 213, "parentMemberId": 208, "memberNameEn": "Cocos Islands", "memberNameFr": "\u00celes des Cocos", "classificationCode": null, "classificationTypeCode": null, "geoLevel": null, "vintage": null, "terminated": 0, "memberUomCode": null}, {"memberId": 214, "parentMemberId": 208, "memberNameEn": "Cook Islands", "memberNameFr": "\u00celes Cook", "classificationCode": null, "classificationTypeCode": null, "geoLevel": null, "vintage": null, "terminated": 0, "memberUomCode": null}, {"memberId": 215, "parentMemberId": 208, "memberNameEn": "Christmas Island", "memberNameFr": "\u00cele Christmas", "classificationCode": null, "classificationTypeCode": null, "geoLevel": null, "vintage": null, "terminated": 0, "memberUomCode": null}, {"memberId": 216, "parentMemberId": 208, "memberNameEn": "Fiji", "memberNameFr": "Fidji", "classificationCode": null, "classificationTypeCode": null, "geoLevel": null, "vintage": null, "terminated": 0, "memberUomCode": null}, {"memberId": 217, "parentMemberId": 208, "memberNameEn": "Federated States of Micronesia", "memberNameFr": "\u00c9tats f\u00e9d\u00e9r\u00e9s de Micron\u00e9sie", "classificationCode": null, "classificationTypeCode": null, "geoLevel": null, "vintage": null, "terminated": 0, "memberUomCode": null}, {"memberId": 218, "parentMemberId": 208, "memberNameEn": "Guam", "memberNameFr": "Guam", "classificationCode": null, "classificationTypeCode": null, "geoLevel": null, "vintage": null, "terminated": 0, "memberUomCode": null}, {"memberId": 219, "parentMemberId": 208, "memberNameEn": "Heard Island and McDonald Islands", "memberNameFr": "\u00cele Heard et \u00celes McDonald", "classificationCode": null, "classificationTypeCode": null, "geoLevel": null, "vintage": null, "terminated": 0, "memberUomCode": null}, {"memberId": 220, "parentMemberId": 208, "memberNameEn": "Kiribati", "memberNameFr": "Kiribati", "classificationCode": null, "classificationTypeCode": null, "geoLevel": null, "vintage": null, "terminated": 0, "memberUomCode": null}, {"memberId": 221, "parentMemberId": 208, "memberNameEn": "Marshall Islands", "memberNameFr": "\u00celes Marshall", "classificationCode": null, "classificationTypeCode": null, "geoLevel": null, "vintage": null, "terminated": 0, "memberUomCode": null}, {"memberId": 222, "parentMemberId": 208, "memberNameEn": "Northern Mariana Islands", "memberNameFr": "\u00celes Mariannes du Nord", "classificationCode": null, "classificationTypeCode": null, "geoLevel": null, "vintage": null, "terminated": 0, "memberUomCode": null}, {"memberId": 223, "parentMemberId": 208, "memberNameEn": "New Caledonia", "memberNameFr": "Nouvelle-Cal\u00e9donie", "classificationCode": null, "classificationTypeCode": null, "geoLevel": null, "vintage": null, "terminated": 0, "memberUomCode": null}, {"memberId": 224, "parentMemberId": 208, "memberNameEn": "Norfolk Island", "memberNameFr": "\u00cele Norfolk", "classificationCode": null, "classificationTypeCode": null, "geoLevel": null, "vintage": null, "terminated": 0, "memberUomCode": null}, {"memberId": 225, "parentMemberId": 208, "memberNameEn": "Nauru", "memberNameFr": "Nauru", "classificationCode": null, "classificationTypeCode": null, "geoLevel": null, "vintage": null, "terminated": 0, "memberUomCode": null}, {"memberId": 226, "parentMemberId": 208, "memberNameEn": "Niue", "memberNameFr": "Niu\u00e9", "classificationCode": null, "classificationTypeCode": null, "geoLevel": null, "vintage": null, "terminated": 0, "memberUomCode": null}, {"memberId": 227, "parentMemberId": 208, "memberNameEn": "Pacific Islands", "memberNameFr": "\u00celes du Pacifique", "classificationCode": null, "classificationTypeCode": null, "geoLevel": null, "vintage": null, "terminated": 0, "memberUomCode": null}, {"memberId": 228, "parentMemberId": 208, "memberNameEn": "French Polynesia", "memberNameFr": "Polyn\u00e9sie fran\u00e7ais", "classificationCode": null, "classificationTypeCode": null, "geoLevel": null, "vintage": null, "terminated": 0, "memberUomCode": null}, {"memberId": 229, "parentMemberId": 208, "memberNameEn": "Papua New Guinea", "memberNameFr": "Papouasie-Nouvelle-Guin\u00e9e", "classificationCode": null, "classificationTypeCode": null, "geoLevel": null, "vintage": null, "terminated": 0, "memberUomCode": null}, {"memberId": 230, "parentMemberId": 208, "memberNameEn": "Pitcairn", "memberNameFr": "Pitcairn", "classificationCode": null, "classificationTypeCode": null, "geoLevel": null, "vintage": null, "terminated": 0, "memberUomCode": null}, {"memberId": 231, "parentMemberId": 208, "memberNameEn": "Palau", "memberNameFr": "Palaos", "classificationCode": null, "classificationTypeCode": null, "geoLevel": null, "vintage": null, "terminated": 0, "memberUomCode": null}, {"memberId": 232, "parentMemberId": 208, "memberNameEn": "Solomon Islands", "memberNameFr": "\u00celes Salomon", "classificationCode": null, "classificationTypeCode": null, "geoLevel": null, "vintage": null, "terminated": 0, "memberUomCode": null}, {"memberId": 233, "parentMemberId": 208, "memberNameEn": "Tokelau", "memberNameFr": "Tokelau", "classificationCode": null, "classificationTypeCode": null, "geoLevel": null, "vintage": null, "terminated": 0, "memberUomCode": null}, {"memberId": 234, "parentMemberId": 208, "memberNameEn": "Tonga", "memberNameFr": "Tonga", "classificationCode": null, "classificationTypeCode": null, "geoLevel": null, "vintage": null, "terminated": 0, "memberUomCode": null}, {"memberId": 235, "parentMemberId": 208, "memberNameEn": "United States Minor Outlying Islands", "memberNameFr": "\u00celes mineures \u00e9loign\u00e9es \u00c9tats-Unis", "classificationCode": null, "classificationTypeCode": null, "geoLevel": null, "vintage": null, "terminated": 0, "memberUomCode": null}, {"memberId": 236, "parentMemberId": 208, "memberNameEn": "Vanuatu", "memberNameFr": "Vanuatu", "classificationCode": null, "classificationTypeCode": null, "geoLevel": null, "vintage": null, "terminated": 0, "memberUomCode": null}, {"memberId": 237, "parentMemberId": 208, "memberNameEn": "Wallis and Futuna", "memberNameFr": "Wallis et Futuna", "classificationCode": null, "classificationTypeCode": null, "geoLevel": null, "vintage": null, "terminated": 0, "memberUomCode": null}, {"memberId": 238, "parentMemberId": 208, "memberNameEn": "Samoa", "memberNameFr": "Samoa", "classificationCode": null, "classificationTypeCode": null, "geoLevel": null, "vintage": null, "terminated": 0, "memberUomCode": null}, {"memberId": 239, "parentMemberId": 208, "memberNameEn": "Tuvalu", "memberNameFr": "Tuvalu", "classificationCode": null, "classificationTypeCode": null, "geoLevel": null, "vintage": null, "terminated": 0, "memberUomCode": null}, {"memberId": 240, "parentMemberId": 1, "memberNameEn": "Unspecified", "memberNameFr": "Ind\u00e9termin\u00e9", "classificationCode": null, "classificationTypeCode": null, "geoLevel": null, "vintage": null, "terminated": 0, "memberUomCode": null}, {"memberId": 241, "parentMemberId": 240, "memberNameEn": "Greenland", "memberNameFr": "Groenland", "classificationCode": null, "classificationTypeCode": null, "geoLevel": null, "vintage": null, "terminated": 0, "memberUomCode": null}, {"memberId": 242, "parentMemberId": 240, "memberNameEn": "Saint Pierre and Miquelon", "memberNameFr": "Saint-Pierre-et-Miquelon", "classificationCode": null, "classificationTypeCode": null, "geoLevel": null, "vintage": null, "terminated": 0, "memberUomCode": null}, {"memberId": 243, "parentMemberId": 240, "memberNameEn": "High Seas", "memberNameFr": "Haute mer", "classificationCode": null, "classificationTypeCode": null, "geoLevel": null, "vintage": null, "terminated": 0, "memberUomCode": null}]}]