[{"dimensionPositionId": 1, "dimensionNameEn": "Geography", "dimensionNameFr": "G\u00e9ographie", "hasUom": false, "member": [{"memberId": 1, "parentMemberId": null, "memberNameEn": "Canada", "memberNameFr": "Canada", "classificationCode": "11124", "classificationTypeCode": "1", "geoLevel": 0, "vintage": 2011, "terminated": 0, "memberUomCode": null}]}, {"dimensionPositionId": 2, "dimensionNameEn": "Trade", "dimensionNameFr": "Commerce", "hasUom": false, "member": [{"memberId": 1, "parentMemberId": null, "memberNameEn": "Import", "memberNameFr": "Importation", "classificationCode": null, "classificationTypeCode": null, "geoLevel": null, "vintage": null, "terminated": 0, "memberUomCode": null}, {"memberId": 2, "parentMemberId": null, "memberNameEn": "Export", "memberNameFr": "Exportation", "classificationCode": null, "classificationTypeCode": null, "geoLevel": null, "vintage": null, "terminated": 0, "memberUomCode": null}]}, {"dimensionPositionId": 3, "dimensionNameEn": "Trading area", "dimensionNameFr": "March\u00e9", "hasUom": false, "member": [{"memberId": 1, "parentMemberId": null, "memberNameEn": "All countries", "memberNameFr": "Ensemble des pays", "classificationCode": null, "classificationTypeCode": null, "geoLevel": null, "vintage": null, "terminated": 0, "memberUomCode": null}, {"memberId": 2, "parentMemberId": null, "memberNameEn": "United States", "memberNameFr": "\u00c9tats-Unis", "classificationCode": null, "classificationTypeCode": null, "geoLevel": null, "vintage": null, "terminated": 0, "memberUomCode": null}]}, {"dimensionPositionId": 4, "dimensionNameEn": "Weighting", "dimensionNameFr": "Pond\u00e9ration", "hasUom": false, "member": [{"memberId": 1, "parentMemberId": null, "memberNameEn": "Paasche current weighted", "memberNameFr": "Pond\u00e9ration courante Paasche", "classificationCode": null, "classificationTypeCode": null, "geoLevel": null, "vintage": null, "terminated": 0, "memberUomCode": null}, {"memberId": 2, "parentMemberId": null, "memberNameEn": "Laspeyres fixed weighted", "memberNameFr": "Pond\u00e9ration fixe Laspeyres", "classificationCode": null, "classificationTypeCode": null, "geoLevel": null, "vintage": null, "terminated": 0, "memberUomCode": null}]}, {"dimensionPositionId": 5, "dimensionNameEn": "Standard International Trade Classification (SITC)", "dimensionNameFr": "Classification type pour le commerce international (CTCI)", "hasUom": true, "member": [{"memberId": 1, "parentMemberId": null, "memberNameEn": "Total, Standard International Trade Classification", "memberNameFr": "Totales, Classification type pour le commerce international", "classificationCode": null, "classificationTypeCode": null, "geoLevel": null, "vintage": null, "terminated": 0, "memberUomCode": 181}, {"memberId": 2, "parentMemberId": 1, "memberNameEn": "Food and live animals", "memberNameFr": "Aliments et animaux vivants", "classificationCode": null, "classificationTypeCode": null, "geoLevel": null, "vintage": null, "terminated": 0, "memberUomCode": 181}, {"memberId": 3, "parentMemberId": 1, "memberNameEn": "Beverages and tobacco", "memberNameFr": "Boissons et tabacs", "classificationCode": null, "classificationTypeCode": null, "geoLevel": null, "vintage": null, "terminated": 0, "memberUomCode": 181}, {"memberId": 4, "parentMemberId": 1, "memberNameEn": "Crude materials, except fuels, inedible", "memberNameFr": "Mati\u00e8res brutes non comestibles sauf carburants", "classificationCode": null, "classificationTypeCode": null, "geoLevel": null, "vintage": null, "terminated": 0, "memberUomCode": 181}, {"memberId": 5, "parentMemberId": 1, "memberNameEn": "Mineral fuels, lubricants and related materials", "memberNameFr": "Combustibles min\u00e9raux, lubrifiants et produits connexes", "classificationCode": null, "classificationTypeCode": null, "geoLevel": null, "vintage": null, "terminated": 0, "memberUomCode": 181}, {"memberId": 6, "parentMemberId": 1, "memberNameEn": "Animal and vegetable oils and fats", "memberNameFr": "Huiles et graisses d'origine animale et v\u00e9g\u00e9tale", "classificationCode": null, "classificationTypeCode": null, "geoLevel": null, "vintage": null, "terminated": 0, "memberUomCode": 181}, {"memberId": 7, "parentMemberId": 1, "memberNameEn": "Chemicals", "memberNameFr": "Produits chimiques", "classificationCode": null, "classificationTypeCode": null, "geoLevel": null, "vintage": null, "terminated": 0, "memberUomCode": 181}, {"memberId": 8, "parentMemberId": 1, "memberNameEn": "Manufactured goods, classified chiefly by material", "memberNameFr": "Articles manufactur\u00e9s, class\u00e9s par mati\u00e8re premi\u00e8re", "classificationCode": null, "classificationTypeCode": null, "geoLevel": null, "vintage": null, "terminated": 0, "memberUomCode": 181}, {"memberId": 9, "parentMemberId": 1, "memberNameEn": "Machinery and transport equipment", "memberNameFr": "Machines et mat\u00e9riel de transport", "classificationCode": null, "classificationTypeCode": null, "geoLevel": null, "vintage": null, "terminated": 0, "memberUomCode": 181}, {"memberId": 10, "parentMemberId": 1, "memberNameEn": "Miscellaneous manufactured articles", "memberNameFr": "Articles manufactur\u00e9s, divers", "classificationCode": null, "classificationTypeCode": null, "geoLevel": null, "vintage": null, "terminated": 0, "memberUomCode": 181}, {"memberId": 11, "parentMemberId": 1, "memberNameEn": "Commodities and transactions not elsewhere classified", "memberNameFr": "Commodit\u00e9s et transactions non class\u00e9es ailleurs, importations", "classificationCode": null, "classificationTypeCode": null, "geoLevel": null, "vintage": null, "terminated": 0, "memberUomCode": 181}]}]