[{"dimensionPositionId": 1, "dimensionNameEn": "Geography", "dimensionNameFr": "G\u00e9ographie", "hasUom": false, "member": [{"memberId": 1, "parentMemberId": null, "memberNameEn": "Canada", "memberNameFr": "Canada", "classificationCode": "11124", "classificationTypeCode": "1", "geoLevel": 0, "vintage": 2016, "terminated": 0, "memberUomCode": null}]}, {"dimensionPositionId": 2, "dimensionNameEn": "Estimates", "dimensionNameFr": "Estimations", "hasUom": true, "member": [{"memberId": 1, "parentMemberId": null, "memberNameEn": "Value of imports", "memberNameFr": "Valeur des importations", "classificationCode": null, "classificationTypeCode": null, "geoLevel": null, "vintage": null, "terminated": 0, "memberUomCode": 81}, {"memberId": 2, "parentMemberId": null, "memberNameEn": "Number of importing enterprises", "memberNameFr": "Nombre d'entreprises importatrices", "classificationCode": null, "classificationTypeCode": null, "geoLevel": null, "vintage": null, "terminated": 0, "memberUomCode": 223}]}, {"dimensionPositionId": 3, "dimensionNameEn": "North American Industry Classification System (NAICS)", "dimensionNameFr": "Syst\u00e8me de classification des industries de l'Am\u00e9rique du Nord (SCIAN)", "hasUom": false, "member": [{"memberId": 1, "parentMemberId": null, "memberNameEn": "All industries", "memberNameFr": "Ensemble des branches d'activit\u00e9", "classificationCode": null, "classificationTypeCode": null, "geoLevel": null, "vintage": null, "terminated": 0, "memberUomCode": null}, {"memberId": 2, "parentMemberId": 1, "memberNameEn": "Agriculture, forestry, fishing and hunting", "memberNameFr": "Agriculture, foresterie, p\u00eache et chasse", "classificationCode": "11", "classificationTypeCode": "19", "geoLevel": null, "vintage": null, "terminated": 0, "memberUomCode": null}, {"memberId": 3, "parentMemberId": 1, "memberNameEn": "Mining, quarrying, and oil and gas extraction", "memberNameFr": "Extraction mini\u00e8re, exploitation en carri\u00e8re, et extraction de p\u00e9trole et de gaz", "classificationCode": "21", "classificationTypeCode": "19", "geoLevel": null, "vintage": null, "terminated": 0, "memberUomCode": null}, {"memberId": 4, "parentMemberId": 3, "memberNameEn": "Oil and gas extraction", "memberNameFr": "Extraction de p\u00e9trole et de gaz", "classificationCode": "211", "classificationTypeCode": "19", "geoLevel": null, "vintage": null, "terminated": 0, "memberUomCode": null}, {"memberId": 5, "parentMemberId": 3, "memberNameEn": "Mining and quarrying (except oil and gas)", "memberNameFr": "Extraction mini\u00e8re et exploitation en carri\u00e8re (sauf l'extraction de p\u00e9trole et de gaz)", "classificationCode": "212", "classificationTypeCode": "19", "geoLevel": null, "vintage": null, "terminated": 0, "memberUomCode": null}, {"memberId": 6, "parentMemberId": 3, "memberNameEn": "Support activities for mining, and oil and gas extraction", "memberNameFr": "Activit\u00e9s de soutien \u00e0 l'extraction mini\u00e8re et \u00e0 l'extraction de p\u00e9trole et de gaz", "classificationCode": "213", "classificationTypeCode": "19", "geoLevel": null, "vintage": null, "terminated": 0, "memberUomCode": null}, {"memberId": 7, "parentMemberId": 1, "memberNameEn": "Utilities", "memberNameFr": "Services publics", "classificationCode": "22", "classificationTypeCode": "19", "geoLevel": null, "vintage": null, "terminated": 0, "memberUomCode": null}, {"memberId": 8, "parentMemberId": 1, "memberNameEn": "Construction", "memberNameFr": "Construction", "classificationCode": "23", "classificationTypeCode": "19", "geoLevel": null, "vintage": null, "terminated": 0, "memberUomCode": null}, {"memberId": 9, "parentMemberId": 1, "memberNameEn": "Manufacturing", "memberNameFr": "Fabrication", "classificationCode": "31-33", "classificationTypeCode": "19", "geoLevel": null, "vintage": null, "terminated": 0, "memberUomCode": null}, {"memberId": 10, "parentMemberId": 9, "memberNameEn": "Food manufacturing", "memberNameFr": "Fabrication d'aliments", "classificationCode": "311", "classificationTypeCode": "19", "geoLevel": null, "vintage": null, "terminated": 0, "memberUomCode": null}, {"memberId": 11, "parentMemberId": 9, "memberNameEn": "Beverage and tobacco product manufacturing", "memberNameFr": "Fabrication de boissons et de produits du tabac", "classificationCode": "312", "classificationTypeCode": "19", "geoLevel": null, "vintage": null, "terminated": 0, "memberUomCode": null}, {"memberId": 12, "parentMemberId": 9, "memberNameEn": "Textile mills", "memberNameFr": "Usines de textiles", "classificationCode": "313", "classificationTypeCode": "19", "geoLevel": null, "vintage": null, "terminated": 0, "memberUomCode": null}, {"memberId": 13, "parentMemberId": 9, "memberNameEn": "Textile product mills", "memberNameFr": "Usines de produits textiles", "classificationCode": "314", "classificationTypeCode": "19", "geoLevel": null, "vintage": null, "terminated": 0, "memberUomCode": null}, {"memberId": 14, "parentMemberId": 9, "memberNameEn": "Clothing manufacturing", "memberNameFr": "Fabrication de v\u00eatements", "classificationCode": "315", "classificationTypeCode": "19", "geoLevel": null, "vintage": null, "terminated": 0, "memberUomCode": null}, {"memberId": 15, "parentMemberId": 9, "memberNameEn": "Leather and allied product manufacturing", "memberNameFr": "Fabrication de produits en cuir et de produits analogues", "classificationCode": "316", "classificationTypeCode": "19", "geoLevel": null, "vintage": null, "terminated": 0, "memberUomCode": null}, {"memberId": 16, "parentMemberId": 9, "memberNameEn": "Wood product manufacturing", "memberNameFr": "Fabrication de produits en bois", "classificationCode": "321", "classificationTypeCode": "19", "geoLevel": null, "vintage": null, "terminated": 0, "memberUomCode": null}, {"memberId": 17, "parentMemberId": 9, "memberNameEn": "Paper manufacturing", "memberNameFr": "Fabrication du papier", "classificationCode": "322", "classificationTypeCode": "19", "geoLevel": null, "vintage": null, "terminated": 0, "memberUomCode": null}, {"memberId": 18, "parentMemberId": 9, "memberNameEn": "Printing and related support activities", "memberNameFr": "Impression et activit\u00e9s connexes de soutien", "classificationCode": "323", "classificationTypeCode": "19", "geoLevel": null, "vintage": null, "terminated": 0, "memberUomCode": null}, {"memberId": 19, "parentMemberId": 9, "memberNameEn": "Petroleum and coal product manufacturing", "memberNameFr": "Fabrication de produits du p\u00e9trole et du charbon", "classificationCode": "324", "classificationTypeCode": "19", "geoLevel": null, "vintage": null, "terminated": 0, "memberUomCode": null}, {"memberId": 20, "parentMemberId": 9, "memberNameEn": "Chemical manufacturing", "memberNameFr": "Fabrication de produits chimiques", "classificationCode": "325", "classificationTypeCode": "19", "geoLevel": null, "vintage": null, "terminated": 0, "memberUomCode": null}, {"memberId": 21, "parentMemberId": 9, "memberNameEn": "Plastics and rubber products manufacturing", "memberNameFr": "Fabrication de produits en plastique et en caoutchouc", "classificationCode": "326", "classificationTypeCode": "19", "geoLevel": null, "vintage": null, "terminated": 0, "memberUomCode": null}, {"memberId": 22, "parentMemberId": 9, "memberNameEn": "Non-metallic mineral product manufacturing", "memberNameFr": "Fabrication de produits min\u00e9raux non m\u00e9talliques", "classificationCode": "327", "classificationTypeCode": "19", "geoLevel": null, "vintage": null, "terminated": 0, "memberUomCode": null}, {"memberId": 23, "parentMemberId": 9, "memberNameEn": "Primary metal manufacturing", "memberNameFr": "Premi\u00e8re transformation des m\u00e9taux", "classificationCode": "331", "classificationTypeCode": "19", "geoLevel": null, "vintage": null, "terminated": 0, "memberUomCode": null}, {"memberId": 24, "parentMemberId": 9, "memberNameEn": "Fabricated metal product manufacturing", "memberNameFr": "Fabrication de produits m\u00e9talliques", "classificationCode": "332", "classificationTypeCode": "19", "geoLevel": null, "vintage": null, "terminated": 0, "memberUomCode": null}, {"memberId": 25, "parentMemberId": 9, "memberNameEn": "Machinery manufacturing", "memberNameFr": "Fabrication de machines", "classificationCode": "333", "classificationTypeCode": "19", "geoLevel": null, "vintage": null, "terminated": 0, "memberUomCode": null}, {"memberId": 26, "parentMemberId": 9, "memberNameEn": "Computer and electronic product manufacturing", "memberNameFr": "Fabrication de produits informatiques et \u00e9lectroniques", "classificationCode": "334", "classificationTypeCode": "19", "geoLevel": null, "vintage": null, "terminated": 0, "memberUomCode": null}, {"memberId": 27, "parentMemberId": 9, "memberNameEn": "Electrical equipment, appliance and component manufacturing", "memberNameFr": "Fabrication de mat\u00e9riel, d'appareils et de composants \u00e9lectriques", "classificationCode": "335", "classificationTypeCode": "19", "geoLevel": null, "vintage": null, "terminated": 0, "memberUomCode": null}, {"memberId": 28, "parentMemberId": 9, "memberNameEn": "Transportation equipment manufacturing", "memberNameFr": "Fabrication de mat\u00e9riel de transport", "classificationCode": "336", "classificationTypeCode": "19", "geoLevel": null, "vintage": null, "terminated": 0, "memberUomCode": null}, {"memberId": 29, "parentMemberId": 9, "memberNameEn": "Furniture and related product manufacturing", "memberNameFr": "Fabrication de meubles et de produits connexes", "classificationCode": "337", "classificationTypeCode": "19", "geoLevel": null, "vintage": null, "terminated": 0, "memberUomCode": null}, {"memberId": 30, "parentMemberId": 9, "memberNameEn": "Miscellaneous manufacturing", "memberNameFr": "Activit\u00e9s diverses de fabrication", "classificationCode": "339", "classificationTypeCode": "19", "geoLevel": null, "vintage": null, "terminated": 0, "memberUomCode": null}, {"memberId": 31, "parentMemberId": 1, "memberNameEn": "Wholesale trade", "memberNameFr": "Commerce de gros", "classificationCode": "41", "classificationTypeCode": "19", "geoLevel": null, "vintage": null, "terminated": 0, "memberUomCode": null}, {"memberId": 32, "parentMemberId": 1, "memberNameEn": "Retail trade", "memberNameFr": "Commerce de d\u00e9tail", "classificationCode": "44-45", "classificationTypeCode": "19", "geoLevel": null, "vintage": null, "terminated": 0, "memberUomCode": null}, {"memberId": 33, "parentMemberId": 1, "memberNameEn": "Transportation and warehousing", "memberNameFr": "Transport et entreposage", "classificationCode": "48-49", "classificationTypeCode": "19", "geoLevel": null, "vintage": null, "terminated": 0, "memberUomCode": null}, {"memberId": 34, "parentMemberId": 1, "memberNameEn": "Information and cultural industries", "memberNameFr": "Industrie de l'information et industrie culturelle", "classificationCode": "51", "classificationTypeCode": "19", "geoLevel": null, "vintage": null, "terminated": 0, "memberUomCode": null}, {"memberId": 35, "parentMemberId": 1, "memberNameEn": "Finance and insurance", "memberNameFr": "Finance et assurances", "classificationCode": "52", "classificationTypeCode": "19", "geoLevel": null, "vintage": null, "terminated": 0, "memberUomCode": null}, {"memberId": 36, "parentMemberId": 1, "memberNameEn": "Real estate and rental and leasing", "memberNameFr": "Services immobiliers et services de location et de location \u00e0 bail", "classificationCode": "53", "classificationTypeCode": "19", "geoLevel": null, "vintage": null, "terminated": 0, "memberUomCode": null}, {"memberId": 37, "parentMemberId": 1, "memberNameEn": "Professional, scientific and technical services", "memberNameFr": "Services professionnels, scientifiques et techniques", "classificationCode": "54", "classificationTypeCode": "19", "geoLevel": null, "vintage": null, "terminated": 0, "memberUomCode": null}, {"memberId": 38, "parentMemberId": 1, "memberNameEn": "Management of companies and enterprises", "memberNameFr": "Gestion de soci\u00e9t\u00e9s et d'entreprises", "classificationCode": "55", "classificationTypeCode": "19", "geoLevel": null, "vintage": null, "terminated": 0, "memberUomCode": null}, {"memberId": 39, "parentMemberId": 1, "memberNameEn": "Administrative and support, waste management and remediation services", "memberNameFr": "Services administratifs, services de soutien, services de gestion des d\u00e9chets et services d'assainissement", "classificationCode": "56", "classificationTypeCode": "19", "geoLevel": null, "vintage": null, "terminated": 0, "memberUomCode": null}, {"memberId": 40, "parentMemberId": 1, "memberNameEn": "Educational services", "memberNameFr": "Services d'enseignement", "classificationCode": "61", "classificationTypeCode": "19", "geoLevel": null, "vintage": null, "terminated": 0, "memberUomCode": null}, {"memberId": 41, "parentMemberId": 1, "memberNameEn": "Health care and social assistance", "memberNameFr": "Soins de sant\u00e9 et assistance sociale", "classificationCode": "62", "classificationTypeCode": "19", "geoLevel": null, "vintage": null, "terminated": 0, "memberUomCode": null}, {"memberId": 42, "parentMemberId": 1, "memberNameEn": "Arts, entertainment and recreation", "memberNameFr": "Arts, spectacles et loisirs", "classificationCode": "71", "classificationTypeCode": "19", "geoLevel": null, "vintage": null, "terminated": 0, "memberUomCode": null}, {"memberId": 43, "parentMemberId": 1, "memberNameEn": "Accommodation and food services", "memberNameFr": "Services d'h\u00e9bergement et de restauration", "classificationCode": "72", "classificationTypeCode": "19", "geoLevel": null, "vintage": null, "terminated": 0, "memberUomCode": null}, {"memberId": 44, "parentMemberId": 1, "memberNameEn": "Other services (except public administration)", "memberNameFr": "Autres services (sauf les administrations publiques)", "classificationCode": "81", "classificationTypeCode": "19", "geoLevel": null, "vintage": null, "terminated": 0, "memberUomCode": null}, {"memberId": 45, "parentMemberId": 1, "memberNameEn": "Public administration", "memberNameFr": "Administrations publiques", "classificationCode": "91", "classificationTypeCode": "19", "geoLevel": null, "vintage": null, "terminated": 0, "memberUomCode": null}]}, {"dimensionPositionId": 4, "dimensionNameEn": "Partner countries", "dimensionNameFr": "Pays partenaires", "hasUom": false, "member": [{"memberId": 1, "parentMemberId": null, "memberNameEn": "All partner countries", "memberNameFr": "Tous les pays partenaires", "classificationCode": null, "classificationTypeCode": null, "geoLevel": null, "vintage": null, "terminated": 0, "memberUomCode": null}, {"memberId": 2, "parentMemberId": 1, "memberNameEn": "1 partner country", "memberNameFr": "1 pays partenaire", "classificationCode": null, "classificationTypeCode": null, "geoLevel": null, "vintage": null, "terminated": 0, "memberUomCode": null}, {"memberId": 3, "parentMemberId": 1, "memberNameEn": "2 partner countries", "memberNameFr": "2 pays partenaires", "classificationCode": null, "classificationTypeCode": null, "geoLevel": null, "vintage": null, "terminated": 0, "memberUomCode": null}, {"memberId": 4, "parentMemberId": 1, "memberNameEn": "3 to 5 partner countries", "memberNameFr": "3 \u00e0 5 pays partenaires", "classificationCode": null, "classificationTypeCode": null, "geoLevel": null, "vintage": null, "terminated": 0, "memberUomCode": null}, {"memberId": 5, "parentMemberId": 1, "memberNameEn": "6 to 9 partner countries", "memberNameFr": "6 \u00e0 9 pays partenaires", "classificationCode": null, "classificationTypeCode": null, "geoLevel": null, "vintage": null, "terminated": 0, "memberUomCode": null}, {"memberId": 6, "parentMemberId": 1, "memberNameEn": "10 to 14 partner countries", "memberNameFr": "10 \u00e0 14 pays partenaires", "classificationCode": null, "classificationTypeCode": null, "geoLevel": null, "vintage": null, "terminated": 0, "memberUomCode": null}, {"memberId": 7, "parentMemberId": 1, "memberNameEn": "15 to 19 partner countries", "memberNameFr": "15 \u00e0 19 pays partenaires", "classificationCode": null, "classificationTypeCode": null, "geoLevel": null, "vintage": null, "terminated": 0, "memberUomCode": null}, {"memberId": 8, "parentMemberId": 1, "memberNameEn": "20 or more partner countries", "memberNameFr": "20 ou plus pays partenaires", "classificationCode": null, "classificationTypeCode": null, "geoLevel": null, "vintage": null, "terminated": 0, "memberUomCode": null}]}]