[{"dimensionPositionId": 1, "dimensionNameEn": "Geography", "dimensionNameFr": "G\u00e9ographie", "hasUom": false, "member": [{"memberId": 1, "parentMemberId": null, "memberNameEn": "Canada", "memberNameFr": "Canada", "classificationCode": "11124", "classificationTypeCode": "1", "geoLevel": 0, "vintage": 2016, "terminated": 0, "memberUomCode": null}]}, {"dimensionPositionId": 2, "dimensionNameEn": "Destination", "dimensionNameFr": "Destination", "hasUom": false, "member": [{"memberId": 1, "parentMemberId": null, "memberNameEn": "All countries", "memberNameFr": "Tous les pays", "classificationCode": null, "classificationTypeCode": null, "geoLevel": null, "vintage": null, "terminated": 0, "memberUomCode": null}, {"memberId": 2, "parentMemberId": null, "memberNameEn": "European Union 1995", "memberNameFr": "Union europ\u00e9enne 1995", "classificationCode": null, "classificationTypeCode": null, "geoLevel": null, "vintage": null, "terminated": 0, "memberUomCode": null}, {"memberId": 3, "parentMemberId": null, "memberNameEn": "Other Organization for Economic Co-operation and Development countries (excluding the European Union 1995, United States of America and Japan)", "memberNameFr": "Autres pays de l'Organisation de coop\u00e9ration et de d\u00e9veloppement \u00e9conomique (excluant l'Union europ\u00e9enne 1995, les \u00c9tats-Unis et le Japon)", "classificationCode": null, "classificationTypeCode": null, "geoLevel": null, "vintage": null, "terminated": 0, "memberUomCode": null}, {"memberId": 5, "parentMemberId": null, "memberNameEn": "Other countries (excluding the European Union 1995, other Organization for Economic Co-operation and Development countries, United States of America and Japan)", "memberNameFr": "Les autres pays, (excluant l'Union europ\u00e9enne 1995, autres pays de l'Organisation de coop\u00e9ration et de d\u00e9veloppement \u00e9conomique, les \u00c9tats-Unis et le Japon)", "classificationCode": null, "classificationTypeCode": null, "geoLevel": null, "vintage": null, "terminated": 0, "memberUomCode": null}, {"memberId": 4, "parentMemberId": null, "memberNameEn": "Other America (excluding United States of America)", "memberNameFr": "Les pays d'Am\u00e9rique (excluant les \u00c9tats-Unis)", "classificationCode": null, "classificationTypeCode": null, "geoLevel": null, "vintage": null, "terminated": 0, "memberUomCode": null}, {"memberId": 6, "parentMemberId": null, "memberNameEn": "United Kingdom", "memberNameFr": "Royaume-Uni", "classificationCode": null, "classificationTypeCode": null, "geoLevel": null, "vintage": null, "terminated": 0, "memberUomCode": null}, {"memberId": 7, "parentMemberId": null, "memberNameEn": "Belgium", "memberNameFr": "Belgique", "classificationCode": null, "classificationTypeCode": null, "geoLevel": null, "vintage": null, "terminated": 0, "memberUomCode": null}, {"memberId": 8, "parentMemberId": null, "memberNameEn": "France", "memberNameFr": "France", "classificationCode": null, "classificationTypeCode": null, "geoLevel": null, "vintage": null, "terminated": 0, "memberUomCode": null}, {"memberId": 9, "parentMemberId": null, "memberNameEn": "Germany", "memberNameFr": "Allemagne", "classificationCode": null, "classificationTypeCode": null, "geoLevel": null, "vintage": null, "terminated": 0, "memberUomCode": null}, {"memberId": 10, "parentMemberId": null, "memberNameEn": "Italy", "memberNameFr": "Italie", "classificationCode": null, "classificationTypeCode": null, "geoLevel": null, "vintage": null, "terminated": 0, "memberUomCode": null}, {"memberId": 11, "parentMemberId": null, "memberNameEn": "Netherlands", "memberNameFr": "Pays-Bas", "classificationCode": null, "classificationTypeCode": null, "geoLevel": null, "vintage": null, "terminated": 0, "memberUomCode": null}, {"memberId": 12, "parentMemberId": null, "memberNameEn": "Norway", "memberNameFr": "Norv\u00e8ge", "classificationCode": null, "classificationTypeCode": null, "geoLevel": null, "vintage": null, "terminated": 0, "memberUomCode": null}, {"memberId": 13, "parentMemberId": null, "memberNameEn": "South Africa", "memberNameFr": "Afrique du Sud", "classificationCode": null, "classificationTypeCode": null, "geoLevel": null, "vintage": null, "terminated": 0, "memberUomCode": null}, {"memberId": 14, "parentMemberId": null, "memberNameEn": "India", "memberNameFr": "Inde", "classificationCode": null, "classificationTypeCode": null, "geoLevel": null, "vintage": null, "terminated": 0, "memberUomCode": null}, {"memberId": 15, "parentMemberId": null, "memberNameEn": "China", "memberNameFr": "Chine", "classificationCode": null, "classificationTypeCode": null, "geoLevel": null, "vintage": null, "terminated": 0, "memberUomCode": null}, {"memberId": 16, "parentMemberId": null, "memberNameEn": "Japan", "memberNameFr": "Japon", "classificationCode": null, "classificationTypeCode": null, "geoLevel": null, "vintage": null, "terminated": 0, "memberUomCode": null}, {"memberId": 17, "parentMemberId": null, "memberNameEn": "Australia", "memberNameFr": "Australie", "classificationCode": null, "classificationTypeCode": null, "geoLevel": null, "vintage": null, "terminated": 0, "memberUomCode": null}, {"memberId": 18, "parentMemberId": null, "memberNameEn": "Argentina", "memberNameFr": "Argentine", "classificationCode": null, "classificationTypeCode": null, "geoLevel": null, "vintage": null, "terminated": 0, "memberUomCode": null}, {"memberId": 19, "parentMemberId": null, "memberNameEn": "Brazil", "memberNameFr": "Br\u00e9sil", "classificationCode": null, "classificationTypeCode": null, "geoLevel": null, "vintage": null, "terminated": 0, "memberUomCode": null}, {"memberId": 20, "parentMemberId": null, "memberNameEn": "Peru", "memberNameFr": "P\u00e9rou", "classificationCode": null, "classificationTypeCode": null, "geoLevel": null, "vintage": null, "terminated": 0, "memberUomCode": null}, {"memberId": 21, "parentMemberId": null, "memberNameEn": "Venezuela", "memberNameFr": "Venezuela", "classificationCode": null, "classificationTypeCode": null, "geoLevel": null, "vintage": null, "terminated": 0, "memberUomCode": null}, {"memberId": 22, "parentMemberId": null, "memberNameEn": "Cuba", "memberNameFr": "Cuba", "classificationCode": null, "classificationTypeCode": null, "geoLevel": null, "vintage": null, "terminated": 0, "memberUomCode": null}, {"memberId": 23, "parentMemberId": null, "memberNameEn": "Mexico", "memberNameFr": "Mexique", "classificationCode": null, "classificationTypeCode": null, "geoLevel": null, "vintage": null, "terminated": 0, "memberUomCode": null}, {"memberId": 24, "parentMemberId": null, "memberNameEn": "United States of America", "memberNameFr": "\u00c9tats-Unis", "classificationCode": null, "classificationTypeCode": null, "geoLevel": null, "vintage": null, "terminated": 0, "memberUomCode": null}, {"memberId": 25, "parentMemberId": null, "memberNameEn": "Russia", "memberNameFr": "Russie", "classificationCode": null, "classificationTypeCode": null, "geoLevel": null, "vintage": null, "terminated": 0, "memberUomCode": null}]}, {"dimensionPositionId": 3, "dimensionNameEn": "Summary export groups (SEG) and other aggregations", "dimensionNameFr": "Groupes sommaires \u00e0 l'exportation (SEG) et agr\u00e9gations diverses", "hasUom": true, "member": [{"memberId": 1, "parentMemberId": null, "memberNameEn": "Total exports", "memberNameFr": "Total des exportations", "classificationCode": null, "classificationTypeCode": null, "geoLevel": null, "vintage": null, "terminated": 0, "memberUomCode": 81}, {"memberId": 2, "parentMemberId": 1, "memberNameEn": "Total re-exports", "memberNameFr": "Total des r\u00e9exportations", "classificationCode": null, "classificationTypeCode": null, "geoLevel": null, "vintage": null, "terminated": 0, "memberUomCode": 81}, {"memberId": 3, "parentMemberId": 1, "memberNameEn": "Total domestic exports", "memberNameFr": "Total des exportations nationales", "classificationCode": null, "classificationTypeCode": null, "geoLevel": null, "vintage": null, "terminated": 0, "memberUomCode": 81}, {"memberId": 4, "parentMemberId": 3, "memberNameEn": "Total live animals", "memberNameFr": "Total des animaux vivants", "classificationCode": null, "classificationTypeCode": null, "geoLevel": null, "vintage": null, "terminated": 0, "memberUomCode": 81}, {"memberId": 5, "parentMemberId": 3, "memberNameEn": "Total food, feed, beverages and tobacco", "memberNameFr": "Total des aliments, provendes, boissons et tabacs", "classificationCode": null, "classificationTypeCode": null, "geoLevel": null, "vintage": null, "terminated": 0, "memberUomCode": 81}, {"memberId": 6, "parentMemberId": 5, "memberNameEn": "Meat and meat preparations", "memberNameFr": "Viandes et pr\u00e9parations de viandes", "classificationCode": null, "classificationTypeCode": null, "geoLevel": null, "vintage": null, "terminated": 0, "memberUomCode": 81}, {"memberId": 7, "parentMemberId": 6, "memberNameEn": "Meat, fresh, chilled or frozen", "memberNameFr": "Viandes fra\u00eeches, r\u00e9frig\u00e9r\u00e9es ou congel\u00e9es", "classificationCode": null, "classificationTypeCode": null, "geoLevel": null, "vintage": null, "terminated": 0, "memberUomCode": 81}, {"memberId": 8, "parentMemberId": 6, "memberNameEn": "Other meat and meat preparations", "memberNameFr": "Autres viandes et pr\u00e9parations de viandes", "classificationCode": null, "classificationTypeCode": null, "geoLevel": null, "vintage": null, "terminated": 0, "memberUomCode": 81}, {"memberId": 9, "parentMemberId": 5, "memberNameEn": "Fish, fresh or frozen", "memberNameFr": "Poissons frais ou congel\u00e9s", "classificationCode": null, "classificationTypeCode": null, "geoLevel": null, "vintage": null, "terminated": 0, "memberUomCode": 81}, {"memberId": 10, "parentMemberId": 9, "memberNameEn": "Fish, whole, dressed, fresh or frozen", "memberNameFr": "Poissons, entiers, pr\u00e9par\u00e9s, frais ou congel\u00e9s", "classificationCode": null, "classificationTypeCode": null, "geoLevel": null, "vintage": null, "terminated": 0, "memberUomCode": 81}, {"memberId": 11, "parentMemberId": 9, "memberNameEn": "Fish, fillets and blocks fresh or frozen", "memberNameFr": "Filets, blocs de poisson frais ou congel\u00e9s", "classificationCode": null, "classificationTypeCode": null, "geoLevel": null, "vintage": null, "terminated": 0, "memberUomCode": 81}, {"memberId": 12, "parentMemberId": 5, "memberNameEn": "Shellfish, preserved fish", "memberNameFr": "Mollusques et crustac\u00e9s, poisson en conserve", "classificationCode": null, "classificationTypeCode": null, "geoLevel": null, "vintage": null, "terminated": 0, "memberUomCode": 81}, {"memberId": 13, "parentMemberId": 12, "memberNameEn": "Fish, preserved, except canned", "memberNameFr": "Poisson en conserve, sauf en bo\u00eetes", "classificationCode": null, "classificationTypeCode": null, "geoLevel": null, "vintage": null, "terminated": 0, "memberUomCode": 81}, {"memberId": 14, "parentMemberId": 12, "memberNameEn": "Fish, canned", "memberNameFr": "Poisson, en bo\u00eetes", "classificationCode": null, "classificationTypeCode": null, "geoLevel": null, "vintage": null, "terminated": 0, "memberUomCode": 81}, {"memberId": 15, "parentMemberId": 12, "memberNameEn": "Other fishery foods and feeds", "memberNameFr": "Autres produits de la p\u00eache", "classificationCode": null, "classificationTypeCode": null, "geoLevel": null, "vintage": null, "terminated": 0, "memberUomCode": 81}, {"memberId": 16, "parentMemberId": 5, "memberNameEn": "Wheat", "memberNameFr": "Bl\u00e9", "classificationCode": null, "classificationTypeCode": null, "geoLevel": null, "vintage": null, "terminated": 0, "memberUomCode": 81}, {"memberId": 17, "parentMemberId": 5, "memberNameEn": "Wheat flour", "memberNameFr": "Farine de bl\u00e9", "classificationCode": null, "classificationTypeCode": null, "geoLevel": null, "vintage": null, "terminated": 0, "memberUomCode": 81}, {"memberId": 18, "parentMemberId": 5, "memberNameEn": "Other cereals and preparations", "memberNameFr": "Autres c\u00e9r\u00e9ales et pr\u00e9parations", "classificationCode": null, "classificationTypeCode": null, "geoLevel": null, "vintage": null, "terminated": 0, "memberUomCode": 81}, {"memberId": 19, "parentMemberId": 18, "memberNameEn": "Barley", "memberNameFr": "Orge", "classificationCode": null, "classificationTypeCode": null, "geoLevel": null, "vintage": null, "terminated": 0, "memberUomCode": 81}, {"memberId": 20, "parentMemberId": 18, "memberNameEn": "Other cereals, unmilled", "memberNameFr": "Autres c\u00e9r\u00e9ales, non moulues", "classificationCode": null, "classificationTypeCode": null, "geoLevel": null, "vintage": null, "terminated": 0, "memberUomCode": 81}, {"memberId": 21, "parentMemberId": 18, "memberNameEn": "Other cereals, milled", "memberNameFr": "Autres c\u00e9r\u00e9ales, moulues", "classificationCode": null, "classificationTypeCode": null, "geoLevel": null, "vintage": null, "terminated": 0, "memberUomCode": 81}, {"memberId": 22, "parentMemberId": 18, "memberNameEn": "Cereal preparations", "memberNameFr": "Pr\u00e9parations c\u00e9r\u00e9ali\u00e8res", "classificationCode": null, "classificationTypeCode": null, "geoLevel": null, "vintage": null, "terminated": 0, "memberUomCode": 81}, {"memberId": 23, "parentMemberId": 5, "memberNameEn": "Other foods", "memberNameFr": "Autres aliments", "classificationCode": null, "classificationTypeCode": null, "geoLevel": null, "vintage": null, "terminated": 0, "memberUomCode": 81}, {"memberId": 24, "parentMemberId": 23, "memberNameEn": "Fruits and fruit preparations", "memberNameFr": "Fruits et pr\u00e9parations de fruits", "classificationCode": null, "classificationTypeCode": null, "geoLevel": null, "vintage": null, "terminated": 0, "memberUomCode": 81}, {"memberId": 25, "parentMemberId": 23, "memberNameEn": "Vegetables and vegetable preparations", "memberNameFr": "L\u00e9gumes et pr\u00e9parations de l\u00e9gumes", "classificationCode": null, "classificationTypeCode": null, "geoLevel": null, "vintage": null, "terminated": 0, "memberUomCode": 81}, {"memberId": 26, "parentMemberId": 23, "memberNameEn": "Sugar and sugar preparations", "memberNameFr": "Sucre et pr\u00e9parations \u00e0 base de sucre", "classificationCode": null, "classificationTypeCode": null, "geoLevel": null, "vintage": null, "terminated": 0, "memberUomCode": 81}, {"memberId": 27, "parentMemberId": 23, "memberNameEn": "Other foods and materials for foods", "memberNameFr": "Autres aliments et mat\u00e9riels pour aliments", "classificationCode": null, "classificationTypeCode": null, "geoLevel": null, "vintage": null, "terminated": 0, "memberUomCode": 81}, {"memberId": 28, "parentMemberId": 5, "memberNameEn": "Fodder and feed", "memberNameFr": "Fourrages et provendes", "classificationCode": null, "classificationTypeCode": null, "geoLevel": null, "vintage": null, "terminated": 0, "memberUomCode": 81}, {"memberId": 29, "parentMemberId": 28, "memberNameEn": "Oil seed, cake and meal", "memberNameFr": "Tourteaux et farine ol\u00e9agineux", "classificationCode": null, "classificationTypeCode": null, "geoLevel": null, "vintage": null, "terminated": 0, "memberUomCode": 81}, {"memberId": 30, "parentMemberId": 28, "memberNameEn": "Other feeds of vegetable origin", "memberNameFr": "Autres provendes d'origine v\u00e9g\u00e9tale", "classificationCode": null, "classificationTypeCode": null, "geoLevel": null, "vintage": null, "terminated": 0, "memberUomCode": 81}, {"memberId": 31, "parentMemberId": 28, "memberNameEn": "Other fodder and feeds", "memberNameFr": "Autres fourrages et provendes", "classificationCode": null, "classificationTypeCode": null, "geoLevel": null, "vintage": null, "terminated": 0, "memberUomCode": 81}, {"memberId": 32, "parentMemberId": 5, "memberNameEn": "Whisky", "memberNameFr": "Whisky", "classificationCode": null, "classificationTypeCode": null, "geoLevel": null, "vintage": null, "terminated": 0, "memberUomCode": 81}, {"memberId": 33, "parentMemberId": 5, "memberNameEn": "Other food, feed, beverages and tobacco", "memberNameFr": "Autres aliments, provendes, boissons et tabacs", "classificationCode": null, "classificationTypeCode": null, "geoLevel": null, "vintage": null, "terminated": 0, "memberUomCode": 81}, {"memberId": 34, "parentMemberId": 33, "memberNameEn": "Dairy produce, eggs and honey", "memberNameFr": "Produits laitiers, oeufs et miel", "classificationCode": null, "classificationTypeCode": null, "geoLevel": null, "vintage": null, "terminated": 0, "memberUomCode": 81}, {"memberId": 35, "parentMemberId": 33, "memberNameEn": "Other beverages", "memberNameFr": "Autres boissons", "classificationCode": null, "classificationTypeCode": null, "geoLevel": null, "vintage": null, "terminated": 0, "memberUomCode": 81}, {"memberId": 36, "parentMemberId": 33, "memberNameEn": "Tobacco", "memberNameFr": "Tabacs", "classificationCode": null, "classificationTypeCode": null, "geoLevel": null, "vintage": null, "terminated": 0, "memberUomCode": 81}, {"memberId": 37, "parentMemberId": 3, "memberNameEn": "Total crude materials, inedible", "memberNameFr": "Total des mati\u00e8res brutes, non comestibles", "classificationCode": null, "classificationTypeCode": null, "geoLevel": null, "vintage": null, "terminated": 0, "memberUomCode": 81}, {"memberId": 38, "parentMemberId": 37, "memberNameEn": "Hides, skins and furs", "memberNameFr": "Cuirs, peaux et pelleteries", "classificationCode": null, "classificationTypeCode": null, "geoLevel": null, "vintage": null, "terminated": 0, "memberUomCode": 81}, {"memberId": 39, "parentMemberId": 38, "memberNameEn": "Raw hides and skins", "memberNameFr": "Peaux et cuirs bruts", "classificationCode": null, "classificationTypeCode": null, "geoLevel": null, "vintage": null, "terminated": 0, "memberUomCode": 81}, {"memberId": 40, "parentMemberId": 38, "memberNameEn": "Fur skins, undressed", "memberNameFr": "Pelleteries, non appr\u00eat\u00e9es", "classificationCode": null, "classificationTypeCode": null, "geoLevel": null, "vintage": null, "terminated": 0, "memberUomCode": 81}, {"memberId": 41, "parentMemberId": 37, "memberNameEn": "Oil seeds", "memberNameFr": "Graines ol\u00e9agineuses", "classificationCode": null, "classificationTypeCode": null, "geoLevel": null, "vintage": null, "terminated": 0, "memberUomCode": 81}, {"memberId": 42, "parentMemberId": 41, "memberNameEn": "Flaxseed", "memberNameFr": "Graine de lin", "classificationCode": null, "classificationTypeCode": null, "geoLevel": null, "vintage": null, "terminated": 0, "memberUomCode": 81}, {"memberId": 43, "parentMemberId": 41, "memberNameEn": "Rapeseed", "memberNameFr": "Graine de colza", "classificationCode": null, "classificationTypeCode": null, "geoLevel": null, "vintage": null, "terminated": 0, "memberUomCode": 81}, {"memberId": 44, "parentMemberId": 41, "memberNameEn": "Other oil seeds, oil nuts, oil kernels", "memberNameFr": "Autres graines, noix et amandes ol\u00e9agineuses", "classificationCode": null, "classificationTypeCode": null, "geoLevel": null, "vintage": null, "terminated": 0, "memberUomCode": 81}, {"memberId": 45, "parentMemberId": 37, "memberNameEn": "Crude wood materials", "memberNameFr": "Produits en bois brut", "classificationCode": null, "classificationTypeCode": null, "geoLevel": null, "vintage": null, "terminated": 0, "memberUomCode": 81}, {"memberId": 46, "parentMemberId": 45, "memberNameEn": "Pulpwood", "memberNameFr": "Bois \u00e0 p\u00e2te", "classificationCode": null, "classificationTypeCode": null, "geoLevel": null, "vintage": null, "terminated": 0, "memberUomCode": 81}, {"memberId": 47, "parentMemberId": 45, "memberNameEn": "Pulpwood chips", "memberNameFr": "Copeaux de bois \u00e0 p\u00e2te", "classificationCode": null, "classificationTypeCode": null, "geoLevel": null, "vintage": null, "terminated": 0, "memberUomCode": 81}, {"memberId": 48, "parentMemberId": 45, "memberNameEn": "Other crude wood products", "memberNameFr": "Autres mati\u00e8res en bois brut", "classificationCode": null, "classificationTypeCode": null, "geoLevel": null, "vintage": null, "terminated": 0, "memberUomCode": 81}, {"memberId": 49, "parentMemberId": 37, "memberNameEn": "Iron ores concentrates and scrap", "memberNameFr": "Minerais, concentr\u00e9s et d\u00e9chets de fer", "classificationCode": null, "classificationTypeCode": null, "geoLevel": null, "vintage": null, "terminated": 0, "memberUomCode": 81}, {"memberId": 50, "parentMemberId": 49, "memberNameEn": "Iron ores and concentrates", "memberNameFr": "Minerais et concentr\u00e9s de fer", "classificationCode": null, "classificationTypeCode": null, "geoLevel": null, "vintage": null, "terminated": 0, "memberUomCode": 81}, {"memberId": 51, "parentMemberId": 49, "memberNameEn": "Scrap iron and steel", "memberNameFr": "D\u00e9chets de fer et d'acier", "classificationCode": null, "classificationTypeCode": null, "geoLevel": null, "vintage": null, "terminated": 0, "memberUomCode": 81}, {"memberId": 52, "parentMemberId": 37, "memberNameEn": "Copper in ores, concentrates and scrap", "memberNameFr": "Minerais, concentr\u00e9s et d\u00e9chets de cuivre", "classificationCode": null, "classificationTypeCode": null, "geoLevel": null, "vintage": null, "terminated": 0, "memberUomCode": 81}, {"memberId": 53, "parentMemberId": 37, "memberNameEn": "Nickel in ores, concentrates and scrap", "memberNameFr": "Minerais, concentr\u00e9s et d\u00e9chets de nickel", "classificationCode": null, "classificationTypeCode": null, "geoLevel": null, "vintage": null, "terminated": 0, "memberUomCode": 81}, {"memberId": 54, "parentMemberId": 37, "memberNameEn": "Radioactive ores and concentrates", "memberNameFr": "Minerais et concentr\u00e9s radioactifs", "classificationCode": null, "classificationTypeCode": null, "geoLevel": null, "vintage": null, "terminated": 0, "memberUomCode": 81}, {"memberId": 55, "parentMemberId": 37, "memberNameEn": "Other non-ferrous ores, concentrates and scrap", "memberNameFr": "Autres minerais, concentr\u00e9s et d\u00e9chets, non ferreux", "classificationCode": null, "classificationTypeCode": null, "geoLevel": null, "vintage": null, "terminated": 0, "memberUomCode": 81}, {"memberId": 56, "parentMemberId": 55, "memberNameEn": "Aluminum ores, concentrates and scrap", "memberNameFr": "Minerais, concentr\u00e9s et d\u00e9chets d'aluminium", "classificationCode": null, "classificationTypeCode": null, "geoLevel": null, "vintage": null, "terminated": 0, "memberUomCode": 81}, {"memberId": 57, "parentMemberId": 55, "memberNameEn": "Lead in ores, concentrates and scrap", "memberNameFr": "Minerais, concentr\u00e9s et d\u00e9chets de plomb", "classificationCode": null, "classificationTypeCode": null, "geoLevel": null, "vintage": null, "terminated": 0, "memberUomCode": 81}, {"memberId": 58, "parentMemberId": 55, "memberNameEn": "Precious metal in ores, concentrates and scrap", "memberNameFr": "Minerais, concentr\u00e9s et d\u00e9chets de m\u00e9taux pr\u00e9cieux", "classificationCode": null, "classificationTypeCode": null, "geoLevel": null, "vintage": null, "terminated": 0, "memberUomCode": 81}, {"memberId": 59, "parentMemberId": 55, "memberNameEn": "Zinc in ores, concentrates and scrap", "memberNameFr": "Minerais, concentr\u00e9s et d\u00e9chets de zinc", "classificationCode": null, "classificationTypeCode": null, "geoLevel": null, "vintage": null, "terminated": 0, "memberUomCode": 81}, {"memberId": 60, "parentMemberId": 55, "memberNameEn": "Other metals in ores, concentrates and scrap", "memberNameFr": "Autres minerais, concentr\u00e9s et d\u00e9chets m\u00e9tallif\u00e8res", "classificationCode": null, "classificationTypeCode": null, "geoLevel": null, "vintage": null, "terminated": 0, "memberUomCode": 81}, {"memberId": 61, "parentMemberId": 37, "memberNameEn": "Crude petroleum", "memberNameFr": "P\u00e9trole brut", "classificationCode": null, "classificationTypeCode": null, "geoLevel": null, "vintage": null, "terminated": 0, "memberUomCode": 81}, {"memberId": 62, "parentMemberId": 37, "memberNameEn": "Natural gas", "memberNameFr": "Gaz naturel", "classificationCode": null, "classificationTypeCode": null, "geoLevel": null, "vintage": null, "terminated": 0, "memberUomCode": 81}, {"memberId": 63, "parentMemberId": 37, "memberNameEn": "Asbestos, unmanufactured", "memberNameFr": "Amiante, non ouvr\u00e9", "classificationCode": null, "classificationTypeCode": null, "geoLevel": null, "vintage": null, "terminated": 0, "memberUomCode": 81}, {"memberId": 64, "parentMemberId": 37, "memberNameEn": "Other non-metallic minerals", "memberNameFr": "Autres min\u00e9raux non m\u00e9talliques", "classificationCode": null, "classificationTypeCode": null, "geoLevel": null, "vintage": null, "terminated": 0, "memberUomCode": 81}, {"memberId": 65, "parentMemberId": 64, "memberNameEn": "Coal and other crude bituminous substances", "memberNameFr": "Charbon et substances bitumineuses brutes", "classificationCode": null, "classificationTypeCode": null, "geoLevel": null, "vintage": null, "terminated": 0, "memberUomCode": 81}, {"memberId": 66, "parentMemberId": 64, "memberNameEn": "Sulphur", "memberNameFr": "Soufre", "classificationCode": null, "classificationTypeCode": null, "geoLevel": null, "vintage": null, "terminated": 0, "memberUomCode": 81}, {"memberId": 67, "parentMemberId": 64, "memberNameEn": "Other crude non-metallic minerals", "memberNameFr": "Autres min\u00e9raux non m\u00e9talliques bruts", "classificationCode": null, "classificationTypeCode": null, "geoLevel": null, "vintage": null, "terminated": 0, "memberUomCode": 81}, {"memberId": 68, "parentMemberId": 37, "memberNameEn": "Other crude materials inedible", "memberNameFr": "Autres produits bruts, non comestibles", "classificationCode": null, "classificationTypeCode": null, "geoLevel": null, "vintage": null, "terminated": 0, "memberUomCode": 81}, {"memberId": 69, "parentMemberId": 68, "memberNameEn": "Other crude animal products", "memberNameFr": "Autres produits bruts d'origine animale", "classificationCode": null, "classificationTypeCode": null, "geoLevel": null, "vintage": null, "terminated": 0, "memberUomCode": 81}, {"memberId": 70, "parentMemberId": 68, "memberNameEn": "Seeds for sowing", "memberNameFr": "Graines de semence", "classificationCode": null, "classificationTypeCode": null, "geoLevel": null, "vintage": null, "terminated": 0, "memberUomCode": 81}, {"memberId": 71, "parentMemberId": 68, "memberNameEn": "Other crude vegetable products", "memberNameFr": "Autres mati\u00e8res v\u00e9g\u00e9tales brutes", "classificationCode": null, "classificationTypeCode": null, "geoLevel": null, "vintage": null, "terminated": 0, "memberUomCode": 81}, {"memberId": 72, "parentMemberId": 68, "memberNameEn": "Textile and related fibres", "memberNameFr": "Textile et fibres connexes", "classificationCode": null, "classificationTypeCode": null, "geoLevel": null, "vintage": null, "terminated": 0, "memberUomCode": 81}, {"memberId": 73, "parentMemberId": 68, "memberNameEn": "Other waste and scrap materials", "memberNameFr": "Autres rebuts et d\u00e9chets de mat\u00e9riel", "classificationCode": null, "classificationTypeCode": null, "geoLevel": null, "vintage": null, "terminated": 0, "memberUomCode": 81}, {"memberId": 74, "parentMemberId": 3, "memberNameEn": "Total fabricated materials, inedible", "memberNameFr": "Total des mati\u00e8res travaill\u00e9es, non comestibles", "classificationCode": null, "classificationTypeCode": null, "geoLevel": null, "vintage": null, "terminated": 0, "memberUomCode": 81}, {"memberId": 75, "parentMemberId": 74, "memberNameEn": "Lumber", "memberNameFr": "Bois", "classificationCode": null, "classificationTypeCode": null, "geoLevel": null, "vintage": null, "terminated": 0, "memberUomCode": 81}, {"memberId": 76, "parentMemberId": 75, "memberNameEn": "Lumber, softwood", "memberNameFr": "Bois d'oeuvre, r\u00e9sineux", "classificationCode": null, "classificationTypeCode": null, "geoLevel": null, "vintage": null, "terminated": 0, "memberUomCode": 81}, {"memberId": 77, "parentMemberId": 75, "memberNameEn": "Lumber, hardwood", "memberNameFr": "Bois d'oeuvre, feuillus", "classificationCode": null, "classificationTypeCode": null, "geoLevel": null, "vintage": null, "terminated": 0, "memberUomCode": 81}, {"memberId": 78, "parentMemberId": 74, "memberNameEn": "Veneer and plywood", "memberNameFr": "Placages et contre-plaqu\u00e9s", "classificationCode": null, "classificationTypeCode": null, "geoLevel": null, "vintage": null, "terminated": 0, "memberUomCode": 81}, {"memberId": 79, "parentMemberId": 78, "memberNameEn": "Veneer", "memberNameFr": "Placages", "classificationCode": null, "classificationTypeCode": null, "geoLevel": null, "vintage": null, "terminated": 0, "memberUomCode": 81}, {"memberId": 80, "parentMemberId": 78, "memberNameEn": "Plywood", "memberNameFr": "Contre-plaqu\u00e9s", "classificationCode": null, "classificationTypeCode": null, "geoLevel": null, "vintage": null, "terminated": 0, "memberUomCode": 81}, {"memberId": 81, "parentMemberId": 74, "memberNameEn": "Wood pulp and similar pulp", "memberNameFr": "P\u00e2te de bois et p\u00e2te similaire", "classificationCode": null, "classificationTypeCode": null, "geoLevel": null, "vintage": null, "terminated": 0, "memberUomCode": 81}, {"memberId": 82, "parentMemberId": 74, "memberNameEn": "Newsprint paper", "memberNameFr": "Papier journal", "classificationCode": null, "classificationTypeCode": null, "geoLevel": null, "vintage": null, "terminated": 0, "memberUomCode": 81}, {"memberId": 83, "parentMemberId": 74, "memberNameEn": "Other paper and board", "memberNameFr": "Autre papier et carton", "classificationCode": null, "classificationTypeCode": null, "geoLevel": null, "vintage": null, "terminated": 0, "memberUomCode": 81}, {"memberId": 84, "parentMemberId": 83, "memberNameEn": "Other paper for printing", "memberNameFr": "Autre papier \u00e0 imprimerie", "classificationCode": null, "classificationTypeCode": null, "geoLevel": null, "vintage": null, "terminated": 0, "memberUomCode": 81}, {"memberId": 85, "parentMemberId": 83, "memberNameEn": "Paperboard", "memberNameFr": "Carton", "classificationCode": null, "classificationTypeCode": null, "geoLevel": null, "vintage": null, "terminated": 0, "memberUomCode": 81}, {"memberId": 86, "parentMemberId": 83, "memberNameEn": "Other paper", "memberNameFr": "Autre papier", "classificationCode": null, "classificationTypeCode": null, "geoLevel": null, "vintage": null, "terminated": 0, "memberUomCode": 81}, {"memberId": 87, "parentMemberId": 74, "memberNameEn": "Textile fabricated materials", "memberNameFr": "Mati\u00e8res travaill\u00e9es de textile", "classificationCode": null, "classificationTypeCode": null, "geoLevel": null, "vintage": null, "terminated": 0, "memberUomCode": 81}, {"memberId": 88, "parentMemberId": 87, "memberNameEn": "Yarn, thread, cordage, twine and rope", "memberNameFr": "Fil\u00e9s, fil, cordage, ficelle et corde", "classificationCode": null, "classificationTypeCode": null, "geoLevel": null, "vintage": null, "terminated": 0, "memberUomCode": 81}, {"memberId": 89, "parentMemberId": 87, "memberNameEn": "Cotton broad woven fabrics", "memberNameFr": "Tissus de coton larges", "classificationCode": null, "classificationTypeCode": null, "geoLevel": null, "vintage": null, "terminated": 0, "memberUomCode": 81}, {"memberId": 90, "parentMemberId": 87, "memberNameEn": "Other broad woven fabrics", "memberNameFr": "Autres tissus larges", "classificationCode": null, "classificationTypeCode": null, "geoLevel": null, "vintage": null, "terminated": 0, "memberUomCode": 81}, {"memberId": 91, "parentMemberId": 87, "memberNameEn": "Other textile fabricated materials", "memberNameFr": "Autres demi-produits en mati\u00e8res textiles", "classificationCode": null, "classificationTypeCode": null, "geoLevel": null, "vintage": null, "terminated": 0, "memberUomCode": 81}, {"memberId": 92, "parentMemberId": 74, "memberNameEn": "Chemicals", "memberNameFr": "Chimiques", "classificationCode": null, "classificationTypeCode": null, "geoLevel": null, "vintage": null, "terminated": 0, "memberUomCode": 81}, {"memberId": 93, "parentMemberId": 92, "memberNameEn": "Chemical elements", "memberNameFr": "\u00c9l\u00e9ments chimiques", "classificationCode": null, "classificationTypeCode": null, "geoLevel": null, "vintage": null, "terminated": 0, "memberUomCode": 81}, {"memberId": 94, "parentMemberId": 92, "memberNameEn": "Other inorganic chemicals", "memberNameFr": "Autres produits chimiques inorganiques", "classificationCode": null, "classificationTypeCode": null, "geoLevel": null, "vintage": null, "terminated": 0, "memberUomCode": 81}, {"memberId": 95, "parentMemberId": 92, "memberNameEn": "Organic chemicals", "memberNameFr": "Produits chimiques organiques", "classificationCode": null, "classificationTypeCode": null, "geoLevel": null, "vintage": null, "terminated": 0, "memberUomCode": 81}, {"memberId": 96, "parentMemberId": 74, "memberNameEn": "Fertilizers and fertilizer material", "memberNameFr": "Engrais et mati\u00e8res fertilisantes", "classificationCode": null, "classificationTypeCode": null, "geoLevel": null, "vintage": null, "terminated": 0, "memberUomCode": 81}, {"memberId": 97, "parentMemberId": 74, "memberNameEn": "Synthetic rubber and plastics", "memberNameFr": "Caoutchouc synth\u00e9tique et plastiques", "classificationCode": null, "classificationTypeCode": null, "geoLevel": null, "vintage": null, "terminated": 0, "memberUomCode": 81}, {"memberId": 98, "parentMemberId": 97, "memberNameEn": "Synthetic rubber and plastics materials", "memberNameFr": "Caoutchouc synth\u00e9tique et mati\u00e8res plastiques", "classificationCode": null, "classificationTypeCode": null, "geoLevel": null, "vintage": null, "terminated": 0, "memberUomCode": 81}, {"memberId": 99, "parentMemberId": 97, "memberNameEn": "Plastics basic shapes and forms", "memberNameFr": "Formes de base en mati\u00e8res plastiques", "classificationCode": null, "classificationTypeCode": null, "geoLevel": null, "vintage": null, "terminated": 0, "memberUomCode": 81}, {"memberId": 100, "parentMemberId": 74, "memberNameEn": "Primary iron and steel", "memberNameFr": "Fer et acier primaires", "classificationCode": null, "classificationTypeCode": null, "geoLevel": null, "vintage": null, "terminated": 0, "memberUomCode": 81}, {"memberId": 101, "parentMemberId": 74, "memberNameEn": "Plate, sheet and strip, steel", "memberNameFr": "T\u00f4les, feuilles et feuillards d'acier", "classificationCode": null, "classificationTypeCode": null, "geoLevel": null, "vintage": null, "terminated": 0, "memberUomCode": 81}, {"memberId": 102, "parentMemberId": 74, "memberNameEn": "Other iron and steel", "memberNameFr": "Autres fer et acier", "classificationCode": null, "classificationTypeCode": null, "geoLevel": null, "vintage": null, "terminated": 0, "memberUomCode": 81}, {"memberId": 103, "parentMemberId": 102, "memberNameEn": "Ferro-alloys", "memberNameFr": "Ferro-alliages", "classificationCode": null, "classificationTypeCode": null, "geoLevel": null, "vintage": null, "terminated": 0, "memberUomCode": 81}, {"memberId": 104, "parentMemberId": 102, "memberNameEn": "Castings and forging steel", "memberNameFr": "Moulages et pi\u00e8ces forg\u00e9es en acier", "classificationCode": null, "classificationTypeCode": null, "geoLevel": null, "vintage": null, "terminated": 0, "memberUomCode": 81}, {"memberId": 105, "parentMemberId": 102, "memberNameEn": "Bars and rods, steel", "memberNameFr": "Barres et tiges en acier", "classificationCode": null, "classificationTypeCode": null, "geoLevel": null, "vintage": null, "terminated": 0, "memberUomCode": 81}, {"memberId": 106, "parentMemberId": 102, "memberNameEn": "Railway track material", "memberNameFr": "Mat\u00e9riel de voie ferr\u00e9e", "classificationCode": null, "classificationTypeCode": null, "geoLevel": null, "vintage": null, "terminated": 0, "memberUomCode": 81}, {"memberId": 107, "parentMemberId": 102, "memberNameEn": "Other iron and steel and alloys", "memberNameFr": "Autres fer, acier et alliages", "classificationCode": null, "classificationTypeCode": null, "geoLevel": null, "vintage": null, "terminated": 0, "memberUomCode": 81}, {"memberId": 108, "parentMemberId": 74, "memberNameEn": "Aluminum, including alloys", "memberNameFr": "Aluminium, y compris alliages", "classificationCode": null, "classificationTypeCode": null, "geoLevel": null, "vintage": null, "terminated": 0, "memberUomCode": 81}, {"memberId": 109, "parentMemberId": 74, "memberNameEn": "Copper and alloys", "memberNameFr": "Cuivre et alliages", "classificationCode": null, "classificationTypeCode": null, "geoLevel": null, "vintage": null, "terminated": 0, "memberUomCode": 81}, {"memberId": 110, "parentMemberId": 74, "memberNameEn": "Nickel and alloys", "memberNameFr": "Nickel et alliages", "classificationCode": null, "classificationTypeCode": null, "geoLevel": null, "vintage": null, "terminated": 0, "memberUomCode": 81}, {"memberId": 111, "parentMemberId": 74, "memberNameEn": "Zinc, including alloys", "memberNameFr": "Zinc, y compris alliages", "classificationCode": null, "classificationTypeCode": null, "geoLevel": null, "vintage": null, "terminated": 0, "memberUomCode": 81}, {"memberId": 112, "parentMemberId": 74, "memberNameEn": "Other non-ferrous metals and alloys", "memberNameFr": "Autres m\u00e9taux non ferreux et alliages", "classificationCode": null, "classificationTypeCode": null, "geoLevel": null, "vintage": null, "terminated": 0, "memberUomCode": 81}, {"memberId": 113, "parentMemberId": 112, "memberNameEn": "Lead, including alloys", "memberNameFr": "Plomb, y compris alliages", "classificationCode": null, "classificationTypeCode": null, "geoLevel": null, "vintage": null, "terminated": 0, "memberUomCode": 81}, {"memberId": 114, "parentMemberId": 112, "memberNameEn": "Precious metals, including alloys", "memberNameFr": "M\u00e9taux pr\u00e9cieux, y compris alliages", "classificationCode": null, "classificationTypeCode": null, "geoLevel": null, "vintage": null, "terminated": 0, "memberUomCode": 81}, {"memberId": 115, "parentMemberId": 112, "memberNameEn": "Other non-ferrous metals and alloys", "memberNameFr": "Autres m\u00e9taux non ferreux et alliages", "classificationCode": null, "classificationTypeCode": null, "geoLevel": null, "vintage": null, "terminated": 0, "memberUomCode": 81}, {"memberId": 116, "parentMemberId": 74, "memberNameEn": "Other fabricated materials, inedible", "memberNameFr": "Autres mati\u00e8res travaill\u00e9es, non comestibles", "classificationCode": null, "classificationTypeCode": null, "geoLevel": null, "vintage": null, "terminated": 0, "memberUomCode": 81}, {"memberId": 117, "parentMemberId": 116, "memberNameEn": "Leather and leather fabricated materials", "memberNameFr": "Cuir et demi-produits en cuir", "classificationCode": null, "classificationTypeCode": null, "geoLevel": null, "vintage": null, "terminated": 0, "memberUomCode": 81}, {"memberId": 118, "parentMemberId": 116, "memberNameEn": "Shingles and shakes", "memberNameFr": "Bardeaux et bardeaux pour fa\u00e7ade", "classificationCode": null, "classificationTypeCode": null, "geoLevel": null, "vintage": null, "terminated": 0, "memberUomCode": 81}, {"memberId": 119, "parentMemberId": 116, "memberNameEn": "Other sawmill products", "memberNameFr": "Autres sciages", "classificationCode": null, "classificationTypeCode": null, "geoLevel": null, "vintage": null, "terminated": 0, "memberUomCode": 81}, {"memberId": 120, "parentMemberId": 116, "memberNameEn": "Other wood fabricated materials", "memberNameFr": "Autres demi-produits en bois", "classificationCode": null, "classificationTypeCode": null, "geoLevel": null, "vintage": null, "terminated": 0, "memberUomCode": 81}, {"memberId": 121, "parentMemberId": 116, "memberNameEn": "Oil, fats, waxes, extracts, derivatives", "memberNameFr": "Huiles, mati\u00e8res grasses, cires, extraits, d\u00e9riv\u00e9s", "classificationCode": null, "classificationTypeCode": null, "geoLevel": null, "vintage": null, "terminated": 0, "memberUomCode": 81}, {"memberId": 122, "parentMemberId": 116, "memberNameEn": "Other chemical products", "memberNameFr": "Autres produits chimiques", "classificationCode": null, "classificationTypeCode": null, "geoLevel": null, "vintage": null, "terminated": 0, "memberUomCode": 81}, {"memberId": 123, "parentMemberId": 116, "memberNameEn": "Petroleum and coal products", "memberNameFr": "D\u00e9riv\u00e9s du p\u00e9trole et du charbon", "classificationCode": null, "classificationTypeCode": null, "geoLevel": null, "vintage": null, "terminated": 0, "memberUomCode": 81}, {"memberId": 124, "parentMemberId": 116, "memberNameEn": "Metal fabricated basic products", "memberNameFr": "Ouvrages de base en m\u00e9tal", "classificationCode": null, "classificationTypeCode": null, "geoLevel": null, "vintage": null, "terminated": 0, "memberUomCode": 81}, {"memberId": 125, "parentMemberId": 116, "memberNameEn": "Abrasive basic products", "memberNameFr": "Produits de base en abrasifs", "classificationCode": null, "classificationTypeCode": null, "geoLevel": null, "vintage": null, "terminated": 0, "memberUomCode": 81}, {"memberId": 126, "parentMemberId": 116, "memberNameEn": "Other non-metal mineral basic products", "memberNameFr": "Autres produits min\u00e9raux non m\u00e9talliques de base", "classificationCode": null, "classificationTypeCode": null, "geoLevel": null, "vintage": null, "terminated": 0, "memberUomCode": 81}, {"memberId": 127, "parentMemberId": 116, "memberNameEn": "Electricity", "memberNameFr": "\u00c9lectricit\u00e9", "classificationCode": null, "classificationTypeCode": null, "geoLevel": null, "vintage": null, "terminated": 0, "memberUomCode": 81}, {"memberId": 128, "parentMemberId": 116, "memberNameEn": "Other fabricated materials, inedible", "memberNameFr": "Autres mati\u00e8res travaill\u00e9es, non comestibles", "classificationCode": null, "classificationTypeCode": null, "geoLevel": null, "vintage": null, "terminated": 0, "memberUomCode": 81}, {"memberId": 129, "parentMemberId": 3, "memberNameEn": "Total end products, inedible", "memberNameFr": "Total des produits finis, non comestibles", "classificationCode": null, "classificationTypeCode": null, "geoLevel": null, "vintage": null, "terminated": 0, "memberUomCode": 81}, {"memberId": 130, "parentMemberId": 129, "memberNameEn": "Total machinery", "memberNameFr": "Total des machines", "classificationCode": null, "classificationTypeCode": null, "geoLevel": null, "vintage": null, "terminated": 0, "memberUomCode": 81}, {"memberId": 131, "parentMemberId": 130, "memberNameEn": "General purpose machinery", "memberNameFr": "Machines d'usage g\u00e9n\u00e9ral", "classificationCode": null, "classificationTypeCode": null, "geoLevel": null, "vintage": null, "terminated": 0, "memberUomCode": 81}, {"memberId": 132, "parentMemberId": 131, "memberNameEn": "Engines and turbines, general purpose", "memberNameFr": "Moteurs et turbines d'usage g\u00e9n\u00e9ral", "classificationCode": null, "classificationTypeCode": null, "geoLevel": null, "vintage": null, "terminated": 0, "memberUomCode": 81}, {"memberId": 133, "parentMemberId": 131, "memberNameEn": "Electric generators and motors", "memberNameFr": "G\u00e9n\u00e9ratrices et moteurs \u00e9lectriques", "classificationCode": null, "classificationTypeCode": null, "geoLevel": null, "vintage": null, "terminated": 0, "memberUomCode": 81}, {"memberId": 134, "parentMemberId": 131, "memberNameEn": "Other general purpose industrial machinery", "memberNameFr": "Autres machines industrielles d'usage g\u00e9n\u00e9ral", "classificationCode": null, "classificationTypeCode": null, "geoLevel": null, "vintage": null, "terminated": 0, "memberUomCode": 81}, {"memberId": 135, "parentMemberId": 130, "memberNameEn": "Materials handling machinery and equipment", "memberNameFr": "Machines et \u00e9quipement de manutention", "classificationCode": null, "classificationTypeCode": null, "geoLevel": null, "vintage": null, "terminated": 0, "memberUomCode": 81}, {"memberId": 136, "parentMemberId": 130, "memberNameEn": "Drilling, excavating, mining machinery", "memberNameFr": "Excavatrices et foreuse pour mines", "classificationCode": null, "classificationTypeCode": null, "geoLevel": null, "vintage": null, "terminated": 0, "memberUomCode": 81}, {"memberId": 137, "parentMemberId": 130, "memberNameEn": "Agricultural machinery, including tractors", "memberNameFr": "Machinerie agricole y compris tracteurs", "classificationCode": null, "classificationTypeCode": null, "geoLevel": null, "vintage": null, "terminated": 0, "memberUomCode": 81}, {"memberId": 138, "parentMemberId": 137, "memberNameEn": "Soil preparation, seeding, fertilizing machinery", "memberNameFr": "Machines \u00e0 pr\u00e9parer, ensemencer et amender le sol", "classificationCode": null, "classificationTypeCode": null, "geoLevel": null, "vintage": null, "terminated": 0, "memberUomCode": 81}, {"memberId": 139, "parentMemberId": 137, "memberNameEn": "Combine reaper-threshers and parts", "memberNameFr": "Moissonneuses-batteuses et pi\u00e8ces", "classificationCode": null, "classificationTypeCode": null, "geoLevel": null, "vintage": null, "terminated": 0, "memberUomCode": 81}, {"memberId": 140, "parentMemberId": 137, "memberNameEn": "Other haying and harvesting machinery", "memberNameFr": "Autres machines de fenaison et de r\u00e9colte", "classificationCode": null, "classificationTypeCode": null, "geoLevel": null, "vintage": null, "terminated": 0, "memberUomCode": 81}, {"memberId": 141, "parentMemberId": 137, "memberNameEn": "Other agricultural machinery and equipment", "memberNameFr": "Autres machines et mat\u00e9riel agricoles", "classificationCode": null, "classificationTypeCode": null, "geoLevel": null, "vintage": null, "terminated": 0, "memberUomCode": 81}, {"memberId": 142, "parentMemberId": 137, "memberNameEn": "Tractors", "memberNameFr": "Tracteurs", "classificationCode": null, "classificationTypeCode": null, "geoLevel": null, "vintage": null, "terminated": 0, "memberUomCode": 81}, {"memberId": 143, "parentMemberId": 130, "memberNameEn": "Other machinery (residual)", "memberNameFr": "Autres machines (r\u00e9sidu)", "classificationCode": null, "classificationTypeCode": null, "geoLevel": null, "vintage": null, "terminated": 0, "memberUomCode": 81}, {"memberId": 144, "parentMemberId": 143, "memberNameEn": "Metalworking machinery", "memberNameFr": "Machines-outils, travail des m\u00e9taux", "classificationCode": null, "classificationTypeCode": null, "geoLevel": null, "vintage": null, "terminated": 0, "memberUomCode": 81}, {"memberId": 145, "parentMemberId": 143, "memberNameEn": "Woodworking machinery and equipment", "memberNameFr": "Machines et \u00e9quipement \u00e0 travailler le bois", "classificationCode": null, "classificationTypeCode": null, "geoLevel": null, "vintage": null, "terminated": 0, "memberUomCode": 81}, {"memberId": 146, "parentMemberId": 143, "memberNameEn": "Construction machinery and equipment", "memberNameFr": "Machines de construction et outillage", "classificationCode": null, "classificationTypeCode": null, "geoLevel": null, "vintage": null, "terminated": 0, "memberUomCode": 81}, {"memberId": 147, "parentMemberId": 143, "memberNameEn": "Plastic industry machinery and equipment", "memberNameFr": "Machines et outils pour l'industrie des mati\u00e8res plastiques", "classificationCode": null, "classificationTypeCode": null, "geoLevel": null, "vintage": null, "terminated": 0, "memberUomCode": 81}, {"memberId": 148, "parentMemberId": 143, "memberNameEn": "Pulp and paper industries machinery", "memberNameFr": "Machines pour industries de p\u00e2te et papier", "classificationCode": null, "classificationTypeCode": null, "geoLevel": null, "vintage": null, "terminated": 0, "memberUomCode": 81}, {"memberId": 149, "parentMemberId": 143, "memberNameEn": "Other special industry machinery", "memberNameFr": "Machines pour autres industries sp\u00e9ciales", "classificationCode": null, "classificationTypeCode": null, "geoLevel": null, "vintage": null, "terminated": 0, "memberUomCode": 81}, {"memberId": 150, "parentMemberId": 129, "memberNameEn": "Total transportation and communication", "memberNameFr": "Total de transport et communication", "classificationCode": null, "classificationTypeCode": null, "geoLevel": null, "vintage": null, "terminated": 0, "memberUomCode": 81}, {"memberId": 151, "parentMemberId": 150, "memberNameEn": "Total motor vehicles and parts", "memberNameFr": "Total des moteurs de v\u00e9hicules auto et pi\u00e8ces", "classificationCode": null, "classificationTypeCode": null, "geoLevel": null, "vintage": null, "terminated": 0, "memberUomCode": 81}, {"memberId": 152, "parentMemberId": 151, "memberNameEn": "Road motor vehicles", "memberNameFr": "V\u00e9hicules moteurs", "classificationCode": null, "classificationTypeCode": null, "geoLevel": null, "vintage": null, "terminated": 0, "memberUomCode": 81}, {"memberId": 153, "parentMemberId": 152, "memberNameEn": "Passenger automobiles and chassis", "memberNameFr": "Voitures particuli\u00e8res et ch\u00e2ssis", "classificationCode": null, "classificationTypeCode": null, "geoLevel": null, "vintage": null, "terminated": 0, "memberUomCode": 81}, {"memberId": 154, "parentMemberId": 152, "memberNameEn": "Trucks, trucks tractors and chassis", "memberNameFr": "Camions, tracteurs routiers et ch\u00e2ssis", "classificationCode": null, "classificationTypeCode": null, "geoLevel": null, "vintage": null, "terminated": 0, "memberUomCode": 81}, {"memberId": 155, "parentMemberId": 152, "memberNameEn": "Other motor vehicles", "memberNameFr": "Autres v\u00e9hicules moteurs", "classificationCode": null, "classificationTypeCode": null, "geoLevel": null, "vintage": null, "terminated": 0, "memberUomCode": 81}, {"memberId": 156, "parentMemberId": 151, "memberNameEn": "Motor vehicle engines and parts", "memberNameFr": "Moteurs de v\u00e9hicules auto et pi\u00e8ces", "classificationCode": null, "classificationTypeCode": null, "geoLevel": null, "vintage": null, "terminated": 0, "memberUomCode": 81}, {"memberId": 157, "parentMemberId": 151, "memberNameEn": "Motor vehicles parts, except engines", "memberNameFr": "Pi\u00e8ces de v\u00e9hicules auto sauf moteurs", "classificationCode": null, "classificationTypeCode": null, "geoLevel": null, "vintage": null, "terminated": 0, "memberUomCode": 81}, {"memberId": 158, "parentMemberId": 150, "memberNameEn": "Aircraft complete with engines", "memberNameFr": "A\u00e9ronefs complets y compris moteurs", "classificationCode": null, "classificationTypeCode": null, "geoLevel": null, "vintage": null, "terminated": 0, "memberUomCode": 81}, {"memberId": 159, "parentMemberId": 150, "memberNameEn": "Aircraft engines and parts", "memberNameFr": "Moteurs d'a\u00e9ronefs et leurs pi\u00e8ces", "classificationCode": null, "classificationTypeCode": null, "geoLevel": null, "vintage": null, "terminated": 0, "memberUomCode": 81}, {"memberId": 160, "parentMemberId": 159, "memberNameEn": "Aircraft engines and engine parts", "memberNameFr": "Moteurs d'a\u00e9ronefs et pi\u00e8ces de moteurs", "classificationCode": null, "classificationTypeCode": null, "geoLevel": null, "vintage": null, "terminated": 0, "memberUomCode": 81}, {"memberId": 161, "parentMemberId": 159, "memberNameEn": "Aircraft parts, except engines", "memberNameFr": "Pi\u00e8ces d'a\u00e9ronefs, sauf moteurs", "classificationCode": null, "classificationTypeCode": null, "geoLevel": null, "vintage": null, "terminated": 0, "memberUomCode": 81}, {"memberId": 162, "parentMemberId": 150, "memberNameEn": "Television, telecommunications and related equipment", "memberNameFr": "T\u00e9l\u00e9viseurs, \u00e9quipement de t\u00e9l\u00e9communications et \u00e9quipement connexe", "classificationCode": null, "classificationTypeCode": null, "geoLevel": null, "vintage": null, "terminated": 0, "memberUomCode": 81}, {"memberId": 163, "parentMemberId": 162, "memberNameEn": "Television, radio sets, and phonographs", "memberNameFr": "T\u00e9l\u00e9viseurs, radios et phonographes", "classificationCode": null, "classificationTypeCode": null, "geoLevel": null, "vintage": null, "terminated": 0, "memberUomCode": 81}, {"memberId": 164, "parentMemberId": 162, "memberNameEn": "Other telecommunication and related equipment", "memberNameFr": "Autre \u00e9quipement et mat\u00e9riel de t\u00e9l\u00e9communication", "classificationCode": null, "classificationTypeCode": null, "geoLevel": null, "vintage": null, "terminated": 0, "memberUomCode": 81}, {"memberId": 165, "parentMemberId": 150, "memberNameEn": "Transportation equipment", "memberNameFr": "Mat\u00e9riel de transport", "classificationCode": null, "classificationTypeCode": null, "geoLevel": null, "vintage": null, "terminated": 0, "memberUomCode": 81}, {"memberId": 166, "parentMemberId": 165, "memberNameEn": "Railway and street railway rolling stock", "memberNameFr": "Mat\u00e9riel roulant de chemin de fer et tramway", "classificationCode": null, "classificationTypeCode": null, "geoLevel": null, "vintage": null, "terminated": 0, "memberUomCode": 81}, {"memberId": 167, "parentMemberId": 165, "memberNameEn": "Ships, boats and parts", "memberNameFr": "Navires, bateaux et pi\u00e8ces", "classificationCode": null, "classificationTypeCode": null, "geoLevel": null, "vintage": null, "terminated": 0, "memberUomCode": 81}, {"memberId": 168, "parentMemberId": 165, "memberNameEn": "Other transportation equipment", "memberNameFr": "Autre mat\u00e9riel de transport", "classificationCode": null, "classificationTypeCode": null, "geoLevel": null, "vintage": null, "terminated": 0, "memberUomCode": 81}, {"memberId": 169, "parentMemberId": 129, "memberNameEn": "Other equipment and tools", "memberNameFr": "Autres mat\u00e9riel et outils", "classificationCode": null, "classificationTypeCode": null, "geoLevel": null, "vintage": null, "terminated": 0, "memberUomCode": 81}, {"memberId": 170, "parentMemberId": 169, "memberNameEn": "Heating and refrigeration equipment", "memberNameFr": "Appareils de chauffage et de r\u00e9frig\u00e9ration", "classificationCode": null, "classificationTypeCode": null, "geoLevel": null, "vintage": null, "terminated": 0, "memberUomCode": 81}, {"memberId": 171, "parentMemberId": 169, "memberNameEn": "Cooking equipment for food", "memberNameFr": "Appareils de cuisson alimentaire", "classificationCode": null, "classificationTypeCode": null, "geoLevel": null, "vintage": null, "terminated": 0, "memberUomCode": 81}, {"memberId": 172, "parentMemberId": 169, "memberNameEn": "Electrical lighting and distribution equipment", "memberNameFr": "Mat\u00e9riel \u00e9lectrique d'\u00e9clairage et distribution", "classificationCode": null, "classificationTypeCode": null, "geoLevel": null, "vintage": null, "terminated": 0, "memberUomCode": 81}, {"memberId": 173, "parentMemberId": 169, "memberNameEn": "Navigation equipment and parts", "memberNameFr": "Mat\u00e9riel de navigation et pi\u00e8ces", "classificationCode": null, "classificationTypeCode": null, "geoLevel": null, "vintage": null, "terminated": 0, "memberUomCode": 81}, {"memberId": 174, "parentMemberId": 169, "memberNameEn": "Other measuring or controlling medical and optical equipment", "memberNameFr": "Autres instruments de mesure et de contr\u00f4le \u00e0 l'usage des laboratoires m\u00e9dicaux et optiques", "classificationCode": null, "classificationTypeCode": null, "geoLevel": null, "vintage": null, "terminated": 0, "memberUomCode": 81}, {"memberId": 175, "parentMemberId": 169, "memberNameEn": "Hand tools and miscellaneous cutlery", "memberNameFr": "Outils \u00e0 main et coutellerie diverse", "classificationCode": null, "classificationTypeCode": null, "geoLevel": null, "vintage": null, "terminated": 0, "memberUomCode": 81}, {"memberId": 176, "parentMemberId": 169, "memberNameEn": "Office machines and equipment", "memberNameFr": "Machines et mat\u00e9riel de bureaux", "classificationCode": null, "classificationTypeCode": null, "geoLevel": null, "vintage": null, "terminated": 0, "memberUomCode": 81}, {"memberId": 177, "parentMemberId": 169, "memberNameEn": "Other equipment and tools", "memberNameFr": "Autres mat\u00e9riel et outils", "classificationCode": null, "classificationTypeCode": null, "geoLevel": null, "vintage": null, "terminated": 0, "memberUomCode": 81}, {"memberId": 178, "parentMemberId": 129, "memberNameEn": "Personal and household goods", "memberNameFr": "Effets personnels et articles m\u00e9nagers", "classificationCode": null, "classificationTypeCode": null, "geoLevel": null, "vintage": null, "terminated": 0, "memberUomCode": 81}, {"memberId": 179, "parentMemberId": 178, "memberNameEn": "Apparel and apparel accessories", "memberNameFr": "V\u00eatements et accessoires vestimentaires", "classificationCode": null, "classificationTypeCode": null, "geoLevel": null, "vintage": null, "terminated": 0, "memberUomCode": 81}, {"memberId": 180, "parentMemberId": 178, "memberNameEn": "Footwear", "memberNameFr": "Chaussures", "classificationCode": null, "classificationTypeCode": null, "geoLevel": null, "vintage": null, "terminated": 0, "memberUomCode": 81}, {"memberId": 181, "parentMemberId": 178, "memberNameEn": "Toys, games, sporting and recreation equipment", "memberNameFr": "Jouets, jeux et mat\u00e9riel de sport", "classificationCode": null, "classificationTypeCode": null, "geoLevel": null, "vintage": null, "terminated": 0, "memberUomCode": 81}, {"memberId": 182, "parentMemberId": 178, "memberNameEn": "Other personal and household goods", "memberNameFr": "Autres effets m\u00e9nagers et personnels", "classificationCode": null, "classificationTypeCode": null, "geoLevel": null, "vintage": null, "terminated": 0, "memberUomCode": 81}, {"memberId": 183, "parentMemberId": 129, "memberNameEn": "Miscellaneous end products", "memberNameFr": "Produits finis divers", "classificationCode": null, "classificationTypeCode": null, "geoLevel": null, "vintage": null, "terminated": 0, "memberUomCode": 81}, {"memberId": 184, "parentMemberId": 183, "memberNameEn": "Medicinal and pharmaceutical products", "memberNameFr": "M\u00e9dicaments et produis pharmaceutiques", "classificationCode": null, "classificationTypeCode": null, "geoLevel": null, "vintage": null, "terminated": 0, "memberUomCode": 81}, {"memberId": 185, "parentMemberId": 183, "memberNameEn": "Medical, ophthalmic, orthopaedic supplies", "memberNameFr": "Fournitures m\u00e9dicales, ophtalmiques et orthop\u00e9diques", "classificationCode": null, "classificationTypeCode": null, "geoLevel": null, "vintage": null, "terminated": 0, "memberUomCode": 81}, {"memberId": 186, "parentMemberId": 183, "memberNameEn": "Printed matter", "memberNameFr": "Imprim\u00e9s", "classificationCode": null, "classificationTypeCode": null, "geoLevel": null, "vintage": null, "terminated": 0, "memberUomCode": 81}, {"memberId": 187, "parentMemberId": 183, "memberNameEn": "Photographic goods", "memberNameFr": "Articles photographiques", "classificationCode": null, "classificationTypeCode": null, "geoLevel": null, "vintage": null, "terminated": 0, "memberUomCode": 81}, {"memberId": 188, "parentMemberId": 183, "memberNameEn": "Firearms, ammunition and ordnance", "memberNameFr": "Armes \u00e0 feu, munitions et artillerie", "classificationCode": null, "classificationTypeCode": null, "geoLevel": null, "vintage": null, "terminated": 0, "memberUomCode": 81}, {"memberId": 189, "parentMemberId": 183, "memberNameEn": "Containers and closures", "memberNameFr": "R\u00e9cipients, contenants et fermetures", "classificationCode": null, "classificationTypeCode": null, "geoLevel": null, "vintage": null, "terminated": 0, "memberUomCode": 81}, {"memberId": 190, "parentMemberId": 183, "memberNameEn": "Prefabricated buildings and structures", "memberNameFr": "B\u00e2timents et structures pr\u00e9fabriqu\u00e9s", "classificationCode": null, "classificationTypeCode": null, "geoLevel": null, "vintage": null, "terminated": 0, "memberUomCode": 81}, {"memberId": 191, "parentMemberId": 183, "memberNameEn": "Other end products", "memberNameFr": "Autres produits finis", "classificationCode": null, "classificationTypeCode": null, "geoLevel": null, "vintage": null, "terminated": 0, "memberUomCode": 81}, {"memberId": 192, "parentMemberId": 3, "memberNameEn": "Total special transactions, trade", "memberNameFr": "Total des transactions sp\u00e9ciales commerciales", "classificationCode": null, "classificationTypeCode": null, "geoLevel": null, "vintage": null, "terminated": 0, "memberUomCode": 81}]}]