[{"dimensionPositionId": 1, "dimensionNameEn": "Geography", "dimensionNameFr": "G\u00e9ographie", "hasUom": false, "member": [{"memberId": 1, "parentMemberId": null, "memberNameEn": "Canada", "memberNameFr": "Canada", "classificationCode": "11124", "classificationTypeCode": "1", "geoLevel": 0, "vintage": 2016, "terminated": 0, "memberUomCode": null}, {"memberId": 2, "parentMemberId": 1, "memberNameEn": "Newfoundland and Labrador", "memberNameFr": "Terre-Neuve-et-Labrador", "classificationCode": "10", "classificationTypeCode": "1", "geoLevel": 2, "vintage": 2016, "terminated": 0, "memberUomCode": null}, {"memberId": 3, "parentMemberId": 1, "memberNameEn": "Prince Edward Island", "memberNameFr": "\u00cele-du-Prince-\u00c9douard", "classificationCode": "11", "classificationTypeCode": "1", "geoLevel": 2, "vintage": 2016, "terminated": 0, "memberUomCode": null}, {"memberId": 4, "parentMemberId": 1, "memberNameEn": "Nova Scotia", "memberNameFr": "Nouvelle-\u00c9cosse", "classificationCode": "12", "classificationTypeCode": "1", "geoLevel": 2, "vintage": 2016, "terminated": 0, "memberUomCode": null}, {"memberId": 5, "parentMemberId": 1, "memberNameEn": "New Brunswick", "memberNameFr": "Nouveau-Brunswick", "classificationCode": "13", "classificationTypeCode": "1", "geoLevel": 2, "vintage": 2016, "terminated": 0, "memberUomCode": null}, {"memberId": 6, "parentMemberId": 1, "memberNameEn": "Quebec", "memberNameFr": "Qu\u00e9bec", "classificationCode": "24", "classificationTypeCode": "1", "geoLevel": 2, "vintage": 2016, "terminated": 0, "memberUomCode": null}, {"memberId": 7, "parentMemberId": 1, "memberNameEn": "Ontario", "memberNameFr": "Ontario", "classificationCode": "35", "classificationTypeCode": "1", "geoLevel": 2, "vintage": 2016, "terminated": 0, "memberUomCode": null}, {"memberId": 8, "parentMemberId": 1, "memberNameEn": "Manitoba", "memberNameFr": "Manitoba", "classificationCode": "46", "classificationTypeCode": "1", "geoLevel": 2, "vintage": 2016, "terminated": 0, "memberUomCode": null}, {"memberId": 9, "parentMemberId": 1, "memberNameEn": "Saskatchewan", "memberNameFr": "Saskatchewan", "classificationCode": "47", "classificationTypeCode": "1", "geoLevel": 2, "vintage": 2016, "terminated": 0, "memberUomCode": null}, {"memberId": 10, "parentMemberId": 1, "memberNameEn": "Alberta", "memberNameFr": "Alberta", "classificationCode": "48", "classificationTypeCode": "1", "geoLevel": 2, "vintage": 2016, "terminated": 0, "memberUomCode": null}, {"memberId": 11, "parentMemberId": 1, "memberNameEn": "British Columbia", "memberNameFr": "Colombie-Britannique", "classificationCode": "59", "classificationTypeCode": "1", "geoLevel": 2, "vintage": 2016, "terminated": 0, "memberUomCode": null}, {"memberId": 12, "parentMemberId": 1, "memberNameEn": "Yukon", "memberNameFr": "Yukon", "classificationCode": "60", "classificationTypeCode": "1", "geoLevel": 2, "vintage": 2016, "terminated": 0, "memberUomCode": null}, {"memberId": 13, "parentMemberId": 1, "memberNameEn": "Northwest Territories including Nunavut", "memberNameFr": "Territoires du Nord Ouest incluant Nunavut", "classificationCode": null, "classificationTypeCode": null, "geoLevel": null, "vintage": null, "terminated": 1, "memberUomCode": null}, {"memberId": 14, "parentMemberId": 1, "memberNameEn": "Northwest Territories", "memberNameFr": "Territoires du Nord Ouest", "classificationCode": "61", "classificationTypeCode": "1", "geoLevel": 2, "vintage": 2016, "terminated": 0, "memberUomCode": null}, {"memberId": 15, "parentMemberId": 1, "memberNameEn": "Nunavut", "memberNameFr": "Nunavut", "classificationCode": "62", "classificationTypeCode": "1", "geoLevel": 2, "vintage": 2016, "terminated": 0, "memberUomCode": null}]}, {"dimensionPositionId": 2, "dimensionNameEn": "Trade", "dimensionNameFr": "Commerce", "hasUom": true, "member": [{"memberId": 1, "parentMemberId": null, "memberNameEn": "Total exports", "memberNameFr": "Exportations totales", "classificationCode": null, "classificationTypeCode": null, "geoLevel": null, "vintage": null, "terminated": 0, "memberUomCode": 81}, {"memberId": 2, "parentMemberId": 1, "memberNameEn": "Domestic exports", "memberNameFr": "Exportations domestiques", "classificationCode": null, "classificationTypeCode": null, "geoLevel": null, "vintage": null, "terminated": 0, "memberUomCode": 81}, {"memberId": 3, "parentMemberId": 1, "memberNameEn": "Re-exports", "memberNameFr": "R\u00e9exportations", "classificationCode": null, "classificationTypeCode": null, "geoLevel": null, "vintage": null, "terminated": 0, "memberUomCode": 81}, {"memberId": 4, "parentMemberId": null, "memberNameEn": "Total imports", "memberNameFr": "Importations totales", "classificationCode": null, "classificationTypeCode": null, "geoLevel": null, "vintage": null, "terminated": 0, "memberUomCode": 81}]}, {"dimensionPositionId": 3, "dimensionNameEn": "United States", "dimensionNameFr": "\u00c9tats-Unis", "hasUom": false, "member": [{"memberId": 1, "parentMemberId": null, "memberNameEn": "Total United States", "memberNameFr": "Total \u00c9tats-Unis", "classificationCode": null, "classificationTypeCode": null, "geoLevel": null, "vintage": null, "terminated": 0, "memberUomCode": null}, {"memberId": 2, "parentMemberId": 1, "memberNameEn": "Alaska", "memberNameFr": "Alaska", "classificationCode": null, "classificationTypeCode": null, "geoLevel": null, "vintage": null, "terminated": 0, "memberUomCode": null}, {"memberId": 3, "parentMemberId": 1, "memberNameEn": "Alabama", "memberNameFr": "Alabama", "classificationCode": null, "classificationTypeCode": null, "geoLevel": null, "vintage": null, "terminated": 0, "memberUomCode": null}, {"memberId": 4, "parentMemberId": 1, "memberNameEn": "Arkansas", "memberNameFr": "Arkansas", "classificationCode": null, "classificationTypeCode": null, "geoLevel": null, "vintage": null, "terminated": 0, "memberUomCode": null}, {"memberId": 5, "parentMemberId": 1, "memberNameEn": "Arizona", "memberNameFr": "Arizona", "classificationCode": null, "classificationTypeCode": null, "geoLevel": null, "vintage": null, "terminated": 0, "memberUomCode": null}, {"memberId": 6, "parentMemberId": 1, "memberNameEn": "California", "memberNameFr": "Californie", "classificationCode": null, "classificationTypeCode": null, "geoLevel": null, "vintage": null, "terminated": 0, "memberUomCode": null}, {"memberId": 7, "parentMemberId": 1, "memberNameEn": "Colorado", "memberNameFr": "Colorado", "classificationCode": null, "classificationTypeCode": null, "geoLevel": null, "vintage": null, "terminated": 0, "memberUomCode": null}, {"memberId": 8, "parentMemberId": 1, "memberNameEn": "Connecticut", "memberNameFr": "Connecticut", "classificationCode": null, "classificationTypeCode": null, "geoLevel": null, "vintage": null, "terminated": 0, "memberUomCode": null}, {"memberId": 9, "parentMemberId": 1, "memberNameEn": "District of Columbia", "memberNameFr": "District de Columbia", "classificationCode": null, "classificationTypeCode": null, "geoLevel": null, "vintage": null, "terminated": 0, "memberUomCode": null}, {"memberId": 10, "parentMemberId": 1, "memberNameEn": "Delaware", "memberNameFr": "Delaware", "classificationCode": null, "classificationTypeCode": null, "geoLevel": null, "vintage": null, "terminated": 0, "memberUomCode": null}, {"memberId": 11, "parentMemberId": 1, "memberNameEn": "Florida", "memberNameFr": "Floride", "classificationCode": null, "classificationTypeCode": null, "geoLevel": null, "vintage": null, "terminated": 0, "memberUomCode": null}, {"memberId": 12, "parentMemberId": 1, "memberNameEn": "Georgia", "memberNameFr": "G\u00e9orgie", "classificationCode": null, "classificationTypeCode": null, "geoLevel": null, "vintage": null, "terminated": 0, "memberUomCode": null}, {"memberId": 13, "parentMemberId": 1, "memberNameEn": "Hawaii", "memberNameFr": "Hawa\u00ee", "classificationCode": null, "classificationTypeCode": null, "geoLevel": null, "vintage": null, "terminated": 0, "memberUomCode": null}, {"memberId": 14, "parentMemberId": 1, "memberNameEn": "Iowa", "memberNameFr": "Iowa", "classificationCode": null, "classificationTypeCode": null, "geoLevel": null, "vintage": null, "terminated": 0, "memberUomCode": null}, {"memberId": 15, "parentMemberId": 1, "memberNameEn": "Idaho", "memberNameFr": "Idaho", "classificationCode": null, "classificationTypeCode": null, "geoLevel": null, "vintage": null, "terminated": 0, "memberUomCode": null}, {"memberId": 16, "parentMemberId": 1, "memberNameEn": "Illinois", "memberNameFr": "Illinois", "classificationCode": null, "classificationTypeCode": null, "geoLevel": null, "vintage": null, "terminated": 0, "memberUomCode": null}, {"memberId": 17, "parentMemberId": 1, "memberNameEn": "Indiana", "memberNameFr": "Indiana", "classificationCode": null, "classificationTypeCode": null, "geoLevel": null, "vintage": null, "terminated": 0, "memberUomCode": null}, {"memberId": 18, "parentMemberId": 1, "memberNameEn": "Kansas", "memberNameFr": "Kansas", "classificationCode": null, "classificationTypeCode": null, "geoLevel": null, "vintage": null, "terminated": 0, "memberUomCode": null}, {"memberId": 19, "parentMemberId": 1, "memberNameEn": "Kentucky", "memberNameFr": "Kentucky", "classificationCode": null, "classificationTypeCode": null, "geoLevel": null, "vintage": null, "terminated": 0, "memberUomCode": null}, {"memberId": 20, "parentMemberId": 1, "memberNameEn": "Louisiana", "memberNameFr": "Louisiane", "classificationCode": null, "classificationTypeCode": null, "geoLevel": null, "vintage": null, "terminated": 0, "memberUomCode": null}, {"memberId": 21, "parentMemberId": 1, "memberNameEn": "Massachusetts", "memberNameFr": "Massachusetts", "classificationCode": null, "classificationTypeCode": null, "geoLevel": null, "vintage": null, "terminated": 0, "memberUomCode": null}, {"memberId": 22, "parentMemberId": 1, "memberNameEn": "Maryland", "memberNameFr": "Maryland", "classificationCode": null, "classificationTypeCode": null, "geoLevel": null, "vintage": null, "terminated": 0, "memberUomCode": null}, {"memberId": 23, "parentMemberId": 1, "memberNameEn": "Maine", "memberNameFr": "Maine", "classificationCode": null, "classificationTypeCode": null, "geoLevel": null, "vintage": null, "terminated": 0, "memberUomCode": null}, {"memberId": 24, "parentMemberId": 1, "memberNameEn": "Michigan", "memberNameFr": "Michigan", "classificationCode": null, "classificationTypeCode": null, "geoLevel": null, "vintage": null, "terminated": 0, "memberUomCode": null}, {"memberId": 25, "parentMemberId": 1, "memberNameEn": "Minnesota", "memberNameFr": "Minnesota", "classificationCode": null, "classificationTypeCode": null, "geoLevel": null, "vintage": null, "terminated": 0, "memberUomCode": null}, {"memberId": 26, "parentMemberId": 1, "memberNameEn": "Missouri", "memberNameFr": "Missouri", "classificationCode": null, "classificationTypeCode": null, "geoLevel": null, "vintage": null, "terminated": 0, "memberUomCode": null}, {"memberId": 27, "parentMemberId": 1, "memberNameEn": "Mississippi", "memberNameFr": "Mississippi", "classificationCode": null, "classificationTypeCode": null, "geoLevel": null, "vintage": null, "terminated": 0, "memberUomCode": null}, {"memberId": 28, "parentMemberId": 1, "memberNameEn": "Montana", "memberNameFr": "Montana", "classificationCode": null, "classificationTypeCode": null, "geoLevel": null, "vintage": null, "terminated": 0, "memberUomCode": null}, {"memberId": 29, "parentMemberId": 1, "memberNameEn": "North Carolina", "memberNameFr": "Caroline du nord", "classificationCode": null, "classificationTypeCode": null, "geoLevel": null, "vintage": null, "terminated": 0, "memberUomCode": null}, {"memberId": 30, "parentMemberId": 1, "memberNameEn": "North Dakota", "memberNameFr": "Dakota du nord", "classificationCode": null, "classificationTypeCode": null, "geoLevel": null, "vintage": null, "terminated": 0, "memberUomCode": null}, {"memberId": 31, "parentMemberId": 1, "memberNameEn": "Nebraska", "memberNameFr": "Nebraska", "classificationCode": null, "classificationTypeCode": null, "geoLevel": null, "vintage": null, "terminated": 0, "memberUomCode": null}, {"memberId": 32, "parentMemberId": 1, "memberNameEn": "New Hampshire", "memberNameFr": "New Hampshire", "classificationCode": null, "classificationTypeCode": null, "geoLevel": null, "vintage": null, "terminated": 0, "memberUomCode": null}, {"memberId": 33, "parentMemberId": 1, "memberNameEn": "New Jersey", "memberNameFr": "New Jersey", "classificationCode": null, "classificationTypeCode": null, "geoLevel": null, "vintage": null, "terminated": 0, "memberUomCode": null}, {"memberId": 34, "parentMemberId": 1, "memberNameEn": "New Mexico", "memberNameFr": "Nouveau-Mexique", "classificationCode": null, "classificationTypeCode": null, "geoLevel": null, "vintage": null, "terminated": 0, "memberUomCode": null}, {"memberId": 35, "parentMemberId": 1, "memberNameEn": "Nevada", "memberNameFr": "Nevada", "classificationCode": null, "classificationTypeCode": null, "geoLevel": null, "vintage": null, "terminated": 0, "memberUomCode": null}, {"memberId": 36, "parentMemberId": 1, "memberNameEn": "New York", "memberNameFr": "New York", "classificationCode": null, "classificationTypeCode": null, "geoLevel": null, "vintage": null, "terminated": 0, "memberUomCode": null}, {"memberId": 37, "parentMemberId": 1, "memberNameEn": "Ohio", "memberNameFr": "Ohio", "classificationCode": null, "classificationTypeCode": null, "geoLevel": null, "vintage": null, "terminated": 0, "memberUomCode": null}, {"memberId": 38, "parentMemberId": 1, "memberNameEn": "Oklahoma", "memberNameFr": "Oklahoma", "classificationCode": null, "classificationTypeCode": null, "geoLevel": null, "vintage": null, "terminated": 0, "memberUomCode": null}, {"memberId": 39, "parentMemberId": 1, "memberNameEn": "Oregon", "memberNameFr": "Or\u00e9gon", "classificationCode": null, "classificationTypeCode": null, "geoLevel": null, "vintage": null, "terminated": 0, "memberUomCode": null}, {"memberId": 40, "parentMemberId": 1, "memberNameEn": "Pennsylvania", "memberNameFr": "Pennsylvanie", "classificationCode": null, "classificationTypeCode": null, "geoLevel": null, "vintage": null, "terminated": 0, "memberUomCode": null}, {"memberId": 41, "parentMemberId": 1, "memberNameEn": "Rhode Island", "memberNameFr": "Rhode Island", "classificationCode": null, "classificationTypeCode": null, "geoLevel": null, "vintage": null, "terminated": 0, "memberUomCode": null}, {"memberId": 42, "parentMemberId": 1, "memberNameEn": "South Carolina", "memberNameFr": "Caroline du sud", "classificationCode": null, "classificationTypeCode": null, "geoLevel": null, "vintage": null, "terminated": 0, "memberUomCode": null}, {"memberId": 43, "parentMemberId": 1, "memberNameEn": "South Dakota", "memberNameFr": "Dakota du sud", "classificationCode": null, "classificationTypeCode": null, "geoLevel": null, "vintage": null, "terminated": 0, "memberUomCode": null}, {"memberId": 44, "parentMemberId": 1, "memberNameEn": "Tennessee", "memberNameFr": "Tennessee", "classificationCode": null, "classificationTypeCode": null, "geoLevel": null, "vintage": null, "terminated": 0, "memberUomCode": null}, {"memberId": 45, "parentMemberId": 1, "memberNameEn": "Texas", "memberNameFr": "Texas", "classificationCode": null, "classificationTypeCode": null, "geoLevel": null, "vintage": null, "terminated": 0, "memberUomCode": null}, {"memberId": 46, "parentMemberId": 1, "memberNameEn": "Utah", "memberNameFr": "Utah", "classificationCode": null, "classificationTypeCode": null, "geoLevel": null, "vintage": null, "terminated": 0, "memberUomCode": null}, {"memberId": 47, "parentMemberId": 1, "memberNameEn": "Virginia", "memberNameFr": "Virginie", "classificationCode": null, "classificationTypeCode": null, "geoLevel": null, "vintage": null, "terminated": 0, "memberUomCode": null}, {"memberId": 48, "parentMemberId": 1, "memberNameEn": "Vermont", "memberNameFr": "Vermont", "classificationCode": null, "classificationTypeCode": null, "geoLevel": null, "vintage": null, "terminated": 0, "memberUomCode": null}, {"memberId": 49, "parentMemberId": 1, "memberNameEn": "Washington, State", "memberNameFr": "Washington, \u00c9tat", "classificationCode": null, "classificationTypeCode": null, "geoLevel": null, "vintage": null, "terminated": 0, "memberUomCode": null}, {"memberId": 50, "parentMemberId": 1, "memberNameEn": "Wisconsin", "memberNameFr": "Wisconsin", "classificationCode": null, "classificationTypeCode": null, "geoLevel": null, "vintage": null, "terminated": 0, "memberUomCode": null}, {"memberId": 51, "parentMemberId": 1, "memberNameEn": "West Virginia", "memberNameFr": "Virginie-Occidentale", "classificationCode": null, "classificationTypeCode": null, "geoLevel": null, "vintage": null, "terminated": 0, "memberUomCode": null}, {"memberId": 52, "parentMemberId": 1, "memberNameEn": "Wyoming", "memberNameFr": "Wyoming", "classificationCode": null, "classificationTypeCode": null, "geoLevel": null, "vintage": null, "terminated": 0, "memberUomCode": null}, {"memberId": 53, "parentMemberId": 1, "memberNameEn": "Other states", "memberNameFr": "Autres \u00c9tats", "classificationCode": null, "classificationTypeCode": null, "geoLevel": null, "vintage": null, "terminated": 0, "memberUomCode": null}]}, {"dimensionPositionId": 4, "dimensionNameEn": "Harmonized System (HS) Sections", "dimensionNameFr": "Sections de Syst\u00e8me Harmonis\u00e9 (SH)", "hasUom": false, "member": [{"memberId": 1, "parentMemberId": null, "memberNameEn": "Total Harmonized System (HS) sections", "memberNameFr": "Total des sections du syst\u00e8me harmonis\u00e9 (SH)", "classificationCode": null, "classificationTypeCode": null, "geoLevel": null, "vintage": null, "terminated": 0, "memberUomCode": null}, {"memberId": 2, "parentMemberId": 1, "memberNameEn": "I - Live animals and animal products", "memberNameFr": "I - Animaux vivants et produits du r\u00e8gne animal", "classificationCode": null, "classificationTypeCode": null, "geoLevel": null, "vintage": null, "terminated": 0, "memberUomCode": null}, {"memberId": 3, "parentMemberId": 1, "memberNameEn": "II - Vegetable products", "memberNameFr": "II - Produits du r\u00e8gne v\u00e9g\u00e9tal", "classificationCode": null, "classificationTypeCode": null, "geoLevel": null, "vintage": null, "terminated": 0, "memberUomCode": null}, {"memberId": 4, "parentMemberId": 1, "memberNameEn": "III - Animal or vegetable fats and oils and their cleavage products, prepared edible fats, animal or vegetable waxes", "memberNameFr": "III - Graisses et huiles animales ou v\u00e9g\u00e9tales, produits de leur dissociation, graisses alimentaires \u00e9labor\u00e9es, cires d'origine animale ou v\u00e9g\u00e9tale", "classificationCode": null, "classificationTypeCode": null, "geoLevel": null, "vintage": null, "terminated": 0, "memberUomCode": null}, {"memberId": 5, "parentMemberId": 1, "memberNameEn": "IV - Prepared foodstuffs, beverages, spirits and vinegar, tobacco and manufactures tobacco substitutes", "memberNameFr": "IV - Produits des industries alimentaires, boissons, liquides alcooliques et vinaigres, tabacs et succ\u00e9dan\u00e9s de tabac fabriqu\u00e9s", "classificationCode": null, "classificationTypeCode": null, "geoLevel": null, "vintage": null, "terminated": 0, "memberUomCode": null}, {"memberId": 6, "parentMemberId": 1, "memberNameEn": "V - Mineral products", "memberNameFr": "V - Produits min\u00e9raux", "classificationCode": null, "classificationTypeCode": null, "geoLevel": null, "vintage": null, "terminated": 0, "memberUomCode": null}, {"memberId": 7, "parentMemberId": 1, "memberNameEn": "VI - Products of the chemical or allied industries", "memberNameFr": "VI - Produits des industries chimiques ou des industries connexes", "classificationCode": null, "classificationTypeCode": null, "geoLevel": null, "vintage": null, "terminated": 0, "memberUomCode": null}, {"memberId": 8, "parentMemberId": 1, "memberNameEn": "VII - Plastics and articles thereof, rubber and articles thereof", "memberNameFr": "VII - Mati\u00e8res plastiques et ouvrages en ces mati\u00e8res, caoutchouc et ouvrages en caoutchouc", "classificationCode": null, "classificationTypeCode": null, "geoLevel": null, "vintage": null, "terminated": 0, "memberUomCode": null}, {"memberId": 9, "parentMemberId": 1, "memberNameEn": "VIII - Raw hides and skins, leather, furskins and articles thereof, saddlery and harness, travel goods, handbags and similar containers, articles of animal gut (other than silk-worm gut)", "memberNameFr": "VIII - Peaux, cuirs, pelleteries et ouvrages en ces mati\u00e8res, articles de bourrellerie ou de sellerie, articles de voyage, sacs \u00e0 main et contenants similaires, ouvrages en boyaux", "classificationCode": null, "classificationTypeCode": null, "geoLevel": null, "vintage": null, "terminated": 0, "memberUomCode": null}, {"memberId": 10, "parentMemberId": 1, "memberNameEn": "IX - Wood and articles of wood, wood charcoal, cork and articles of cork, manufactures of straw, of esparto or of other plaiting materials, basketware and wickerwork", "memberNameFr": "IX - Bois, charbon de bois et ouvrages en bois, li\u00e8ge et ouvrages en li\u00e8ge, ouvrages de sparterie ou de vannerie", "classificationCode": null, "classificationTypeCode": null, "geoLevel": null, "vintage": null, "terminated": 0, "memberUomCode": null}, {"memberId": 11, "parentMemberId": 1, "memberNameEn": "X - Pulp of wood or of other fibrous cellulosic material, recovered (waste and scrap) paper or paperboard", "memberNameFr": "X - P\u00e2tes de bois ou d'autres mati\u00e8res fibreuses cellulosiques, papier ou carton \u00e0 recycler (d\u00e9chets et rebuts), papier et ses applications", "classificationCode": null, "classificationTypeCode": null, "geoLevel": null, "vintage": null, "terminated": 0, "memberUomCode": null}, {"memberId": 12, "parentMemberId": 1, "memberNameEn": "XI - Textiles and textile articles", "memberNameFr": "XI - Mati\u00e8res textiles et ouvrages en ces mati\u00e8res", "classificationCode": null, "classificationTypeCode": null, "geoLevel": null, "vintage": null, "terminated": 0, "memberUomCode": null}, {"memberId": 13, "parentMemberId": 1, "memberNameEn": "XII - Footwear, headgear, umbrellas, sun umbrellas, walking-sticks, seat-sticks, whips, riding-crops and parts thereof, prepared feathers and articles made therewith, artificial flowers, articles of human hair", "memberNameFr": "XII - Chaussures, coiffure, parapluies, parasols, cannes, fouets, cravaches et leurs parties, plumes appr\u00eat\u00e9es et articles en plumes, fleurs artificielles, ouvrages en cheveux", "classificationCode": null, "classificationTypeCode": null, "geoLevel": null, "vintage": null, "terminated": 0, "memberUomCode": null}, {"memberId": 14, "parentMemberId": 1, "memberNameEn": "XIII - Articles of stone, plaster, cement, asbestos, mica or similar materials, ceramic products, glass and glassware", "memberNameFr": "XIII - Ouvrages en pierres, pl\u00e2tre, ciment, amiante, mica ou mati\u00e8res analogues, produits c\u00e9ramiques, verre et ouvrages en verre", "classificationCode": null, "classificationTypeCode": null, "geoLevel": null, "vintage": null, "terminated": 0, "memberUomCode": null}, {"memberId": 15, "parentMemberId": 1, "memberNameEn": "XIV - Natural or cultured pearls, precious or semi-precious stones, precious metals, metals clad with precious metal and articles thereof, imitation jewellery, coin", "memberNameFr": "XIV - Perles fines ou de culture, pierres gemmes ou similaires, m\u00e9taux pr\u00e9cieux, plaqu\u00e9s ou doubl\u00e9s de m\u00e9taux pr\u00e9cieux et ouvrages en ces mati\u00e8res, bijouterie de fantaisie, monnaies", "classificationCode": null, "classificationTypeCode": null, "geoLevel": null, "vintage": null, "terminated": 0, "memberUomCode": null}, {"memberId": 16, "parentMemberId": 1, "memberNameEn": "XV - Base metals and articles of base metal", "memberNameFr": "XV - M\u00e9taux communs et ouvrages en ces m\u00e9taux", "classificationCode": null, "classificationTypeCode": null, "geoLevel": null, "vintage": null, "terminated": 0, "memberUomCode": null}, {"memberId": 17, "parentMemberId": 1, "memberNameEn": "XVI - Machinery and mechanical appliances, electrical equipment, parts thereof, sound recorders and reproducers, television image and sound recorders and reproducers, and parts and accessories of such articles", "memberNameFr": "XVI - Machines et appareils, mat\u00e9riel \u00e9lectrique et leurs parties, appareils d'enregistrement ou de reproduction du son, appareils d'enregistrement ou de reproduction des images et du son en t\u00e9l\u00e9vision, et parties et accessoires de ces appareils", "classificationCode": null, "classificationTypeCode": null, "geoLevel": null, "vintage": null, "terminated": 0, "memberUomCode": null}, {"memberId": 18, "parentMemberId": 1, "memberNameEn": "XVII - Vehicles, aircraft, vessels and associated transport equipment", "memberNameFr": "XVII - Mat\u00e9riel de transport", "classificationCode": null, "classificationTypeCode": null, "geoLevel": null, "vintage": null, "terminated": 0, "memberUomCode": null}, {"memberId": 19, "parentMemberId": 1, "memberNameEn": "XVIII - Optical, photographic, cinematographic, measuring, checking, precision, medical or surgical instruments and apparatus, clocks and watches, musical instruments, parts and accessories thereof", "memberNameFr": "XVIII - Instruments et appareils d'optique, de photographie ou de cin\u00e9matographie, de mesure, de contr\u00f4le ou de pr\u00e9cision, instruments et appareils m\u00e9dicochirurgicaux, horlogerie, instruments de musique, parties et accessoires de ces instruments ou appareils", "classificationCode": null, "classificationTypeCode": null, "geoLevel": null, "vintage": null, "terminated": 0, "memberUomCode": null}, {"memberId": 20, "parentMemberId": 1, "memberNameEn": "XIX - Arms and ammunition, parts and accessories thereof", "memberNameFr": "XIX - Armes, munitions et leurs parties et accessoires", "classificationCode": null, "classificationTypeCode": null, "geoLevel": null, "vintage": null, "terminated": 0, "memberUomCode": null}, {"memberId": 21, "parentMemberId": 1, "memberNameEn": "XX - Miscellaneous manufactured articles", "memberNameFr": "XX - Marchandises et produits divers", "classificationCode": null, "classificationTypeCode": null, "geoLevel": null, "vintage": null, "terminated": 0, "memberUomCode": null}, {"memberId": 22, "parentMemberId": 1, "memberNameEn": "XXI - Works of art, collectors' pieces and antiques", "memberNameFr": "XXI - Objets d'art, de collection ou d'antiquit\u00e9", "classificationCode": null, "classificationTypeCode": null, "geoLevel": null, "vintage": null, "terminated": 0, "memberUomCode": null}]}]