[{"dimensionPositionId": 1, "dimensionNameEn": "Geography", "dimensionNameFr": "G\u00e9ographie", "hasUom": false, "member": [{"memberId": 1, "parentMemberId": null, "memberNameEn": "Canada", "memberNameFr": "Canada", "classificationCode": "11124", "classificationTypeCode": "1", "geoLevel": 0, "vintage": 2016, "terminated": 0, "memberUomCode": null}]}, {"dimensionPositionId": 2, "dimensionNameEn": "Trade", "dimensionNameFr": "Commerce", "hasUom": false, "member": [{"memberId": 1, "parentMemberId": null, "memberNameEn": "Exports", "memberNameFr": "Exportations", "classificationCode": null, "classificationTypeCode": null, "geoLevel": null, "vintage": null, "terminated": 0, "memberUomCode": null}, {"memberId": 2, "parentMemberId": null, "memberNameEn": "Imports", "memberNameFr": "Importations", "classificationCode": null, "classificationTypeCode": null, "geoLevel": null, "vintage": null, "terminated": 0, "memberUomCode": null}]}, {"dimensionPositionId": 3, "dimensionNameEn": "Estimates", "dimensionNameFr": "Estimations", "hasUom": true, "member": [{"memberId": 1, "parentMemberId": null, "memberNameEn": "Total goods and services", "memberNameFr": "Total de biens et services", "classificationCode": null, "classificationTypeCode": null, "geoLevel": null, "vintage": null, "terminated": 0, "memberUomCode": 239}, {"memberId": 2, "parentMemberId": 1, "memberNameEn": "Total goods", "memberNameFr": "Total des biens", "classificationCode": null, "classificationTypeCode": null, "geoLevel": null, "vintage": null, "terminated": 0, "memberUomCode": 239}, {"memberId": 3, "parentMemberId": 2, "memberNameEn": "Farm, fishing and intermediate food products", "memberNameFr": "Produits agricoles et de la p\u00eache et produits interm\u00e9diaires des aliments", "classificationCode": "C11", "classificationTypeCode": "44", "geoLevel": null, "vintage": null, "terminated": 0, "memberUomCode": 239}, {"memberId": 4, "parentMemberId": 3, "memberNameEn": "Farm and fishing products", "memberNameFr": "Produits agricoles et de la p\u00eache", "classificationCode": "C111", "classificationTypeCode": "44", "geoLevel": null, "vintage": null, "terminated": 0, "memberUomCode": 239}, {"memberId": 5, "parentMemberId": 3, "memberNameEn": "Intermediate food products", "memberNameFr": "Produits alimentaires interm\u00e9diaires", "classificationCode": "C112", "classificationTypeCode": "44", "geoLevel": null, "vintage": null, "terminated": 0, "memberUomCode": 239}, {"memberId": 6, "parentMemberId": 2, "memberNameEn": "Energy products", "memberNameFr": "Produits \u00e9nerg\u00e9tiques", "classificationCode": "C12", "classificationTypeCode": "44", "geoLevel": null, "vintage": null, "terminated": 0, "memberUomCode": 239}, {"memberId": 7, "parentMemberId": 6, "memberNameEn": "Crude oil and crude bitumen", "memberNameFr": "P\u00e9trole brut et bitume", "classificationCode": "C121", "classificationTypeCode": "44", "geoLevel": null, "vintage": null, "terminated": 0, "memberUomCode": 239}, {"memberId": 8, "parentMemberId": 6, "memberNameEn": "Natural gas, natural gas liquids and related products", "memberNameFr": "Gaz naturel, liquides de gaz naturel et produits connexes", "classificationCode": "C122", "classificationTypeCode": "44", "geoLevel": null, "vintage": null, "terminated": 0, "memberUomCode": 239}, {"memberId": 9, "parentMemberId": 6, "memberNameEn": "Coal", "memberNameFr": "Charbon", "classificationCode": "C123", "classificationTypeCode": "44", "geoLevel": null, "vintage": null, "terminated": 0, "memberUomCode": 239}, {"memberId": 10, "parentMemberId": 6, "memberNameEn": "Nuclear fuel and other energy products", "memberNameFr": "Combustible nucl\u00e9aire et autres produits \u00e9nerg\u00e9tiques", "classificationCode": "C124", "classificationTypeCode": "44", "geoLevel": null, "vintage": null, "terminated": 0, "memberUomCode": 239}, {"memberId": 11, "parentMemberId": 6, "memberNameEn": "Electricity", "memberNameFr": "\u00c9lectricit\u00e9", "classificationCode": "C125", "classificationTypeCode": "44", "geoLevel": null, "vintage": null, "terminated": 0, "memberUomCode": 239}, {"memberId": 12, "parentMemberId": 6, "memberNameEn": "Refined petroleum energy products", "memberNameFr": "Produits p\u00e9troliers raffin\u00e9s pour combustibles", "classificationCode": "C126", "classificationTypeCode": "44", "geoLevel": null, "vintage": null, "terminated": 0, "memberUomCode": 239}, {"memberId": 13, "parentMemberId": 2, "memberNameEn": "Metal ores and non-metallic minerals", "memberNameFr": "Minerais et min\u00e9raux non m\u00e9talliques", "classificationCode": "C13", "classificationTypeCode": "44", "geoLevel": null, "vintage": null, "terminated": 0, "memberUomCode": 239}, {"memberId": 14, "parentMemberId": 13, "memberNameEn": "Metal ores and concentrates", "memberNameFr": "Minerais et concentr\u00e9s de m\u00e9taux", "classificationCode": "C131", "classificationTypeCode": "44", "geoLevel": null, "vintage": null, "terminated": 0, "memberUomCode": 239}, {"memberId": 15, "parentMemberId": 13, "memberNameEn": "Non-metallic minerals", "memberNameFr": "Min\u00e9raux non m\u00e9talliques", "classificationCode": "C132", "classificationTypeCode": "44", "geoLevel": null, "vintage": null, "terminated": 0, "memberUomCode": 239}, {"memberId": 16, "parentMemberId": 2, "memberNameEn": "Metal and non-metallic mineral products", "memberNameFr": "Produits en m\u00e9tal et produits min\u00e9raux non m\u00e9talliques", "classificationCode": "C14", "classificationTypeCode": "44", "geoLevel": null, "vintage": null, "terminated": 0, "memberUomCode": 239}, {"memberId": 17, "parentMemberId": 16, "memberNameEn": "Intermediate metal products", "memberNameFr": "Produits interm\u00e9diaires en m\u00e9tal", "classificationCode": "C141", "classificationTypeCode": "44", "geoLevel": null, "vintage": null, "terminated": 0, "memberUomCode": 239}, {"memberId": 18, "parentMemberId": 16, "memberNameEn": "Fabricated metal products", "memberNameFr": "Produits m\u00e9talliques usin\u00e9s", "classificationCode": "C142", "classificationTypeCode": "44", "geoLevel": null, "vintage": null, "terminated": 0, "memberUomCode": 239}, {"memberId": 19, "parentMemberId": 16, "memberNameEn": "Non-metallic mineral products", "memberNameFr": "Produits min\u00e9raux non m\u00e9talliques", "classificationCode": "C143", "classificationTypeCode": "44", "geoLevel": null, "vintage": null, "terminated": 0, "memberUomCode": 239}, {"memberId": 20, "parentMemberId": 16, "memberNameEn": "Waste and scrap of metal and glass", "memberNameFr": "D\u00e9chets et rebuts de m\u00e9tal et de verre", "classificationCode": "C144", "classificationTypeCode": "44", "geoLevel": null, "vintage": null, "terminated": 0, "memberUomCode": 239}, {"memberId": 21, "parentMemberId": 2, "memberNameEn": "Basic and industrial chemical, plastic and rubber products", "memberNameFr": "Produits chimiques de base et industriels, produits en plastique et en caoutchouc", "classificationCode": "C15", "classificationTypeCode": "44", "geoLevel": null, "vintage": null, "terminated": 0, "memberUomCode": 239}, {"memberId": 22, "parentMemberId": 21, "memberNameEn": "Basic chemicals and industrial chemical products", "memberNameFr": "Produits chimiques de base et produits chimiques industriels", "classificationCode": "C151", "classificationTypeCode": "44", "geoLevel": null, "vintage": null, "terminated": 0, "memberUomCode": 239}, {"memberId": 23, "parentMemberId": 21, "memberNameEn": "Plastic and rubber products", "memberNameFr": "Produits en plastique et en caoutchouc", "classificationCode": "C152", "classificationTypeCode": "44", "geoLevel": null, "vintage": null, "terminated": 0, "memberUomCode": 239}, {"memberId": 24, "parentMemberId": 21, "memberNameEn": "Waste and scrap of plastic and rubber", "memberNameFr": "D\u00e9chets et rebuts de plastique et de caoutchouc", "classificationCode": "C153", "classificationTypeCode": "44", "geoLevel": null, "vintage": null, "terminated": 0, "memberUomCode": 239}, {"memberId": 25, "parentMemberId": 2, "memberNameEn": "Forestry products and building and packaging materials", "memberNameFr": "Produits forestiers et mat\u00e9riaux de construction et d'emballage", "classificationCode": "C16", "classificationTypeCode": "44", "geoLevel": null, "vintage": null, "terminated": 0, "memberUomCode": 239}, {"memberId": 26, "parentMemberId": 25, "memberNameEn": "Logs, pulpwood and other forestry products", "memberNameFr": "Billes, bois \u00e0 p\u00e2te et autres produits forestiers", "classificationCode": "C161", "classificationTypeCode": "44", "geoLevel": null, "vintage": null, "terminated": 0, "memberUomCode": 239}, {"memberId": 27, "parentMemberId": 25, "memberNameEn": "Pulp and paper", "memberNameFr": "P\u00e2tes et papiers", "classificationCode": "C162", "classificationTypeCode": "44", "geoLevel": null, "vintage": null, "terminated": 0, "memberUomCode": 239}, {"memberId": 28, "parentMemberId": 25, "memberNameEn": "Building and packaging materials", "memberNameFr": "Mat\u00e9riaux de construction et d'emballage", "classificationCode": "C163", "classificationTypeCode": "44", "geoLevel": null, "vintage": null, "terminated": 0, "memberUomCode": 239}, {"memberId": 29, "parentMemberId": 25, "memberNameEn": "Waste and scrap of wood, wood by-products, paper and paperboard", "memberNameFr": "D\u00e9chets et rebuts de bois, de sous-produits du bois, de papier et de carton", "classificationCode": "C164", "classificationTypeCode": "44", "geoLevel": null, "vintage": null, "terminated": 0, "memberUomCode": 239}, {"memberId": 30, "parentMemberId": 2, "memberNameEn": "Industrial machinery, equipment and parts", "memberNameFr": "Machines, mat\u00e9riel et pi\u00e8ces industriels", "classificationCode": "C17", "classificationTypeCode": "44", "geoLevel": null, "vintage": null, "terminated": 0, "memberUomCode": 239}, {"memberId": 31, "parentMemberId": 30, "memberNameEn": "Industrial machinery, equipment and parts", "memberNameFr": "Machines, mat\u00e9riel et pi\u00e8ces industriels", "classificationCode": "C171", "classificationTypeCode": "44", "geoLevel": null, "vintage": null, "terminated": 0, "memberUomCode": 239}, {"memberId": 32, "parentMemberId": 2, "memberNameEn": "Electronic and electrical equipment and parts", "memberNameFr": "Mat\u00e9riel et pi\u00e8ces \u00e9lectroniques et \u00e9lectriques", "classificationCode": "C18", "classificationTypeCode": "44", "geoLevel": null, "vintage": null, "terminated": 0, "memberUomCode": 239}, {"memberId": 33, "parentMemberId": 32, "memberNameEn": "Computers and computer peripherals", "memberNameFr": "Ordinateurs et p\u00e9riph\u00e9riques", "classificationCode": "C181", "classificationTypeCode": "44", "geoLevel": null, "vintage": null, "terminated": 0, "memberUomCode": 239}, {"memberId": 34, "parentMemberId": 32, "memberNameEn": "Communication, and audio and video equipment", "memberNameFr": "Appareils de communication et appareils d'audio et de vid\u00e9o", "classificationCode": "C182", "classificationTypeCode": "44", "geoLevel": null, "vintage": null, "terminated": 0, "memberUomCode": 239}, {"memberId": 35, "parentMemberId": 32, "memberNameEn": "Other electronic and electrical machinery, equipment and parts", "memberNameFr": "Autres appareils, mat\u00e9riel et pi\u00e8ces \u00e9lectroniques et \u00e9lectriques", "classificationCode": "C183", "classificationTypeCode": "44", "geoLevel": null, "vintage": null, "terminated": 0, "memberUomCode": 239}, {"memberId": 36, "parentMemberId": 2, "memberNameEn": "Motor vehicles and parts", "memberNameFr": "V\u00e9hicules automobiles et pi\u00e8ces pour v\u00e9hicule automobile", "classificationCode": "C19", "classificationTypeCode": "44", "geoLevel": null, "vintage": null, "terminated": 0, "memberUomCode": 239}, {"memberId": 37, "parentMemberId": 36, "memberNameEn": "Passenger cars and light trucks", "memberNameFr": "Voitures automobiles et camions l\u00e9gers", "classificationCode": "C191", "classificationTypeCode": "44", "geoLevel": null, "vintage": null, "terminated": 0, "memberUomCode": 239}, {"memberId": 38, "parentMemberId": 36, "memberNameEn": "Medium and heavy trucks, buses, and other motor vehicles", "memberNameFr": "Camions de poids moyen et de gros tonnage, autobus et autocars, et autres v\u00e9hicules automobiles", "classificationCode": "C192", "classificationTypeCode": "44", "geoLevel": null, "vintage": null, "terminated": 0, "memberUomCode": 239}, {"memberId": 39, "parentMemberId": 36, "memberNameEn": "Tires; motor vehicle engines and motor vehicle parts", "memberNameFr": "Pneus, moteurs et pi\u00e8ces de v\u00e9hicules automobiles", "classificationCode": "C193", "classificationTypeCode": "44", "geoLevel": null, "vintage": null, "terminated": 0, "memberUomCode": 239}, {"memberId": 40, "parentMemberId": 2, "memberNameEn": "Aircraft and other transportation equipment and parts", "memberNameFr": "A\u00e9ronefs et autres mat\u00e9riel et pi\u00e8ces de transport", "classificationCode": "C21", "classificationTypeCode": "44", "geoLevel": null, "vintage": null, "terminated": 0, "memberUomCode": 239}, {"memberId": 41, "parentMemberId": 40, "memberNameEn": "Aircraft, aircraft engines and aircraft parts", "memberNameFr": "A\u00e9ronefs, moteurs et pi\u00e8ces d'a\u00e9ronefs", "classificationCode": "C211", "classificationTypeCode": "44", "geoLevel": null, "vintage": null, "terminated": 0, "memberUomCode": 239}, {"memberId": 42, "parentMemberId": 40, "memberNameEn": "Other transportation equipment and parts", "memberNameFr": "Autres mat\u00e9riel de transport et pi\u00e8ces", "classificationCode": "C212", "classificationTypeCode": "44", "geoLevel": null, "vintage": null, "terminated": 0, "memberUomCode": 239}, {"memberId": 43, "parentMemberId": 2, "memberNameEn": "Consumer goods", "memberNameFr": "Biens de consommation", "classificationCode": "C22", "classificationTypeCode": "44", "geoLevel": null, "vintage": null, "terminated": 0, "memberUomCode": 239}, {"memberId": 44, "parentMemberId": 43, "memberNameEn": "Food, beverage and tobacco products", "memberNameFr": "Aliments, boissons et produits du tabac", "classificationCode": "C221", "classificationTypeCode": "44", "geoLevel": null, "vintage": null, "terminated": 0, "memberUomCode": 239}, {"memberId": 45, "parentMemberId": 43, "memberNameEn": "Clothing, footwear and textile products", "memberNameFr": "V\u00eatements, chaussures et produits textiles", "classificationCode": "C222", "classificationTypeCode": "44", "geoLevel": null, "vintage": null, "terminated": 0, "memberUomCode": 239}, {"memberId": 46, "parentMemberId": 43, "memberNameEn": "Paper and published products", "memberNameFr": "Produits du papier et produits publi\u00e9s", "classificationCode": "C223", "classificationTypeCode": "44", "geoLevel": null, "vintage": null, "terminated": 0, "memberUomCode": 239}, {"memberId": 47, "parentMemberId": 43, "memberNameEn": "Pharmaceutical and medicinal products", "memberNameFr": "Produits pharmaceutiques et m\u00e9dicinaux", "classificationCode": "C224", "classificationTypeCode": "44", "geoLevel": null, "vintage": null, "terminated": 0, "memberUomCode": 239}, {"memberId": 48, "parentMemberId": 43, "memberNameEn": "Furniture and fixtures", "memberNameFr": "Meubles et accessoires d'ameublement", "classificationCode": "C225", "classificationTypeCode": "44", "geoLevel": null, "vintage": null, "terminated": 0, "memberUomCode": 239}, {"memberId": 49, "parentMemberId": 43, "memberNameEn": "Cleaning products, appliances, and miscellaneous goods and supplies", "memberNameFr": "Produits nettoyants, appareils \u00e9lectrom\u00e9nagers, et biens et fournitures divers", "classificationCode": "C226", "classificationTypeCode": "44", "geoLevel": null, "vintage": null, "terminated": 0, "memberUomCode": 239}, {"memberId": 50, "parentMemberId": 2, "memberNameEn": "Special transactions trade", "memberNameFr": "Transactions sp\u00e9ciales commerciales", "classificationCode": "C23", "classificationTypeCode": "44", "geoLevel": null, "vintage": null, "terminated": 0, "memberUomCode": 239}, {"memberId": 51, "parentMemberId": 50, "memberNameEn": "Special transactions trade", "memberNameFr": "Transactions sp\u00e9ciales commerciales", "classificationCode": "C231", "classificationTypeCode": "44", "geoLevel": null, "vintage": null, "terminated": 0, "memberUomCode": 239}, {"memberId": 52, "parentMemberId": 2, "memberNameEn": "Other balance of payments adjustments", "memberNameFr": "Autres ajustements de la balance des paiements", "classificationCode": "C24", "classificationTypeCode": "44", "geoLevel": null, "vintage": null, "terminated": 0, "memberUomCode": 239}, {"memberId": 53, "parentMemberId": 52, "memberNameEn": "Other balance of payments adjustments", "memberNameFr": "Autres ajustements de la balance des paiements", "classificationCode": "C241", "classificationTypeCode": "44", "geoLevel": null, "vintage": null, "terminated": 0, "memberUomCode": 239}, {"memberId": 54, "parentMemberId": 1, "memberNameEn": "Total services", "memberNameFr": "Total des services", "classificationCode": null, "classificationTypeCode": null, "geoLevel": null, "vintage": null, "terminated": 0, "memberUomCode": 239}, {"memberId": 55, "parentMemberId": 54, "memberNameEn": "Travel services", "memberNameFr": "Services de voyages", "classificationCode": null, "classificationTypeCode": null, "geoLevel": null, "vintage": null, "terminated": 0, "memberUomCode": 239}, {"memberId": 56, "parentMemberId": 54, "memberNameEn": "Transportation services", "memberNameFr": "Services de transports", "classificationCode": null, "classificationTypeCode": null, "geoLevel": null, "vintage": null, "terminated": 0, "memberUomCode": 239}, {"memberId": 57, "parentMemberId": 54, "memberNameEn": "Commercial services", "memberNameFr": "Services commerciaux", "classificationCode": null, "classificationTypeCode": null, "geoLevel": null, "vintage": null, "terminated": 0, "memberUomCode": 239}, {"memberId": 58, "parentMemberId": 54, "memberNameEn": "General governments services", "memberNameFr": "Services des administrations publiques g\u00e9n\u00e9rales", "classificationCode": null, "classificationTypeCode": null, "geoLevel": null, "vintage": null, "terminated": 0, "memberUomCode": 239}]}]